subject,t_from_onset_s,slope_uv_per_deg,r
S1,-0.4,-0.08490830169402645,-0.8036396250662682
S1,-0.36,-0.22039569721559693,-0.9391905957307807
S1,-0.32,-0.4108834910892955,-0.9791368792090209
S1,-0.28,-0.6146899003732336,-0.9918269891093567
S1,-0.24,-0.7834637897463034,-0.9956630111947686
S1,-0.2,-0.8825045027600629,-0.9954446446348245
S1,-0.16,-0.9042222208428308,-0.9928056299822277
S1,-0.12,-0.8676103178515351,-0.9889381308009539
S1,-0.08,-0.8033349435405409,-0.9850531695469175
S1,-0.04,-0.7358519233571131,-0.9818208344983502
S1,0.0,-0.6752276369644002,-0.978903120227322
S1,0.04,-0.6204901988569962,-0.9753727649841084
S1,0.08,-0.5673515660729577,-0.9703403753428421
S1,0.12,-0.5133108454469291,-0.9632135133429285
S1,0.16,-0.45846700415435593,-0.9537979393293299
S1,0.2,-0.4040729987398424,-0.941774877033484
S1,0.24,-0.3510944397422392,-0.9255689420317359
S1,0.28,-0.29984794749465155,-0.9020781789361383
S1,0.32,-0.2504373475646916,-0.866606198112728
S1,0.36,-0.20305861073530845,-0.8102117112480107
S1,0.4,-0.15800669194178735,-0.7180886656598572
S1,0.44,-0.1157412602659419,-0.5806500952092006
S1,0.48,-0.07690226319359726,-0.41032784473849804
S1,0.52,-0.04211329163237252,-0.2329292536932785
S1,0.56,-0.011677804180248361,-0.06612020757421166
S1,0.6,0.01476152714041347,0.08495252108855217
S1,0.64,0.03835297282370941,0.22233026339577694
S1,0.68,0.060602750097909504,0.3480081618449805
S1,0.72,0.08259387132392294,0.4580466838688151
S1,0.76,0.10438938539126841,0.5436755507973933
S1,0.8,0.12507879624039425,0.5988568963385461
S1,0.84,0.14349090128124806,0.6273827012953698
S1,0.88,0.15901109968582736,0.6422383101009949
S1,0.92,0.171818221817767,0.6571735874966946
S1,0.96,0.18267388897599043,0.6794289856475351
S1,1.0,0.19286944087693356,0.7083891738210987
S1,1.04,0.20403409480977278,0.7384228528832203
S1,1.08,0.2171601966596919,0.7640805582945068
S1,1.12,0.23153451720161747,0.7836662454617407
S1,1.16,0.24464967925133718,0.7971155201313521
S1,1.2,0.2530895270443678,0.802707392798278
S1,1.24,0.2542279299640904,0.7982211850083368
S1,1.28,0.24820835678421055,0.784776663378405
S1,1.32,0.2383745708065941,0.7679088702574947
S1,1.36,0.2291807515500273,0.7540754189000771
S1,1.4,0.22348553520484712,0.7470520887650864
S1,1.44,0.2215410947887355,0.7482580444661618
S1,1.48,0.2218518858056556,0.7580932036319401
S1,1.52,0.22263394668280137,0.774855980092575
S1,1.56,0.2229657601882039,0.7943938894705231
S1,1.6,0.22316635863121362,0.8125885335286018
S1,1.64,0.22412638595156945,0.8273741213177169
S1,1.68,0.22615667559879918,0.8377361663241183
S1,1.72,0.2286686734489732,0.8423489413509557
S1,1.76,0.23099232467194575,0.8401235104636742
S1,1.8,0.23311673161504254,0.8312525056045923
S1,1.84,0.23538064565169642,0.8171617534445783
S1,1.88,0.23758634811502885,0.7987075779388947
S1,1.92,0.2385667161541623,0.7744162072145223
S1,1.96,0.23648912559227497,0.742973088123735
S1,2.0,0.22961201389651612,0.7077707651812317
S1,2.04,0.2173270337124466,0.6761367568497301
S1,2.08,0.2010477581181689,0.6545509227227244
S1,2.12,0.18399978134370187,0.6455695181255213
S1,2.16,0.16996229260627352,0.6475554381752162
S1,2.2,0.16202891952304657,0.6580574462950701
S1,2.24,0.16162811055612183,0.677175007580831
S1,2.28,0.16758697940642328,0.7025345776094145
S1,2.32,0.17614296951168115,0.7251760830669098
S1,2.36,0.1825679355671215,0.7360283845509028
S1,2.4,0.1834218938475518,0.7317854789504346
S1,2.44,0.17806723643572164,0.7144901458165199
S1,2.48,0.16866211622700236,0.6896279181248532
S1,2.52,0.15884440121789423,0.6667143495549727
S1,2.56,0.15197383829417588,0.6592510307162104
S1,2.6,0.14952258534357316,0.6770212572280565
S1,2.64,0.15020669508391812,0.7152751283595339
S1,2.68,0.15065582884557535,0.7546387540254549
S1,2.72,0.14734519845685662,0.7763186441012558
S1,2.76,0.13845514142864906,0.7747142379325205
S1,2.8,0.12474595774575795,0.75277793762551
S1,2.84,0.1091164850393684,0.7128733610561558
S1,2.88,0.0950465118853101,0.6564787229631724
S1,2.92,0.08503061664651403,0.5941292212405624
S1,2.96,0.07985828049195325,0.5456608726770588
S1,3.0,0.07859945979802715,0.5217250288626962
S1,3.04,0.07910007422823287,0.5173091122492105
S1,3.08,0.0789320972653025,0.5209484324499214
S1,3.12,0.07616979951675136,0.5218010943869698
S1,3.16,0.06940267000918211,0.5089064861075854
S1,3.2,0.05756726802393078,0.4670208852314729
S1,3.24,0.040530596838604466,0.3729412854229699
S1,3.28,0.019998958087910402,0.20395144846434932
S1,3.32,-0.0006731684121434057,-0.006900352800101706
S1,3.36,-0.01785229432605499,-0.16900924502086545
S1,3.4,-0.02896992176718613,-0.2532870742126673
S1,3.44,-0.03329232107379905,-0.2806461446273183
S1,3.48,-0.032173358116716504,-0.27042143640747623
S1,3.52,-0.028417209287315427,-0.23729901039451556
S1,3.56,-0.024711206663224454,-0.19847349059742653
S1,3.6,-0.02236640050132392,-0.1688831870931104
S1,3.64,-0.02132772540248275,-0.15231250441272554
S1,3.68,-0.020888294564289266,-0.1442443108856286
S1,3.72,-0.020366039264004304,-0.1389237853030412
S1,3.76,-0.019725301774482416,-0.13459815255174734
S1,3.8,-0.01982463461422863,-0.1353940306904505
S1,3.84,-0.02201264562590967,-0.14842660279261374
S1,3.88,-0.027416993703525447,-0.17859804091072923
S1,3.92,-0.0364508428882588,-0.2259724870506682
S1,3.96,-0.04868962213823763,-0.2866300467879809
S1,4.0,-0.06291081921735484,-0.35251718277559463
S1,4.04,-0.07699834374169282,-0.41098412613081525
S1,4.08,-0.0880835039856406,-0.4502124532496462
S1,4.12,-0.0933526880268487,-0.4644991393168856
S1,4.16,-0.09114504287844294,-0.4521608188282429
S1,4.2,-0.08186006860429189,-0.41314292114643364
S1,4.24,-0.06826107273855322,-0.3525148080632422
S1,4.28,-0.05466921435002904,-0.28606884488273265
S1,4.32,-0.045282830274618234,-0.2365927736208619
S1,4.36,-0.0425575235777786,-0.2198257142357537
S1,4.4,-0.04632248900600402,-0.23562104555274538
S1,4.44,-0.054112830006498004,-0.27164778584916444
S1,4.48,-0.06254950157203583,-0.31328747461018497
S1,4.52,-0.06872698370943467,-0.3497590423851954
S1,4.56,-0.07100984472297522,-0.37370795527989786
S1,4.6,-0.06946084387948359,-0.3804921244013296
S1,4.64,-0.0657851724772995,-0.37107769398535867
S1,4.68,-0.06247431831870092,-0.35515810671474213
S1,4.72,-0.06146831191232629,-0.34695695229923545
S1,4.76,-0.06325249231525039,-0.3554352151316761
S1,4.8,-0.06695178031950944,-0.38018474285176096
S1,4.84,-0.07102269443518372,-0.4140631944010499
S1,4.88,-0.07394857616048961,-0.4475996874068061
S1,4.92,-0.07484873741688038,-0.4736131797682712
S1,4.96,-0.07405167481994798,-0.490298224475588
S1,5.0,-0.07342187288385964,-0.5027388337857535
S1,5.04,-0.07609435087525326,-0.5240271139311905
S1,5.08,-0.08518132528727039,-0.5651263482579817
S1,5.12,-0.10090574751899722,-0.6123089757727239
S1,5.16,-0.11676266124938396,-0.6301056195265111
S1,5.2,-0.11814624532537539,-0.584572946251658
S1,5.24,-0.08759677638366642,-0.42826149930178925
S1,5.28,-0.014923751947523095,-0.07464835149504184
S1,5.32,0.09541405414918551,0.42332409251487635
S1,5.36,0.22488706313611084,0.7410315633966701
S2,-0.4,-0.36581332445253234,-0.9333358864412797
S2,-0.36,-0.70953613431516,-0.966872170611695
S2,-0.32,-1.1222974119606637,-0.9818823464788515
S2,-0.28,-1.5130732790152104,-0.9883132232390015
S2,-0.24,-1.791311904425757,-0.991008716305771
S2,-0.2,-1.9053535590994592,-0.9918351497086428
S2,-0.16,-1.8641677092958295,-0.9915099175538263
S2,-0.12,-1.7242749250790383,-0.9903806650315807
S2,-0.08,-1.5503804996227846,-0.9886257216062879
S2,-0.04,-1.3829944906638536,-0.9860663010978683
S2,0.0,-1.232569993222911,-0.9819860140470299
S2,0.04,-1.0930111510921319,-0.9753599686147922
S2,0.08,-0.9572796875466835,-0.9650415884964403
S2,0.12,-0.8246807746782099,-0.949446830490368
S2,0.16,-0.6999517632735933,-0.9260354836773532
S2,0.2,-0.5891016061292701,-0.8916029048140521
S2,0.24,-0.4959899971369035,-0.8448407315406531
S2,0.28,-0.42099858335457085,-0.7894827962548947
S2,0.32,-0.36146640970503874,-0.7324899552867092
S2,0.36,-0.3131702126033958,-0.6781679621251762
S2,0.4,-0.2719867328072496,-0.6258159161923511
S2,0.44,-0.23498976660548018,-0.5721489972447693
S2,0.48,-0.20098190138610736,-0.5150381625967384
S2,0.52,-0.17065140434483927,-0.4566201444865752
S2,0.56,-0.14582932729190176,-0.4035141482113589
S2,0.6,-0.12788080475013497,-0.3627242798999117
S2,0.64,-0.11625837815941112,-0.3359808452220385
S2,0.68,-0.10774648276839575,-0.3161706901504565
S2,0.72,-0.09716327671862163,-0.2890551115010889
S2,0.76,-0.0799485656119501,-0.24088519614178833
S2,0.8,-0.05479059455778003,-0.16676325098509814
S2,0.84,-0.023986847398894055,-0.0734635583268087
S2,0.88,0.00815355511258958,0.025080183204173365
S2,0.92,0.03732290990660688,0.11547643726586429
S2,0.96,0.06080553613332992,0.18950081183028045
S2,1.0,0.07831185993489263,0.24486687275247587
S2,1.04,0.09174385367533522,0.28452041138838124
S2,1.08,0.10395740290949797,0.3149077635031887
S2,1.12,0.11730575931031147,0.3430211226142953
S2,1.16,0.13260060532706294,0.3728392715071477
S2,1.2,0.14891886526260328,0.4036439267074559
S2,1.24,0.16424798889474101,0.4310845675452852
S2,1.28,0.17639121237450825,0.44972132267978543
S2,1.32,0.1840469249273123,0.4564836531672584
S2,1.36,0.18793003615720352,0.4535802383093319
S2,1.4,0.1906628649187556,0.44783651737171093
S2,1.44,0.19515847666018843,0.44684329025136116
S2,1.48,0.20324382326617232,0.45579739007242487
S2,1.52,0.21511947989250826,0.4759205625797514
S2,1.56,0.2289574734317035,0.5035133556832212
S2,1.6,0.24102477535676473,0.5309029573465633
S2,1.64,0.24714706508106346,0.5498126782419827
S2,1.68,0.24476371065277855,0.5543776060567074
S2,1.72,0.2342199643898535,0.5423119698059367
S2,1.76,0.2189263074326188,0.5158069273770147
S2,1.8,0.20422419832368205,0.4824414831702395
S2,1.84,0.19500376717446052,0.4529320046624098
S2,1.88,0.19335621439840106,0.4346649032865526
S2,1.92,0.1978135509466497,0.42758171844355647
S2,1.96,0.20468491203808933,0.42691157116683365
S2,2.0,0.21051260047592243,0.4280738420648661
S2,2.04,0.21366005800584917,0.428733763471667
S2,2.08,0.21405498046967816,0.4284299823232167
S2,2.12,0.21209093865585352,0.4278297868528443
S2,2.16,0.20776999886991038,0.4275279122630204
S2,2.2,0.20076029252375427,0.42731156907048456
S2,2.24,0.19122897406284617,0.42689233226482104
S2,2.28,0.17996241269674107,0.4256898742943506
S2,2.32,0.1674364541036044,0.4207692492813461
S2,2.36,0.1535249239525263,0.40714150324190274
S2,2.4,0.13841221952713703,0.3822268358634236
S2,2.44,0.12334945467000237,0.3492404788176592
S2,2.48,0.11047511657845392,0.3162335811711301
S2,2.52,0.10204140325495953,0.2927728820140467
S2,2.56,0.0991251316937333,0.2847609511943844
S2,2.6,0.10033282142421504,0.2898489263949233
S2,2.64,0.10207830730595138,0.2983312650167729
S2,2.68,0.10048510169790975,0.2983975536380995
S2,2.72,0.0930604056708499,0.2804525954603424
S2,2.76,0.0793603092102264,0.24049258696762402
S2,2.8,0.060947899789193384,0.18306527247629314
S2,2.84,0.04035645833234745,0.11860801803901899
S2,2.88,0.01961081015441207,0.05609612185925
S2,2.92,-2.0101376763263426e-05,-5.619191057301687e-05
S2,2.96,-0.01708640280453623,-0.047131975578265206
S2,3.0,-0.029818210990269108,-0.08179444205187916
S2,3.04,-0.03741788453237394,-0.10197985125524286
S2,3.08,-0.04109441990634671,-0.11014904152049962
S2,3.12,-0.04350052053508046,-0.11327375808187742
S2,3.16,-0.047241220303462575,-0.11885544914025373
S2,3.2,-0.053928703582997846,-0.13146605572429926
S2,3.24,-0.06401466003637583,-0.15210450905356865
S2,3.28,-0.07671235520471198,-0.17849878029905283
S2,3.32,-0.09018598954113731,-0.20627946566821465
S2,3.36,-0.10265832447429715,-0.23205918254721875
S2,3.4,-0.11346156965111065,-0.25559598304543973
S2,3.44,-0.12265636741787868,-0.27823818107571946
S2,3.48,-0.12992690034761922,-0.29965601184642304
S2,3.52,-0.13425863206410465,-0.3165279114505667
S2,3.56,-0.13454429305513996,-0.32444872305215666
S2,3.6,-0.13067846546021547,-0.32174454994140333
S2,3.64,-0.12472521442674737,-0.31253163970677045
S2,3.68,-0.12122966436203396,-0.30738703012947466
S2,3.72,-0.12561594070925805,-0.3197103870223897
S2,3.76,-0.14092980348149498,-0.3570397760847439
S2,3.8,-0.16516804143678385,-0.41399442722434904
S2,3.84,-0.19135262223095753,-0.4751160148515699
S2,3.88,-0.21042703293613957,-0.5248891328458022
S2,3.92,-0.21572330884313592,-0.5546320193863579
S2,3.96,-0.2066742159119821,-0.5627865111866703
S2,4.0,-0.189091639227886,-0.5533533861065449
S2,4.04,-0.17172159908737342,-0.5355247100358544
S2,4.08,-0.16185596060569424,-0.5218905128837266
S2,4.12,-0.16267719099314976,-0.5212311530459671
S2,4.16,-0.1730707480726634,-0.5321182526381381
S2,4.2,-0.18928978540716448,-0.5475272625712956
S2,4.24,-0.2070785391996885,-0.5632529146647283
S2,4.28,-0.22300028059667715,-0.5790047712120501
S2,4.32,-0.23480003389536416,-0.5946541547770088
S2,4.36,-0.24133243991741682,-0.6075578996534668
S2,4.4,-0.2425936039996454,-0.6131914988868274
S2,4.44,-0.24023815773710686,-0.6091908826828969
S2,4.48,-0.23770976791580525,-0.5992887559061866
S2,4.52,-0.2389003223079919,-0.5918702828957176
S2,4.56,-0.24620041039172122,-0.5935845270353025
S2,4.6,-0.2593271686288595,-0.6048829427349698
S2,4.64,-0.27522552782052717,-0.6210937592717867
S2,4.68,-0.28926692550714334,-0.6363736881409862
S2,4.72,-0.2975007220088066,-0.6467085262164677
S2,4.76,-0.29837111596609317,-0.6504807305275029
S2,4.8,-0.29301540391273256,-0.6476314692600577
S2,4.84,-0.2843282779531746,-0.6389173391024765
S2,4.88,-0.27471004615322003,-0.6250038285376347
S2,4.92,-0.26398730452231,-0.6053587802490197
S2,4.96,-0.2508073161820886,-0.5801189846406414
S2,5.0,-0.23770227103039032,-0.5563579452194536
S2,5.04,-0.23485753824689795,-0.5529006408794663
S2,5.08,-0.2561833337964085,-0.5900627555538118
S2,5.12,-0.30413702329134223,-0.6570342689070576
S2,5.16,-0.3494285802836992,-0.700854596772835
S2,5.2,-0.32483844490534053,-0.6474488061322967
S2,5.24,-0.1509781755656035,-0.32223811780017125
S2,5.28,0.2151735981673488,0.3704685733726857
S2,5.32,0.7450578286516544,0.753918105531957
S2,5.36,1.344955863567763,0.8747823531512948
S3,-0.4,-0.21592213468994664,-0.5764732370020448
S3,-0.36,-0.4391631644098412,-0.6638049394885073
S3,-0.32,-0.7506026141377584,-0.7210979665469845
S3,-0.28,-1.1209210366225735,-0.7648157044075696
S3,-0.24,-1.4980260175949205,-0.7987351893303694
S3,-0.2,-1.825176708609295,-0.8218825053681305
S3,-0.16,-2.062588687322534,-0.8336851708772242
S3,-0.12,-2.199509237288289,-0.8354136961684915
S3,-0.08,-2.2491955424900225,-0.8298081798726356
S3,-0.04,-2.2340048664493954,-0.8198962279856368
S3,0.0,-2.1733488757843578,-0.8076554978531458
S3,0.04,-2.080049896321378,-0.7933892088186902
S3,0.08,-1.962751609835594,-0.7762102491997229
S3,0.12,-1.8293122116700047,-0.7551098209105569
S3,0.16,-1.6878541527239697,-0.7297211868502969
S3,0.2,-1.5454089896941408,-0.700361870082796
S3,0.24,-1.4059358697634599,-0.66749518659851
S3,0.28,-1.269743807364773,-0.6310670599492167
S3,0.32,-1.1351649841216829,-0.5903444191882675
S3,0.36,-1.0011444436667167,-0.5444903994856238
S3,0.4,-0.8688956457607875,-0.49344142039022865
S3,0.44,-0.7419946415047373,-0.4385105985963498
S3,0.48,-0.6246994741195783,-0.38218601426264753
S3,0.52,-0.5190615154657813,-0.32676325194315525
S3,0.56,-0.42329765101599126,-0.27279559908451834
S3,0.6,-0.3332496456953893,-0.21913238173553917
S3,0.64,-0.24550277701569048,-0.16451691004192148
S3,0.68,-0.15959567409327324,-0.10905754208582918
S3,0.72,-0.07829524227913816,-0.05463815302140762
S3,0.76,-0.00616399028374305,-0.004397360038722764
S3,0.8,0.05311352805426903,0.03871466163035922
S3,0.84,0.0993991181417104,0.0738213291658178
S3,0.88,0.13658755577844767,0.10281678406606518
S3,0.92,0.17049422471405357,0.12919017499806754
S3,0.96,0.20643952921996542,0.15636443937877265
S3,1.0,0.24790847213074405,0.18661381026610463
S3,1.04,0.2954441037979339,0.22011275966661173
S3,1.08,0.3457212171888758,0.2541439468198227
S3,1.12,0.3918583108559356,0.2834063283071459
S3,1.16,0.42551070551182746,0.30201978432164944
S3,1.2,0.44045092797937097,0.3064610624214888
S3,1.24,0.4362722513879783,0.2976808220531696
S3,1.28,0.4203046017360929,0.281654825162011
S3,1.32,0.40623994743430847,0.2682865449414104
S3,1.36,0.40892462846924027,0.26799735936583124
S3,1.4,0.437071012878653,0.2868499728778675
S3,1.44,0.48819087763124447,0.3228932357982167
S3,1.48,0.5489016249234876,0.3654667466443525
S3,1.52,0.6002486531054099,0.39887664705201853
S3,1.56,0.6258899549629863,0.4103541349583297
S3,1.6,0.6202097800524813,0.3972578282889077
S3,1.64,0.5918403761036911,0.3681161068034904
S3,1.68,0.5588254917619013,0.3369687825367452
S3,1.72,0.5376288862622757,0.3148986780420546
S3,1.76,0.5335047410377616,0.3046885173619903
S3,1.8,0.5383717868435509,0.3012614309035511
S3,1.84,0.5370062463470887,0.2962179319397722
S3,1.88,0.5176414622676275,0.28332037087849116
S3,1.92,0.4804944030787384,0.262258703088003
S3,1.96,0.4387404784473707,0.23916719888344418
S3,2.0,0.41084580197723264,0.22316000564616803
S3,2.04,0.4090629561815768,0.22037318368771858
S3,2.08,0.4324300284627415,0.23016581166295888
S3,2.12,0.4692552208417511,0.2467660685271626
S3,2.16,0.5059924581730916,0.26418845603313956
S3,2.2,0.5349167728178582,0.27976356458833596
S3,2.24,0.5553802204958561,0.2938697612627995
S3,2.28,0.5696745767751796,0.30715504421546247
S3,2.32,0.5777464427463931,0.31778426546657107
S3,2.36,0.5741212246443331,0.3201496178783922
S3,2.4,0.5492119753541576,0.3063868265142392
S3,2.44,0.49498769490945,0.2717376531026799
S3,2.48,0.4107341388224895,0.21945388381244035
S3,2.52,0.30468926890985776,0.15869614411348748
S3,2.56,0.19126685923247627,0.09842770297098191
S3,2.6,0.08544523013237869,0.0442520645360959
S3,2.64,-0.0033571656514858597,-0.0017774582141595885
S3,2.68,-0.07383244048159793,-0.040201799839154784
S3,2.72,-0.12962828395414616,-0.07192930859882565
S3,2.76,-0.17309173763733085,-0.09577006366847939
S3,2.8,-0.2001156129721089,-0.10805200181999597
S3,2.84,-0.19919509378765174,-0.1039569688293669
S3,2.88,-0.1567553183923723,-0.07933634341234601
S3,2.92,-0.06663940148682727,-0.033079088363630355
S3,2.96,0.06271860745044606,0.030985331875868077
S3,3.0,0.20831731296401904,0.1040813719066094
S3,3.04,0.33969052324351523,0.17455744412235216
S3,3.08,0.42968374072708326,0.23079420725854066
S3,3.12,0.46398447806331794,0.26345922924247556
S3,3.16,0.44552743492845365,0.26803067067063924
S3,3.2,0.39285738357104455,0.24850523774108277
S3,3.24,0.33316727613091107,0.218399326051179
S3,3.28,0.2920352705244814,0.1952280566522902
S3,3.32,0.28397411597678274,0.19121478228331482
S3,3.36,0.30807126062308865,0.20711228204523946
S3,3.4,0.3495239621309486,0.23247335458322366
S3,3.44,0.38566384864784914,0.2520023036871329
S3,3.48,0.39586319332498254,0.25519593836068605
S3,3.52,0.37283284128876737,0.24118891885822338
S3,3.56,0.3283941676254993,0.2173924496233255
S3,3.6,0.28844448197159406,0.1975943918642991
S3,3.64,0.2799109285827553,0.19846414335935264
S3,3.68,0.31730315262718767,0.23097303222371474
S3,3.72,0.39469395500319737,0.2904836164610312
S3,3.76,0.4861363124405182,0.35450785901947784
S3,3.8,0.5557425410790853,0.3950747221105035
S3,3.84,0.573997837999861,0.39603039723214245
S3,3.88,0.5311754348145862,0.3579551020352801
S3,3.92,0.4400987252338898,0.2928922397522241
S3,3.96,0.3287718478370126,0.21838824943008284
S3,4.0,0.2293404236799764,0.15318250009326106
S3,4.04,0.1684012629881268,0.1134925213003303
S3,4.08,0.1599092268754166,0.10878342285216036
S3,4.12,0.2018919274458796,0.13842581041880517
S3,4.16,0.27880451169954656,0.1920912231756366
S3,4.2,0.36874848285930983,0.25446158271906427
S3,4.24,0.45193830241952937,0.3120906082555247
S3,4.28,0.516502464433801,0.35782306762442795
S3,4.32,0.559155860519093,0.38962962302259196
S3,4.36,0.5813945315525754,0.40699425265263145
S3,4.4,0.5847617004399034,0.4093966092805592
S3,4.44,0.5685436144262915,0.39683916200887415
S3,4.48,0.5312236020669381,0.3702791657260831
S3,4.52,0.47459186190526725,0.33220472337753604
S3,4.56,0.40694871767780577,0.2878840413653675
S3,4.6,0.34195745103358344,0.24544738269454666
S3,4.64,0.29358383289913764,0.2136448083846743
S3,4.68,0.27073964508712667,0.198490032864558
S3,4.72,0.274356948002621,0.200472957799452
S3,4.76,0.29741863580908434,0.21394803299256238
S3,4.8,0.32772306384462574,0.22986798708596343
S3,4.84,0.35237174770042545,0.24035533579755386
S3,4.88,0.36196006827566785,0.24160666726532987
S3,4.92,0.35299397311085545,0.2337670288139707
S3,4.96,0.32809259938751734,0.21903745901113614
S3,5.0,0.29477890011292196,0.2002304344229658
S3,5.04,0.26535487716699646,0.18219898481390742
S3,5.08,0.2590690241284526,0.17555284871162055
S3,5.12,0.3026433572239206,0.19588834290405457
S3,5.16,0.4242956260180138,0.2548100238570036
S3,5.2,0.6439190310524753,0.3523262419024065
S3,5.24,0.9668239783412945,0.4782242573686598
S3,5.28,1.38094059455633,0.6150837442079554
S3,5.32,1.8539207228179535,0.739669210178968
S3,5.36,2.3345119710509055,0.8320588372011892
S4,-0.4,-0.1759181754283369,-0.974910737139222
S4,-0.36,-0.35198552175104436,-0.9895451418444844
S4,-0.32,-0.5673083838345945,-0.9948384121618215
S4,-0.28,-0.7715285843358638,-0.9966400182281067
S4,-0.24,-0.9156347226238588,-0.9972647866098152
S4,-0.2,-0.9729448565577702,-0.9974328451003543
S4,-0.16,-0.9500731431830725,-0.9974510256427023
S4,-0.12,-0.879436838924543,-0.9975397962641178
S4,-0.08,-0.7979395647053968,-0.9977211275181864
S4,-0.04,-0.7285702702367786,-0.997616339027787
S4,0.0,-0.6760170098714744,-0.9967070924938036
S4,0.04,-0.6337765814434264,-0.9948934032684555
S4,0.08,-0.5934720917116,-0.992487298043937
S4,0.12,-0.5503437385273436,-0.9896650583019423
S4,0.16,-0.5045243412569654,-0.986149631704988
S4,0.2,-0.45937547461771755,-0.9814936375560184
S4,0.24,-0.4184678887974167,-0.9754982457755363
S4,0.28,-0.3834471353153298,-0.9680412824287634
S4,0.32,-0.353706232550996,-0.958540803267766
S4,0.36,-0.32706354575116614,-0.945859597947478
S4,0.4,-0.3007040454336498,-0.9285284893904713
S4,0.44,-0.27225238021908854,-0.9048519125222093
S4,0.48,-0.24060707457340919,-0.8730613189642022
S4,0.52,-0.20607521288942243,-0.8313120163388805
S4,0.56,-0.16998677751162775,-0.7765931044088923
S4,0.6,-0.1341547759500002,-0.7031016163188903
S4,0.64,-0.10003865683056286,-0.6013302953518873
S4,0.68,-0.06787965743006988,-0.4582060106249925
S4,0.72,-0.03692178938188976,-0.2663431478029834
S4,0.76,-0.006626338966017235,-0.04758322405562554
S4,0.8,0.022518759031992602,0.15181215644235857
S4,0.84,0.04914825716058599,0.30435735606913633
S4,0.88,0.07155160217886711,0.40968035124376945
S4,0.92,0.08844909666334234,0.47541618072004427
S4,0.96,0.09989159657700798,0.5102687933966507
S4,1.0,0.10751757096985826,0.5275832493286969
S4,1.04,0.11355676223210151,0.5429752651268734
S4,1.08,0.11936881616441433,0.5645020821164386
S4,1.12,0.12503357369940366,0.5883323038917111
S4,1.16,0.1301463853951084,0.6055008841136057
S4,1.2,0.13459835992157193,0.6122278258041703
S4,1.24,0.1389254336947606,0.6128017553687981
S4,1.28,0.14436988411572382,0.6149412615936435
S4,1.32,0.15228382084670555,0.6249814527554252
S4,1.36,0.16318392143104554,0.6454570617835065
S4,1.4,0.17640244136067967,0.6743688905066343
S4,1.44,0.19042192803302144,0.7059231200355457
S4,1.48,0.2034196577444746,0.7333262045508486
S4,1.52,0.21387972138487185,0.7523314951110385
S4,1.56,0.22103660637832484,0.7621585991091586
S4,1.6,0.2248224218049864,0.7639618721604728
S4,1.64,0.22565814665820133,0.7599652603110714
S4,1.68,0.22453478544499136,0.7533235215571125
S4,1.72,0.22288982714909286,0.7471414732457163
S4,1.76,0.22187675169423465,0.7433974998693887
S4,1.8,0.22181182171408523,0.7428508475607261
S4,1.84,0.22234973354942097,0.7452374245384289
S4,1.88,0.2227290836188895,0.7493208973292813
S4,1.92,0.22184055636820638,0.7531584616105199
S4,1.96,0.21884029158942817,0.7547850495326901
S4,2.0,0.21408471957039607,0.7534355991941526
S4,2.04,0.20914581815596212,0.7510823740590972
S4,2.08,0.2057287901922701,0.7521077068941502
S4,2.12,0.20455884737524216,0.7596680001138891
S4,2.16,0.2050162791369766,0.7719604768726914
S4,2.2,0.2054697002838588,0.7829828523054013
S4,2.24,0.2039100873015915,0.786876511312071
S4,2.28,0.19870404903239952,0.7801597593200343
S4,2.32,0.1895825304594721,0.761439053335818
S4,2.36,0.17820752607898752,0.7330051484436351
S4,2.4,0.16728206245778215,0.7025894025095539
S4,2.44,0.15879818085583497,0.6794227399747531
S4,2.48,0.15324726118862608,0.6680901362761918
S4,2.52,0.15006012025611767,0.6675959691508417
S4,2.56,0.1480706307844048,0.6735473810873454
S4,2.6,0.14582801775095258,0.679826703353294
S4,2.64,0.1423957991289877,0.6803289184714608
S4,2.68,0.13799818295940774,0.671596668590558
S4,2.72,0.13344563619421604,0.655183319363287
S4,2.76,0.12899425956921307,0.6356572405565806
S4,2.8,0.12398777470299069,0.6149598454330657
S4,2.84,0.11741800111302221,0.5902595144226669
S4,2.88,0.10874645734195477,0.5573469210665931
S4,2.92,0.0984869851563849,0.5152711052959715
S4,2.96,0.08813905795701002,0.4678115601516253
S4,3.0,0.07935717292133454,0.42142479818102707
S4,3.04,0.07287983695063079,0.38130280719971976
S4,3.08,0.06812247714861613,0.3481818790980702
S4,3.12,0.06368426154284579,0.3186666951475692
S4,3.16,0.05816450424479469,0.2879217646102711
S4,3.2,0.050862794972573046,0.25233137876736234
S4,3.24,0.04220390691124122,0.2117620888032484
S4,3.28,0.03333895313625997,0.16966999324958876
S4,3.32,0.025192784024016843,0.13024529470141855
S4,3.36,0.018046498339794246,0.09548302341587889
S4,3.4,0.011855176108449536,0.06504820587058241
S4,3.44,0.006623202883924825,0.03811451187703324
S4,3.48,0.002561243866377326,0.015452849388591816
S4,3.52,-0.00014343541748944232,-0.0008920891484927029
S4,3.56,-0.0018296049653203379,-0.011411958456924165
S4,3.6,-0.0032396114313976115,-0.019784398928521185
S4,3.64,-0.004836295610732416,-0.028598956097604655
S4,3.68,-0.0065749522031401525,-0.03766759128274666
S4,3.72,-0.008126743353036064,-0.0453871632168546
S4,3.76,-0.009110796329494065,-0.04997956915589602
S4,3.8,-0.009591364485376126,-0.052015694986045746
S4,3.84,-0.010574638467616398,-0.056841337266407055
S4,3.88,-0.013634272790607383,-0.07247873838629898
S4,3.92,-0.01981198024157445,-0.10383040842600388
S4,3.96,-0.02879596051454503,-0.14896219144861508
S4,4.0,-0.03918587044121678,-0.20158214394632562
S4,4.04,-0.049503431206810396,-0.2561227194213135
S4,4.08,-0.05888779268327629,-0.30967480111860646
S4,4.12,-0.06702560286551058,-0.360683288137322
S4,4.16,-0.07358336029331872,-0.4065210140115408
S4,4.2,-0.07787833634773694,-0.44136934100886444
S4,4.24,-0.07929741766381948,-0.4576004173850843
S4,4.28,-0.07802427252604711,-0.4526350363564122
S4,4.32,-0.07536981736344457,-0.4345593824691869
S4,4.36,-0.073595025816843,-0.4188942625261576
S4,4.4,-0.07496909324504135,-0.41907831862965994
S4,4.44,-0.08026500584047036,-0.4376525995086131
S4,4.48,-0.08815053556341763,-0.4656584517508898
S4,4.52,-0.09619340726064474,-0.49149373040020505
S4,4.56,-0.10224848132228428,-0.5087634345131247
S4,4.6,-0.10511649389917603,-0.5167286027316447
S4,4.64,-0.10465257928354516,-0.5174694742073129
S4,4.68,-0.10167284014218007,-0.5137684463553073
S4,4.72,-0.0976154926332337,-0.5078900762864652
S4,4.76,-0.09406679779225759,-0.5017473775426864
S4,4.8,-0.09232038129668334,-0.4985913919331942
S4,4.84,-0.0930438558966665,-0.5031666432319417
S4,4.88,-0.09592694449140224,-0.5177403333500403
S4,4.92,-0.09929354871748017,-0.5375257320447967
S4,4.96,-0.10069221571673832,-0.5516652735467955
S4,5.0,-0.09894659765484932,-0.5505724827520345
S4,5.04,-0.09596498149071918,-0.535375785612779
S4,5.08,-0.09563635848793417,-0.5201638724791904
S4,5.12,-0.09895490219437571,-0.513612038621251
S4,5.16,-0.09793979946692989,-0.4932734686880451
S4,5.2,-0.0738724849088242,-0.3898972180972138
S4,5.24,-0.004537894686435657,-0.02718339298859751
S4,5.28,0.12168093307567894,0.6283099387857285
S4,5.32,0.29501885073863815,0.9125313756255204
S4,5.36,0.4863581742244153,0.9707423059168014
S5,-0.4,-0.2032163314076033,-0.9422307030942574
S5,-0.36,-0.4487128894528822,-0.9775076387870091
S5,-0.32,-0.7664732847765628,-0.9847174753220975
S5,-0.28,-1.0837507152917665,-0.9858477781423899
S5,-0.24,-1.3257412204628531,-0.9859554766078149
S5,-0.2,-1.447615532499519,-0.9859625202617579
S5,-0.16,-1.4520001563385825,-0.9859732873162026
S5,-0.12,-1.3804354551858677,-0.986136958293932
S5,-0.08,-1.2837806340052336,-0.9866158291443112
S5,-0.04,-1.1952094949778767,-0.9870959069355882
S5,0.0,-1.1229139724895225,-0.9866391846247745
S5,0.04,-1.0594283735709358,-0.9845350496799699
S5,0.08,-0.9946535770171321,-0.9812347602799354
S5,0.12,-0.9234746396187892,-0.9777855782681719
S5,0.16,-0.8463985700419406,-0.9742780836368599
S5,0.2,-0.7668283126040312,-0.9692881518869423
S5,0.24,-0.6887811848732129,-0.9609308191255101
S5,0.28,-0.6155550237574435,-0.9480039517465793
S5,0.32,-0.5487000491084268,-0.929229704296398
S5,0.36,-0.4879554401816218,-0.9017085328996359
S5,0.4,-0.4323757251478596,-0.8618403252992364
S5,0.44,-0.38121358989090004,-0.8079879987880674
S5,0.48,-0.33386182557301974,-0.7415882404027008
S5,0.52,-0.28976451210729864,-0.6661468563325035
S5,0.56,-0.24893673001084884,-0.5858625374914095
S5,0.6,-0.2120722572218495,-0.5051326830880188
S5,0.64,-0.17944192244916088,-0.42790347448031296
S5,0.68,-0.14977447855105186,-0.35555966148758006
S5,0.72,-0.12046191406160514,-0.28533802272209935
S5,0.76,-0.08878992767099189,-0.2115821862517254
S5,0.8,-0.05334504018220643,-0.1291185151634906
S5,0.84,-0.01504174483317606,-0.03720629519720006
S5,0.88,0.023055996320455716,0.05821808667852775
S5,0.92,0.05736789826608721,0.14659154271384
S5,0.96,0.08586495124572902,0.21921611448983164
S5,1.0,0.1090449792468055,0.27478061880994165
S5,1.04,0.12916201069730562,0.31810095376065967
S5,1.08,0.14849446191916282,0.35463352560275163
S5,1.12,0.16808019287643086,0.38700560946716245
S5,1.16,0.18782940817836544,0.41533910264533924
S5,1.2,0.20744873992828983,0.43913124509105284
S5,1.24,0.2268180246068334,0.45843512578473067
S5,1.28,0.24580782599332435,0.4741999165652059
S5,1.32,0.26427421432277437,0.4881323156841242
S5,1.36,0.2820341618319541,0.5020168447512933
S5,1.4,0.2987410248842993,0.5169216853335186
S5,1.44,0.31427266127564585,0.5330819394732441
S5,1.48,0.3290187180563955,0.5499960428442087
S5,1.52,0.3434527106012489,0.566642428010926
S5,1.56,0.3575491781791853,0.582062161141051
S5,1.6,0.3705098985732712,0.5956815289697475
S5,1.64,0.38097338801020386,0.6072194349028812
S5,1.68,0.38804966960329146,0.6169367274707886
S5,1.72,0.392368993172197,0.6256214425619757
S5,1.76,0.3958791587515821,0.6336799175410776
S5,1.8,0.40071290099518336,0.6408244573518621
S5,1.84,0.40804948143199776,0.6470184279053599
S5,1.88,0.41729479408422027,0.6527488660342282
S5,1.92,0.4260373218526534,0.6580617892485836
S5,1.96,0.4312544898502486,0.6623353037632369
S5,2.0,0.43124092102608064,0.6652608520186333
S5,2.04,0.42672870305950356,0.6674468433401448
S5,2.08,0.42015744365981755,0.6699061472312884
S5,2.12,0.4138946810866196,0.6731878463917029
S5,2.16,0.4089567976401635,0.6769663330055042
S5,2.2,0.40485997957243425,0.6801676298370722
S5,2.24,0.4004507271609399,0.6814320134680562
S5,2.28,0.3950151858529527,0.6798971095209225
S5,2.32,0.38869480542812873,0.6757192586322409
S5,2.36,0.3820127612489431,0.6695658671894071
S5,2.4,0.37513024143092405,0.6615576086784681
S5,2.44,0.3675183049101825,0.6509606102194992
S5,2.48,0.35841500848050933,0.6371102424228192
S5,2.52,0.34781986652789887,0.6208393635155924
S5,2.56,0.3372239993025706,0.6052672661182487
S5,2.6,0.32942759973452523,0.5953483252221106
S5,2.64,0.32726144870409507,0.5958611008900436
S5,2.68,0.33182555709991135,0.6082766750825523
S5,2.72,0.34141195168444033,0.6287404531509881
S5,2.76,0.35211613973276584,0.6498848659829243
S5,2.8,0.3598523907464235,0.6652388488807741
S5,2.84,0.36209678531569306,0.6717694375477063
S5,2.88,0.3582453805430092,0.6693288348343375
S5,2.92,0.349166143275586,0.6592211838463786
S5,2.96,0.3365945449086892,0.6433922613699131
S5,3.0,0.32222627608175824,0.6238500452257836
S5,3.04,0.3070825729341833,0.6022843785348524
S5,3.08,0.2919522048310723,0.5805185170590063
S5,3.12,0.27798884798966805,0.560986662460255
S5,3.16,0.2662832306410429,0.5458739931903848
S5,3.2,0.25722464569395687,0.5358167678927168
S5,3.24,0.25064803801098895,0.5297375521592871
S5,3.28,0.246174268861497,0.5254814571353916
S5,3.32,0.24313725391196508,0.5204034617843819
S5,3.36,0.24048939248345036,0.5122249501103121
S5,3.4,0.23682974869398057,0.4998388789336263
S5,3.44,0.23051862833612652,0.48328877192874065
S5,3.48,0.22019417373504055,0.4633092369120938
S5,3.52,0.20550419624239843,0.44089432166869613
S5,3.56,0.18746966564556244,0.41694926689119516
S5,3.6,0.16823394817496984,0.39240680611973633
S5,3.64,0.1501190659140979,0.3684544867287297
S5,3.68,0.1344772507187056,0.3460478502461961
S5,3.72,0.12138942169126009,0.32544633123425276
S5,3.76,0.11026039770583662,0.3065261629460285
S5,3.8,0.10044610136067708,0.28911565380002796
S5,3.84,0.09144728345791237,0.27276569161125636
S5,3.88,0.08279202833899468,0.2561317115399756
S5,3.92,0.07393986590223092,0.23670789868685072
S5,3.96,0.06445010244336728,0.21200239168092214
S5,4.0,0.05433565444502893,0.1817698045396085
S5,4.04,0.04436525143309692,0.149424365491356
S5,4.08,0.035916636257927646,0.12098431528611658
S5,4.12,0.030087249887778847,0.10125263101385493
S5,4.16,0.02661028117045154,0.08980606386834913
S5,4.2,0.02360789116515993,0.08027328790745844
S5,4.24,0.018432882970245937,0.06321444089321146
S5,4.28,0.008933394738054245,0.03074503752728591
S5,4.32,-0.0056241609464459915,-0.019205441472698107
S5,4.36,-0.024207717067967205,-0.08069461854737278
S5,4.4,-0.04415987359994129,-0.14161938202176227
S5,4.44,-0.06196317154334018,-0.19076012887278734
S5,4.48,-0.07461071013366409,-0.22351323682108054
S5,4.52,-0.08086132763142673,-0.24082813405515166
S5,4.56,-0.08174867098076144,-0.2462254405963901
S5,4.6,-0.08006423716896043,-0.2450545943787836
S5,4.64,-0.07901616239987928,-0.24443837133074622
S5,4.68,-0.08102474752951003,-0.251779025638177
S5,4.72,-0.08711808796740474,-0.27211609606242776
S5,4.76,-0.09689550987519352,-0.3065161519589816
S5,4.8,-0.1092234911295,-0.352781506795032
S5,4.84,-0.12294258848632793,-0.4059523682738449
S5,4.88,-0.13649179595704733,-0.45677842378969236
S5,4.92,-0.14731916930912797,-0.4934050005616931
S5,4.96,-0.1526363403798115,-0.5079726075836886
S5,5.0,-0.15186751598042667,-0.501947086733278
S5,5.04,-0.14931122394608073,-0.4887062517370796
S5,5.08,-0.15316194914801776,-0.48934706820907564
S5,5.12,-0.1674210969457764,-0.5104840194616783
S5,5.16,-0.17977728644665011,-0.5198897669834665
S5,5.2,-0.15605547910888126,-0.44576427229179283
S5,5.24,-0.05135265843883641,-0.1521592507960864
S5,5.28,0.16402854160114905,0.4227355074651094
S5,5.32,0.48133861738778594,0.7976332594076698
S5,5.36,0.8516202483604974,0.9172280996043524
S6,-0.4,-0.12766580191832227,-0.6748766758863202
S6,-0.36,-0.28579492792738426,-0.8365918279015976
S6,-0.32,-0.4924761661173399,-0.9154983383026394
S6,-0.28,-0.6982126096617899,-0.9491340126360719
S6,-0.24,-0.8547219310658158,-0.9636385855824008
S6,-0.2,-0.9345518273597551,-0.9695383085980481
S6,-0.16,-0.9405096727431783,-0.9708425836266937
S6,-0.12,-0.8980802248069958,-0.9693211743923587
S6,-0.08,-0.8374151127231407,-0.9663365822293091
S6,-0.04,-0.778737228652516,-0.9632844568721792
S6,0.0,-0.728366735779463,-0.9607196900510827
S6,0.04,-0.6834595702478574,-0.9577304035302106
S6,0.08,-0.639239036915064,-0.9531765566990087
S6,0.12,-0.5935316232868261,-0.9470788043256915
S6,0.16,-0.5474753711316187,-0.9399648814153171
S6,0.2,-0.5038980001032489,-0.9312936674269575
S6,0.24,-0.4650606017626103,-0.9193097460124213
S6,0.28,-0.4310626657592496,-0.9025030598710224
S6,0.32,-0.3997582759766375,-0.8803063865400658
S6,0.36,-0.36805429945646934,-0.8519288400850233
S6,0.4,-0.3336237762503647,-0.8150816174431359
S6,0.44,-0.2961260082723126,-0.7662172255632883
S6,0.48,-0.2572949209118646,-0.7029322125565521
S6,0.52,-0.21962002197954783,-0.6269559731060399
S6,0.56,-0.18463249544855478,-0.54384570984505
S6,0.6,-0.15247555887233263,-0.4591242391137521
S6,0.64,-0.12272258483767244,-0.3757060160702884
S6,0.68,-0.09493662598349366,-0.2941292625352504
S6,0.72,-0.06842564435296351,-0.21318211360211126
S6,0.76,-0.041886698112927966,-0.13016754764272565
S6,0.8,-0.013576035478354061,-0.04175123208622722
S6,0.84,0.017867681166739334,0.05407215803579285
S6,0.88,0.05240231190661645,0.15547805862312303
S6,0.92,0.08818581704156898,0.2557215239585545
S6,0.96,0.12243694536953473,0.3459866025781548
S6,1.0,0.15322113864502135,0.42080742671212273
S6,1.04,0.18066721161021423,0.480372031669744
S6,1.08,0.2065190306038013,0.5282203790685515
S6,1.12,0.2326526674069188,0.5682184673672616
S6,1.16,0.26003169328039133,0.6037288263665743
S6,1.2,0.2886082209849519,0.637827999267455
S6,1.24,0.31786103850508746,0.6727777507335213
S6,1.28,0.34739492511339976,0.7089162743712164
S6,1.32,0.37706062819236963,0.7442602831083556
S6,1.36,0.40652899617406196,0.7758628096197493
S6,1.4,0.43483259975397714,0.8021597420718475
S6,1.44,0.4603711558361312,0.8238371496006262
S6,1.48,0.48148278773996306,0.842434056721827
S6,1.52,0.4972681966656422,0.8585908124501681
S6,1.56,0.5080872153160605,0.8716384590803443
S6,1.6,0.5153281288304093,0.8805704903289949
S6,1.64,0.520713258130612,0.8855402946762365
S6,1.68,0.5256889954231657,0.8886623491998666
S6,1.72,0.53107045225142,0.8929432696570788
S6,1.76,0.5368907554307681,0.8998581918812334
S6,1.8,0.5425853855965939,0.9080362509869496
S6,1.84,0.5475207707803,0.9144576379763475
S6,1.88,0.5514183037539138,0.9167164767810821
S6,1.92,0.5541448151259969,0.9141385773532235
S6,1.96,0.5551500866488945,0.9074429548476767
S6,2.0,0.5534634916733724,0.8979794958034399
S6,2.04,0.5482808139825639,0.8871027210843125
S6,2.08,0.5392612595019395,0.8758031692872471
S6,2.12,0.5263646858740377,0.8647356919351872
S6,2.16,0.5098837388271458,0.8544893545855696
S6,2.2,0.4907071821949185,0.8456361176315315
S6,2.24,0.4700426574645661,0.8382343462477166
S6,2.28,0.4486598420888369,0.8311409433777353
S6,2.32,0.42677972320443364,0.822163904637265
S6,2.36,0.4045519986226159,0.8090400044903229
S6,2.4,0.3821649058586843,0.7904293260964654
S6,2.44,0.35997206929173625,0.7670584816292676
S6,2.48,0.33905840193511105,0.7425254655332522
S6,2.52,0.3211544886228924,0.7218967741180636
S6,2.56,0.30761547347885027,0.7083091535998285
S6,2.6,0.29857308587293746,0.7007481341804437
S6,2.64,0.29274509842427576,0.6948041592563833
S6,2.68,0.28784581122206576,0.6855331806061342
S6,2.72,0.28151144395584715,0.6702024085055553
S6,2.76,0.2722806219234154,0.6492979523372262
S6,2.8,0.2600020838555864,0.6255281436138227
S6,2.84,0.24548163060354355,0.6015452893377332
S6,2.88,0.22990244183808464,0.578175780419431
S6,2.92,0.21461152511750345,0.5546766610047335
S6,2.96,0.2009209410113689,0.5305113712356577
S6,3.0,0.189629021278585,0.506699043849408
S6,3.04,0.18088276049426913,0.4856585169800298
S6,3.08,0.17457707177732668,0.47000062524123526
S6,3.12,0.17059287634661927,0.4611902795901933
S6,3.16,0.16859032051257794,0.45868898214374176
S6,3.2,0.1677852621648151,0.4598140027774341
S6,3.24,0.1669871345223852,0.4606992394266762
S6,3.28,0.1646591466208483,0.4581097205833131
S6,3.32,0.15904194617289838,0.4503646193514196
S6,3.36,0.1487725728401093,0.4363420712419809
S6,3.4,0.1336720302513251,0.41418658807544206
S6,3.44,0.11478479026742328,0.3812692325451243
S6,3.48,0.09370626781427617,0.33567276598741436
S6,3.52,0.07219952672185546,0.2790188435881327
S6,3.56,0.05222398139717938,0.2178213662160492
S6,3.6,0.035561287600516016,0.16060833126780355
S6,3.64,0.023092204439981903,0.11336379928153796
S6,3.68,0.014526765623303675,0.07745537467494734
S6,3.72,0.008620779136107502,0.04949106071742851
S6,3.76,0.0036778852541969258,0.022411605525063882
S6,3.8,-0.0016270113245723968,-0.010372831421620793
S6,3.84,-0.007609043478532624,-0.050137454281067
S6,3.88,-0.013788628178644437,-0.0927971163875739
S6,3.92,-0.019753858035436528,-0.13403873254259135
S6,3.96,-0.02583487744353293,-0.17450354038918006
S6,4.0,-0.032956336511688694,-0.21869542769611577
S6,4.04,-0.04187287043841857,-0.26834027399655935
S6,4.08,-0.0525503610744905,-0.31866871187996954
S6,4.12,-0.06412947638488659,-0.362403607389121
S6,4.16,-0.07559590635978067,-0.39700600460709895
S6,4.2,-0.08647028548177106,-0.42664167185760127
S6,4.24,-0.09644729693964013,-0.4574352712448794
S6,4.28,-0.10440584433564812,-0.4916147012633253
S6,4.32,-0.10844494701025391,-0.5257937158410476
S6,4.36,-0.10716855873546675,-0.5528309363854568
S6,4.4,-0.10089325445474787,-0.5646565438216109
S6,4.44,-0.09183166996782913,-0.5560873654541489
S6,4.48,-0.0833137223453413,-0.5295612395419296
S6,4.52,-0.07833757135437061,-0.4972830638196994
S6,4.56,-0.07812547816477959,-0.4745807882820227
S6,4.6,-0.08173586996357463,-0.467950137469297
S6,4.64,-0.08703893060870421,-0.4733904823212512
S6,4.68,-0.0920793149406856,-0.483105244817838
S6,4.72,-0.09574287703134302,-0.4897461670605993
S6,4.76,-0.09762937480740286,-0.48720108974581766
S6,4.8,-0.09797420990832688,-0.4720218168724388
S6,4.84,-0.09790923533533857,-0.4472516324511495
S6,4.88,-0.09934655468890839,-0.42353871901145984
S6,4.92,-0.1044038751731403,-0.4132443103571356
S6,4.96,-0.115171310154397,-0.42474130270980787
S6,5.0,-0.13368744243203307,-0.4610226323028147
S6,5.04,-0.16076475543480107,-0.517067331718197
S6,5.08,-0.19290189783166842,-0.576512136907491
S6,5.12,-0.21851784681308084,-0.615012763413946
S6,5.16,-0.21703412634199865,-0.6036898874527736
S6,5.2,-0.16480774582710686,-0.48967590367847236
S6,5.24,-0.047475686882019946,-0.15479671640557408
S6,5.28,0.12911426054718927,0.3763154850650194
S6,5.32,0.33820672993429457,0.7067812859917332
S6,5.36,0.5423505094701896,0.8317388784340491
S7,-0.4,-0.10078542062334922,-0.3657932903409753
S7,-0.36,-0.29284553179407685,-0.6696329801907582
S7,-0.32,-0.5831067051296714,-0.8565176537442225
S7,-0.28,-0.924860782882158,-0.9354498974828449
S7,-0.24,-1.2414166536876359,-0.9648591526652326
S7,-0.2,-1.4575345534904107,-0.975041268782952
S7,-0.16,-1.5335691900026103,-0.9769479705257774
S7,-0.12,-1.4811426981368276,-0.9741300221181373
S7,-0.08,-1.3485111037207562,-0.9674866898487284
S7,-0.04,-1.1887495532918197,-0.9566451037473336
S7,0.0,-1.0349649736735822,-0.9402018828689854
S7,0.04,-0.895391618538388,-0.9164278405289651
S7,0.08,-0.7636636997018834,-0.8841248892113422
S7,0.12,-0.6320290763475768,-0.8413703012442536
S7,0.16,-0.4992442690065588,-0.7824021966641637
S7,0.2,-0.3712609840332856,-0.6958744876158074
S7,0.24,-0.2568688192903541,-0.5704070726646205
S7,0.28,-0.1625508812299457,-0.4116823368114254
S7,0.32,-0.08988955425096017,-0.24840872841593295
S7,0.36,-0.03599184559737284,-0.10554020740600993
S7,0.4,0.004302931804727111,0.013211050429291597
S7,0.44,0.03596524497747684,0.11446037817336763
S7,0.48,0.06262828353986234,0.20382802926344656
S7,0.52,0.08721391562568062,0.2835342019190136
S7,0.56,0.11285705903672232,0.3533363271085857
S7,0.6,0.14253927324814142,0.41441652083039177
S7,0.64,0.17787649962131458,0.47204993910945253
S7,0.68,0.21835403228591052,0.5306932380550221
S7,0.72,0.26108402819346005,0.5888140685369554
S7,0.76,0.30108321030037416,0.6401226228169925
S7,0.8,0.3327447665549131,0.6787254840402586
S7,0.84,0.3520595055581592,0.7024511871335456
S7,0.88,0.3579492750445939,0.7122807248112066
S7,0.92,0.3522871986857554,0.7108117831748917
S7,0.96,0.3392009666578877,0.7016975206634436
S7,1.0,0.32386143301286696,0.689303260751414
S7,1.04,0.3109343452303186,0.6779988003761143
S7,1.08,0.30310712319027444,0.6709984864277597
S7,1.12,0.3002297037254929,0.6688380814612161
S7,1.16,0.29980245116729193,0.669095505062628
S7,1.2,0.2988199338038009,0.6683989078861607
S7,1.24,0.29548308418577607,0.665032492995047
S7,1.28,0.28973833278044114,0.6600588484159499
S7,1.32,0.28288108541404744,0.6564983222657901
S7,1.36,0.2764063885969184,0.6569636779911026
S7,1.4,0.27058427865534745,0.6608431280718705
S7,1.44,0.26414059021501496,0.6637273785571816
S7,1.48,0.2555897752015669,0.6602537700985248
S7,1.52,0.24477837741458688,0.647779612069417
S7,1.56,0.23309842276152462,0.628140551993101
S7,1.6,0.22233644880116074,0.6061449493233302
S7,1.64,0.2133325154679411,0.585646547453988
S7,1.68,0.20538010572655002,0.5667563707140417
S7,1.72,0.19657755693079387,0.5464279782959509
S7,1.76,0.18504769122539957,0.5213335186703774
S7,1.8,0.1703325491159694,0.4906261699021342
S7,1.84,0.1538459547898376,0.4568247498995724
S7,1.88,0.13799310621942404,0.424570626579819
S7,1.92,0.12478813502847542,0.3982828826764432
S7,1.96,0.11482046236000952,0.37928399120919715
S7,2.0,0.10697355788334259,0.3638824834485068
S7,2.04,0.09897434167377074,0.344670139908214
S7,2.08,0.08833172163196644,0.31416888261820114
S7,2.12,0.07313705804856378,0.26685192007372893
S7,2.16,0.052802445125465454,0.19912000163164675
S7,2.2,0.028906839564979497,0.11270660694431149
S7,2.24,0.005101022262690221,0.0203347659369756
S7,2.28,-0.014477297798960804,-0.058215093845226704
S7,2.32,-0.02693146468364731,-0.1086929353147132
S7,2.36,-0.03150636068104131,-0.128009117258994
S7,2.4,-0.029921562619077878,-0.12300770619861649
S7,2.44,-0.02580838866181391,-0.10794932799267641
S7,2.48,-0.022900621075163982,-0.098104391075866
S7,2.52,-0.023193279408916072,-0.10217867790665415
S7,2.56,-0.026368686786180633,-0.11908128081282054
S7,2.6,-0.030691772443220456,-0.14058228468677306
S7,2.64,-0.03462201145602425,-0.15852472796437533
S7,2.68,-0.03803096767132918,-0.17140132822725412
S7,2.72,-0.04218209146938172,-0.1846026875972473
S7,2.76,-0.04866854946448183,-0.20518560138357855
S7,2.8,-0.05819099054364903,-0.2362636698820011
S7,2.84,-0.06990722869451034,-0.27505653696328236
S7,2.88,-0.08176006250054113,-0.31562651577030276
S7,2.92,-0.09182548226637827,-0.3536012470500719
S7,2.96,-0.09963153223531261,-0.3873510074703702
S7,3.0,-0.10611821324439118,-0.415190402171511
S7,3.04,-0.11237136411388542,-0.4340538746099665
S7,3.08,-0.11854369213086949,-0.4416427312428035
S7,3.12,-0.12390305372311124,-0.43849647270776965
S7,3.16,-0.12784066774409558,-0.4294070219527816
S7,3.2,-0.1306223860431928,-0.4223757208629635
S7,3.24,-0.13309070301294454,-0.42395821247001336
S7,3.28,-0.13585041893813496,-0.43568381096137965
S7,3.32,-0.13897179329799067,-0.4543080880380222
S7,3.36,-0.14241987428370792,-0.47449577130578724
S7,3.4,-0.14663040981633682,-0.491629123227429
S7,3.44,-0.15253342398564831,-0.5038332935054052
S7,3.48,-0.1607659293879004,-0.5125534153680512
S7,3.52,-0.1707327498516474,-0.5197516962150375
S7,3.56,-0.18026862386103346,-0.5240347832749286
S7,3.6,-0.18658242688190277,-0.5218397629529778
S7,3.64,-0.1881975486974533,-0.5122168712858739
S7,3.68,-0.18624334839235065,-0.49919837396431627
S7,3.72,-0.18380032438887198,-0.4899030923882193
S7,3.76,-0.18395482624374357,-0.4905039400020863
S7,3.8,-0.18805032450421105,-0.502623006698389
S7,3.84,-0.19514478646509828,-0.5222325105500744
S7,3.88,-0.20287139465079387,-0.5419084322732284
S7,3.92,-0.20889028304083312,-0.5544890936366276
S7,3.96,-0.21199272982307438,-0.5560940645447419
S7,4.0,-0.2124402177171573,-0.5476912296570016
S7,4.04,-0.2115314783552461,-0.5343932958236524
S7,4.08,-0.2106850777560437,-0.5227140521904943
S7,4.12,-0.21035990916832212,-0.5171172883319733
S7,4.16,-0.20947640503047388,-0.5175996610980326
S7,4.2,-0.2059654177833492,-0.519576448514448
S7,4.24,-0.19807142166340957,-0.5157949006506923
S7,4.28,-0.18557038276360446,-0.49973609232634886
S7,4.32,-0.17043982625651463,-0.470470138532701
S7,4.36,-0.15644428326712848,-0.43576298512129774
S7,4.4,-0.14758961798210812,-0.4087361478574355
S7,4.44,-0.1466210904506817,-0.40035587667889827
S7,4.48,-0.1541991060519184,-0.41436376726003915
S7,4.52,-0.1684570779929869,-0.44628131783903807
S7,4.56,-0.185402059087064,-0.4857873076183632
S7,4.6,-0.20063116107118326,-0.5218815063213532
S7,4.64,-0.21113466867902864,-0.5476111801072581
S7,4.68,-0.2160349860964775,-0.5617927516227428
S7,4.72,-0.2163490508435009,-0.5675944092762462
S7,4.76,-0.21405550102372078,-0.5694385545175915
S7,4.8,-0.21095953254960087,-0.570305780484619
S7,4.84,-0.20835912336631499,-0.5711780339077055
S7,4.88,-0.20727132056215844,-0.5722560765935265
S7,4.92,-0.20799450003882122,-0.5737834019680654
S7,4.96,-0.2090878060475241,-0.5747709589352462
S7,5.0,-0.2072475909747405,-0.571316004774207
S7,5.04,-0.19951649611387173,-0.5586602460323884
S7,5.08,-0.18809679160467746,-0.539844772462184
S7,5.12,-0.18439032047409015,-0.5374752547899707
S7,5.16,-0.20497251074333706,-0.5816091749175968
S7,5.2,-0.25575797006832807,-0.6531725872664679
S7,5.24,-0.31378447553713323,-0.6890224455519839
S7,5.28,-0.3267297220838231,-0.6590842097180556
S7,5.32,-0.24082808419091695,-0.5221195303880727
S7,5.36,-0.03905765564598202,-0.10273543703367696
S8,-0.4,-0.07659794681693928,-0.47061644011807746
S8,-0.36,-0.23057663686841226,-0.7370568462811554
S8,-0.32,-0.46528707026961297,-0.8595940116897485
S8,-0.28,-0.7440496069414635,-0.9126559175057241
S8,-0.24,-1.0075405387793117,-0.936794212079969
S8,-0.2,-1.198456113298613,-0.9472591960498695
S8,-0.16,-1.2869216352683575,-0.949904295060236
S8,-0.12,-1.281566582291138,-0.9474296761104173
S8,-0.08,-1.2178871546267913,-0.9416743409076591
S8,-0.04,-1.1344711478915444,-0.9344024286601486
S8,0.0,-1.055624582256692,-0.9271411919397354
S8,0.04,-0.9884203028246716,-0.9204602069900781
S8,0.08,-0.9298800469399139,-0.9135951027176403
S8,0.12,-0.8751871581126413,-0.9051338984091941
S8,0.16,-0.8211813255248054,-0.894182038947407
S8,0.2,-0.7660510633883583,-0.8808556447452325
S8,0.24,-0.7084359796322607,-0.8656397696421511
S8,0.28,-0.6469738425566883,-0.8481038688716399
S8,0.32,-0.5802869415638588,-0.8261040734616545
S8,0.36,-0.5078050683075948,-0.7961982846539765
S8,0.4,-0.4306147081000043,-0.7536173137088057
S8,0.44,-0.3511406480807569,-0.6904824008166498
S8,0.48,-0.2721716610494356,-0.5963697549830927
S8,0.52,-0.19627811145854612,-0.46699257713410464
S8,0.56,-0.12568946646054144,-0.3139764500711967
S8,0.6,-0.062221725490662565,-0.15876220637465557
S8,0.64,-0.007229473795195767,-0.018524433772066223
S8,0.68,0.038441097330646434,0.09805935461276222
S8,0.72,0.07475215541881114,0.18938719671535792
S8,0.76,0.10290410895655383,0.25937656257854164
S8,0.8,0.1251915008051561,0.3146183612864076
S8,0.84,0.14421352988344344,0.36146307287781265
S8,0.88,0.16230263935750622,0.4052131750151317
S8,0.92,0.18143686725897606,0.4503223818168811
S8,0.96,0.20292210154633633,0.49911093948866414
S8,1.0,0.22694315742901305,0.5501976802311329
S8,1.04,0.2528657477031968,0.5999835955777177
S8,1.08,0.2800157113966365,0.6462074054933293
S8,1.12,0.3077803851059523,0.6890333031544182
S8,1.16,0.33523954771212355,0.7288568045079484
S8,1.2,0.3611185188086058,0.7646060909440264
S8,1.24,0.3838207841990348,0.7949226126373485
S8,1.28,0.40150719775463595,0.8200086994070462
S8,1.32,0.4130605400298637,0.8415419369923332
S8,1.36,0.41935186969402394,0.8610828535966248
S8,1.4,0.4230092508609048,0.8783871748089989
S8,1.44,0.42644196830556896,0.8905682315922289
S8,1.48,0.4297678576075352,0.893273178916405
S8,1.52,0.43042894104380225,0.8834226291748721
S8,1.56,0.42511108660812186,0.8606675571034754
S8,1.6,0.4126243838693257,0.8272195680073277
S8,1.64,0.39544692004040577,0.7884899528931937
S8,1.68,0.3786954196220094,0.7534268704565035
S8,1.72,0.36727263742907473,0.7311647592691548
S8,1.76,0.3631419447060188,0.7253191022146306
S8,1.8,0.3646784111047645,0.7317975732306041
S8,1.84,0.368610134336085,0.7430261950334732
S8,1.88,0.3729084215153823,0.7543086829082666
S8,1.92,0.37814242765691236,0.7661082534423355
S8,1.96,0.38637466825235933,0.7810946033104486
S8,2.0,0.3988855423397909,0.8000227640205559
S8,2.04,0.414532103713637,0.8204683375303332
S8,2.08,0.4296531292652184,0.8381391656006862
S8,2.12,0.439554056029406,0.8487842059822424
S8,2.16,0.44104007210814666,0.8502409793218594
S8,2.2,0.43467206533859803,0.843812079527124
S8,2.24,0.424950923892507,0.8338136835094622
S8,2.28,0.41786803519575266,0.8255342640580967
S8,2.32,0.4175292505518813,0.8226563598835817
S8,2.36,0.42417008674788304,0.8254312163097175
S8,2.4,0.43441923243928166,0.8308997934188261
S8,2.44,0.4433033778306466,0.8348288005719353
S8,2.48,0.4468887121641227,0.8335952643641469
S8,2.52,0.4439227672260804,0.8251691539229602
S8,2.56,0.43547058411763234,0.8093476928583677
S8,2.6,0.4233525397722643,0.7870094660441428
S8,2.64,0.4091167291155553,0.7592910707674059
S8,2.68,0.39417870437873553,0.7282825166027204
S8,2.72,0.38032407107494987,0.6979692302056038
S8,2.76,0.36955158117767234,0.6729402644396582
S8,2.8,0.3631830437737051,0.6561054746000701
S8,2.84,0.36077785024750664,0.647284509468392
S8,2.88,0.35972972503910394,0.6429386399496221
S8,2.92,0.35625855378464283,0.6376794523157752
S8,2.96,0.347531443317735,0.627286162132259
S8,3.0,0.33347406341069674,0.6112147750452096
S8,3.04,0.3169792882231588,0.593277064309436
S8,3.08,0.30243493088758294,0.5801638068452463
S8,3.12,0.29344380832386757,0.5776858798199076
S8,3.16,0.29094042561717287,0.586755344827336
S8,3.2,0.2926692992353246,0.602813879707711
S8,3.24,0.29414554233361734,0.6189468401826925
S8,3.28,0.29033844202250814,0.6283783918475274
S8,3.32,0.27732191399018946,0.6245215810360224
S8,3.36,0.25335460007287675,0.6006322052370583
S8,3.4,0.2191193575665863,0.5505353764159338
S8,3.44,0.177545722207757,0.471294767026014
S8,3.48,0.13381856714356852,0.36954783050878925
S8,3.52,0.09500124702116333,0.26712003873896367
S8,3.56,0.0680314313919197,0.19213536314546933
S8,3.6,0.056643128494698936,0.16059977763531147
S8,3.64,0.05955814651069292,0.17004726814085494
S8,3.68,0.07130918142187861,0.2044272641183596
S8,3.72,0.08467216526131754,0.2417588724447851
S8,3.76,0.09322147997383291,0.2632924776822624
S8,3.8,0.09344256618299007,0.2606744203418117
S8,3.84,0.08560095427496166,0.2367750534188236
S8,3.88,0.07264282925978878,0.20056005447880804
S8,3.92,0.05795853813711295,0.16060144779299695
S8,3.96,0.04384639549745221,0.12205583230693116
S8,4.0,0.031347724098088926,0.08731961335487973
S8,4.04,0.02062307826575835,0.057193218947130586
S8,4.08,0.010815461644413247,0.02982844278170982
S8,4.12,0.00014806298843535867,0.0004076026046098691
S8,4.16,-0.012722172458181337,-0.035130641982891175
S8,4.2,-0.02763323516839804,-0.07676178564323258
S8,4.24,-0.04345647042872264,-0.12141733023366069
S8,4.28,-0.058760244380328674,-0.16440825409566576
S8,4.32,-0.0719865619539587,-0.19976774141436235
S8,4.36,-0.08218499958089852,-0.22317206968235362
S8,4.4,-0.08943564038802847,-0.2346514392213312
S8,4.44,-0.09394829392479989,-0.23698999462667378
S8,4.48,-0.09516637946079348,-0.23251197516895866
S8,4.52,-0.0918522976513817,-0.22113778034428144
S8,4.56,-0.08288610023514718,-0.20061812289490832
S8,4.6,-0.06841842194915475,-0.16906097159797429
S8,4.64,-0.05052070420322897,-0.12799783992223665
S8,4.68,-0.03263620165392109,-0.08388424165092875
S8,4.72,-0.018471314778517104,-0.04706212687975203
S8,4.76,-0.01105417246827025,-0.02725815056647407
S8,4.8,-0.011956635642653129,-0.028240169082320132
S8,4.84,-0.020614111293180304,-0.04705058423494246
S8,4.88,-0.03434368840799975,-0.07751768296912498
S8,4.92,-0.04962540748839461,-0.11376088731169491
S8,4.96,-0.06373355675992134,-0.15133163062573585
S8,5.0,-0.07553055300639049,-0.18703005649692545
S8,5.04,-0.08558006751880286,-0.22000123149315434
S8,5.08,-0.09595661158401864,-0.25356567860797086
S8,5.12,-0.10889577561286448,-0.29294215099396287
S8,5.16,-0.12337844943640708,-0.33590265829131283
S8,5.2,-0.13141769613423254,-0.36262245906665824
S8,5.24,-0.1184959131912436,-0.33536728715182584
S8,5.28,-0.07024130130351607,-0.2050727530537876
S8,5.32,0.01847920234693795,0.05246910453449716
S8,5.36,0.1381797313028987,0.3350360997385554
S9,-0.4,-0.3822783313984207,-0.8620471356047095
S9,-0.36,-0.7858487332570026,-0.9346806056622159
S9,-0.32,-1.2971220685222324,-0.9653128742752849
S9,-0.28,-1.814928685463559,-0.9776927384672
S9,-0.24,-2.2254879238502023,-0.9829197703903216
S9,-0.2,-2.4509217674934822,-0.9849123220674991
S9,-0.16,-2.4830665609275973,-0.9848545735522901
S9,-0.12,-2.3768349943821323,-0.9830581153781937
S9,-0.08,-2.208430438401461,-0.9798217323016711
S9,-0.04,-2.0347597742837804,-0.9756607905762735
S9,0.0,-1.8794299636535579,-0.9709413314975883
S9,0.04,-1.7418704469897903,-0.9655021130392423
S9,0.08,-1.612689840713807,-0.9587250558658159
S9,0.12,-1.4837917828790967,-0.9497606987322873
S9,0.16,-1.3519254555870308,-0.9375036806045609
S9,0.2,-1.218178957412549,-0.9203678175278919
S9,0.24,-1.0857424588973204,-0.8964040781762593
S9,0.28,-0.9578536992661962,-0.8640280052139644
S9,0.32,-0.8368394060200496,-0.822651472086088
S9,0.36,-0.7238324058960857,-0.7725046545838108
S9,0.4,-0.6185911130704286,-0.7140339452442459
S9,0.44,-0.5191529002063647,-0.6465948310478711
S9,0.48,-0.42186532778401914,-0.5659467517909349
S9,0.52,-0.3226230600428976,-0.4632579146269498
S9,0.56,-0.2189770370503973,-0.3301811861122687
S9,0.6,-0.11208730220808152,-0.17132663342879403
S9,0.64,-0.0073964013836886125,-0.011025207794757918
S9,0.68,0.08710625314981602,0.1241776685343734
S9,0.72,0.16461341386488904,0.2264916123761508
S9,0.76,0.222585232038626,0.30425276484481134
S9,0.8,0.26340475239322236,0.3698722233385468
S9,0.84,0.2930808636382209,0.43267370433892766
S9,0.88,0.31876918668278187,0.4954867060503334
S9,0.92,0.34592360156853297,0.5540922126035004
S9,0.96,0.3771507992627325,0.602439853411614
S9,1.0,0.4137055603030259,0.6392034602253376
S9,1.04,0.4572018053434789,0.6676495606401969
S9,1.08,0.5092577060774404,0.6917240075642528
S9,1.12,0.5700626584148845,0.7139029639067516
S9,1.16,0.6375066314076215,0.7349913408096381
S9,1.2,0.7072691390357616,0.7545379573346783
S9,1.24,0.7737679271400025,0.7713583129927656
S9,1.28,0.8315898794965241,0.7843574144871687
S9,1.32,0.8767764736495317,0.7934131763929274
S9,1.36,0.9076629020198915,0.7995968371394109
S9,1.4,0.9248645448482726,0.8044794407121566
S9,1.44,0.9304960091648513,0.8091503359360581
S9,1.48,0.9275112711732542,0.8137335606498264
S9,1.52,0.9191855991308422,0.8174690604388339
S9,1.56,0.9081682342097325,0.8192784596432694
S9,1.6,0.89549171631586,0.818628691117419
S9,1.64,0.8805592440928978,0.81598669799575
S9,1.68,0.862319140440427,0.8124654405614068
S9,1.72,0.840779367350371,0.8091411223106924
S9,1.76,0.8175897552423426,0.8065049301889662
S9,1.8,0.7951202391477122,0.8042201702452922
S9,1.84,0.774991858524233,0.8013596976979022
S9,1.88,0.7574967554995731,0.7970957965042669
S9,1.92,0.7421259997618795,0.7913669582120519
S9,1.96,0.7281814171844148,0.7848596153659739
S9,2.0,0.7148363769748379,0.7782825279149679
S9,2.04,0.701014017196438,0.7716772279552417
S9,2.08,0.6855524420878374,0.7643855364171104
S9,2.12,0.6677456963750351,0.7558898259156765
S9,2.16,0.6479930258428298,0.7469274974939079
S9,2.2,0.6281306230099142,0.7396905962255227
S9,2.24,0.6108543702911348,0.7367746049980464
S9,2.28,0.5978287236505136,0.7393442139833599
S9,2.32,0.5877939941080453,0.7455754721803632
S9,2.36,0.5768414065269869,0.7508378212761064
S9,2.4,0.5608338397391631,0.7496878923082957
S9,2.44,0.5377295903670412,0.7380079017979273
S9,2.48,0.5085145660763116,0.714152914871175
S9,2.52,0.47660269212339296,0.6791780712574217
S9,2.56,0.4454181819120976,0.6355549567893409
S9,2.6,0.4155874643131855,0.5847251301812165
S9,2.64,0.38470208445965454,0.5266749171713891
S9,2.68,0.34991335508565363,0.46226637288036987
S9,2.72,0.3107456177554814,0.39513447037809357
S9,2.76,0.2705684161158741,0.3321085784144119
S9,2.8,0.2360386542531784,0.28203014007056876
S9,2.84,0.21413063110811312,0.25246113567303
S9,2.88,0.20833176670815715,0.24634409454603934
S9,2.92,0.21667664466573258,0.2609515880598279
S9,2.96,0.23300916671797545,0.2894930747357308
S9,3.0,0.25075955073769973,0.32490103064821346
S9,3.04,0.2665513255986723,0.3636851022226326
S9,3.08,0.2811747943168127,0.4071861763653684
S9,3.12,0.2978451704894013,0.45935226288505465
S9,3.16,0.31906374183398767,0.5213822292334023
S9,3.2,0.344153957520009,0.5868073073705956
S9,3.24,0.3691362924714823,0.6434261966420688
S9,3.28,0.3885187005036006,0.6815111711625338
S9,3.32,0.3975363692301745,0.6986858658753491
S9,3.36,0.3939883884682745,0.6984635164296081
S9,3.4,0.37874794496340125,0.6869794699679233
S9,3.44,0.3547758794813271,0.6698936464553223
S9,3.48,0.32588516682960056,0.6499105248605592
S9,3.52,0.2959435487932219,0.6262728661374708
S9,3.56,0.2681416910882317,0.5967399222023213
S9,3.6,0.24437690546900523,0.5610761361632093
S9,3.64,0.2251629318398919,0.5228813670290364
S9,3.68,0.21003290556509494,0.48745696651158676
S9,3.72,0.19790168160812996,0.45774356872538585
S9,3.76,0.1873111131693464,0.432593342867549
S9,3.8,0.17695343295294103,0.4088071485640029
S9,3.84,0.16633888604106326,0.3845919029515451
S9,3.88,0.15577448678942604,0.36083343583476507
S9,3.92,0.1456585843064661,0.33915171727266524
S9,3.96,0.13607382799223824,0.31954167759338176
S9,4.0,0.1267786255451469,0.30004678544696856
S9,4.04,0.11714298625814917,0.27799540311148196
S9,4.08,0.10635435665367267,0.25149509236915435
S9,4.12,0.09421186285474918,0.2209223756331937
S9,4.16,0.081456800096692,0.18912678390160037
S9,4.2,0.06894374255808382,0.15911292741185373
S9,4.24,0.05690081172977802,0.13175221096699774
S9,4.28,0.04534272513454581,0.10645527497384383
S9,4.32,0.034497859453883256,0.08265242950854976
S9,4.36,0.024279559516956165,0.05926643256440142
S9,4.4,0.013973341851365425,0.03434101351567506
S9,4.44,0.002652658441894146,0.006431782168028755
S9,4.48,-0.010460526686565115,-0.024534758551313457
S9,4.52,-0.02566578754147324,-0.0577102104647315
S9,4.56,-0.04239351570713186,-0.09178054014549009
S9,4.6,-0.059410211675659366,-0.1254845999580031
S9,4.64,-0.07560034675853569,-0.15812846512066853
S9,4.68,-0.09073290930778945,-0.18976800958142634
S9,4.72,-0.10561731680686427,-0.2209481692670251
S9,4.76,-0.12108915727043382,-0.2514045591520557
S9,4.8,-0.13646842178068974,-0.2786757365144434
S9,4.84,-0.14918092092366378,-0.29886270609954846
S9,4.88,-0.15593019636055366,-0.3085241304656707
S9,4.92,-0.15443851273781756,-0.30545990312620397
S9,4.96,-0.14508684716895923,-0.28974146078043894
S9,5.0,-0.1322440239696625,-0.26723623648808864
S9,5.04,-0.12455743455581139,-0.25314593774134064
S9,5.08,-0.13251298612159407,-0.26793519227936
S9,5.12,-0.16098634478101478,-0.3200212628900221
S9,5.16,-0.19727290490617394,-0.3839531302704654
S9,5.2,-0.2022913453047218,-0.39573999649916297
S9,5.24,-0.11713872928263289,-0.24449615460251978
S9,5.28,0.1102315244992426,0.230229452369495
S9,5.32,0.49086995441056674,0.7164704711531129
S9,5.36,0.977941870968794,0.8912085219542174
S10,-0.4,-0.33826729436094205,-0.9765590743105088
S10,-0.36,-0.6614176193919982,-0.9902894101934894
S10,-0.32,-1.0524138785128399,-0.994957607647826
S10,-0.28,-1.4195100768747415,-0.9962318828390345
S10,-0.24,-1.6674008967885017,-0.9963976053279839
S10,-0.2,-1.7379519660529983,-0.9961819563866174
S10,-0.16,-1.6358778144118682,-0.9957716497683122
S10,-0.12,-1.420437165327914,-0.995204876250162
S10,-0.08,-1.1679403128135728,-0.9944773096239092
S10,-0.04,-0.9347218025122639,-0.9933895328289735
S10,0.0,-0.7430869542336508,-0.9910257703703884
S10,0.04,-0.589598601256105,-0.9846051493570616
S10,0.08,-0.4617480284364362,-0.9668685530237242
S10,0.12,-0.3501344181433948,-0.9216653864988633
S10,0.16,-0.251528754936123,-0.8233443182324385
S10,0.2,-0.16574439559003326,-0.6520361132188586
S10,0.24,-0.0920295803204121,-0.41449664829500965
S10,0.28,-0.0281275905675236,-0.13791842393107578
S10,0.32,0.028646524882665877,0.14539609395185701
S10,0.36,0.08012561600272834,0.4007232352455801
S10,0.4,0.12652217303243665,0.598105335788227
S10,0.44,0.16636237532368764,0.7246868730955777
S10,0.48,0.19738160979024255,0.7899243002091765
S10,0.52,0.21790037792153602,0.8153224796703218
S10,0.56,0.2275896883752161,0.8198993180274945
S10,0.6,0.22758051183227174,0.8148550537579707
S10,0.64,0.22046046858291973,0.8058592715193111
S10,0.68,0.20987920682474692,0.7967153539206
S10,0.72,0.1994466061066609,0.7905402403951614
S10,0.76,0.19164580139139345,0.7882228580438339
S10,0.8,0.1875825858422605,0.7877243531184621
S10,0.84,0.1873220047015679,0.7872083383394943
S10,0.88,0.19018080401785545,0.7886954201044031
S10,0.92,0.1950138186059176,0.7971568240439101
S10,0.96,0.20057258002105732,0.8161984893866872
S10,1.0,0.20554492150671874,0.8443870030275068
S10,1.04,0.20847008100993825,0.8751550356602061
S10,1.08,0.20831336347020865,0.9010461361215094
S10,1.12,0.20535606584290855,0.91823758540221
S10,1.16,0.20102860141683138,0.9259307368785684
S10,1.2,0.1965733319575852,0.9221538704030376
S10,1.24,0.19198400909512464,0.9044879721205195
S10,1.28,0.1859350312065522,0.8742474049069364
S10,1.32,0.17637622558780122,0.833296981832226
S10,1.36,0.1616694073650071,0.7788211912252527
S10,1.4,0.14197830244476178,0.7059847898101872
S10,1.44,0.11986444467979568,0.6160650176682456
S10,1.48,0.09941529690748703,0.5216550403812205
S10,1.52,0.08448275872122918,0.442600474514778
S10,1.56,0.07709928883695293,0.39459467438723583
S10,1.6,0.07677140091506464,0.3798543088008475
S10,1.64,0.08087934077193673,0.38791871031989944
S10,1.68,0.08588222498854414,0.40312170165074446
S10,1.72,0.08852886506300511,0.4108959750587334
S10,1.76,0.08644578029290911,0.4006048553329369
S10,1.8,0.07830958812986308,0.36597177042016027
S10,1.84,0.0641488265684846,0.3049149848996751
S10,1.88,0.045661182825642126,0.2210511270354673
S10,1.92,0.02583140676361527,0.12612560311116677
S10,1.96,0.007836256743859576,0.03791591892636893
S10,2.0,-0.006061199407451335,-0.02858243987714601
S10,2.04,-0.015328016898377062,-0.06978475728320521
S10,2.08,-0.021526334471713177,-0.09432297854946906
S10,2.12,-0.02756001674888092,-0.11626741664475776
S10,2.16,-0.03572489502229068,-0.14574777910924958
S10,2.2,-0.046051623171651554,-0.18318513170594974
S10,2.24,-0.05645440564493745,-0.22068157133821342
S10,2.28,-0.06434290515277073,-0.2483888906549354
S10,2.32,-0.06807592076130234,-0.26065111771073285
S10,2.36,-0.0673936106771789,-0.25753794944795044
S10,2.4,-0.06322905962126012,-0.2428341331788093
S10,2.44,-0.05745462183451292,-0.22277148853885942
S10,2.48,-0.05235837784307857,-0.20513208426427815
S10,2.52,-0.049724170772495184,-0.19647662230615798
S10,2.56,-0.050090584228552525,-0.19903560811051774
S10,2.6,-0.052708322142901685,-0.21002093917759518
S10,2.64,-0.05604500161869586,-0.2234813415244019
S10,2.68,-0.05878936683752267,-0.23454531495661665
S10,2.72,-0.06101174808437603,-0.24404462892762502
S10,2.76,-0.06438172648122321,-0.2590265631356166
S10,2.8,-0.07090044260367746,-0.2875757128808187
S10,2.84,-0.08112120138053909,-0.3317973953793806
S10,2.88,-0.09354148014517648,-0.38548674593447385
S10,2.92,-0.10561898652850861,-0.4379484200253411
S10,2.96,-0.11526692035903119,-0.4792542582077668
S10,3.0,-0.12182357491579089,-0.504529600056912
S10,3.04,-0.1263587861962866,-0.5169607365039349
S10,3.08,-0.13103021664963924,-0.5259459245550324
S10,3.12,-0.13769176102245936,-0.5406386491518126
S10,3.16,-0.14703781485502743,-0.5651476839960856
S10,3.2,-0.1586427449360252,-0.5975719245032872
S10,3.24,-0.17087757057278646,-0.6304338242965598
S10,3.28,-0.18073319416360284,-0.6532073815925292
S10,3.32,-0.18476311597207593,-0.6576044278805768
S10,3.36,-0.1811422071586754,-0.6415401293897611
S10,3.4,-0.17127454485104526,-0.6100136854643746
S10,3.44,-0.15956462573517058,-0.5747361074554929
S10,3.48,-0.15138567522291038,-0.5510567101836947
S10,3.52,-0.15039664868331123,-0.5501006416320814
S10,3.56,-0.15674390528456875,-0.5712421398586548
S10,3.6,-0.16722290085771876,-0.6029481180245067
S10,3.64,-0.17742471068807783,-0.6316745651321966
S10,3.68,-0.18440858934632012,-0.6493023773867883
S10,3.72,-0.18779592306479884,-0.6537766130517368
S10,3.76,-0.18883543152835994,-0.6467705642130636
S10,3.8,-0.1890929414600331,-0.6330287610519666
S10,3.84,-0.1897944886035616,-0.6195855517359566
S10,3.88,-0.19128001697837274,-0.6122469704981032
S10,3.92,-0.19278988762726862,-0.6126479146788334
S10,3.96,-0.19318704116509564,-0.6187610119138762
S10,4.0,-0.19176329686952903,-0.6269351007203016
S10,4.04,-0.18815350090111066,-0.633121560460647
S10,4.08,-0.18206517154036808,-0.6334679449457847
S10,4.12,-0.17369974234598307,-0.6260503852909216
S10,4.16,-0.164297133094364,-0.6129411828199093
S10,4.2,-0.15601838279450816,-0.5996655551326628
S10,4.24,-0.15128875525103255,-0.5924142344849642
S10,4.28,-0.151771153774612,-0.5950763956465127
S10,4.32,-0.157013587664457,-0.6064829559060639
S10,4.36,-0.1639596899942706,-0.6205619151047885
S10,4.4,-0.1686215402469114,-0.631229138791473
S10,4.44,-0.16884641206380394,-0.6368511205040552
S10,4.48,-0.1655695463480502,-0.6404001051419422
S10,4.52,-0.16179693891205743,-0.6471251500773934
S10,4.56,-0.16062640191756442,-0.6610184329620203
S10,4.6,-0.16334166255903154,-0.6804660633399561
S10,4.64,-0.16860521364019704,-0.6980266013425647
S10,4.68,-0.17367733849411693,-0.7065763443093024
S10,4.72,-0.17650547061798053,-0.7031433092505888
S10,4.76,-0.1768791270592578,-0.6882002006001504
S10,4.8,-0.17624524964115493,-0.6660659749243293
S10,4.84,-0.17658178113104916,-0.6447310431195528
S10,4.88,-0.1790056404925685,-0.6316932875076636
S10,4.92,-0.18325460710676816,-0.630268224321328
S10,4.96,-0.18827001848134642,-0.6398601040509034
S10,5.0,-0.19334475983751256,-0.6582348830844593
S10,5.04,-0.19933070435009528,-0.6835940285366618
S10,5.08,-0.20828408144633417,-0.714551373306131
S10,5.12,-0.21930249296899945,-0.7451297348844239
S10,5.16,-0.22164334192051335,-0.7526041918732965
S10,5.2,-0.19178234507590153,-0.6737037720727923
S10,5.24,-0.1011147787616181,-0.3644909827161755
S10,5.28,0.06739385515725407,0.20296932483839064
S10,5.32,0.30464398056116104,0.6233178087823945
S10,5.36,0.5744019273435162,0.8145305881510297
S11,-0.4,-0.4020956796248442,-0.46282784734977883
S11,-0.36,-0.9085595052741143,-0.6640277422751817
S11,-0.32,-1.562702323028727,-0.8019256163571676
S11,-0.28,-2.2181090052226726,-0.8753072508273425
S11,-0.24,-2.718812691351204,-0.9092364942128437
S11,-0.2,-2.9708926099885806,-0.9213472281894353
S11,-0.16,-2.982282442628052,-0.9197168453392665
S11,-0.12,-2.8404062859782906,-0.907978997348921
S11,-0.08,-2.6466112885253827,-0.8890506260979383
S11,-0.04,-2.4636342332362893,-0.8661378216567972
S11,0.0,-2.3062655240506134,-0.8414685147179679
S11,0.04,-2.1633640394900246,-0.8152951812072698
S11,0.08,-2.0233245355861595,-0.786802942539124
S11,0.12,-1.8855186381168436,-0.7559159864523024
S11,0.16,-1.7575982340731051,-0.7242015603990186
S11,0.2,-1.6480104225739645,-0.6941568289013339
S11,0.24,-1.5605956439477404,-0.667664119348749
S11,0.28,-1.492434789359528,-0.6448817940400409
S11,0.32,-1.4351822725173706,-0.6242677873639024
S11,0.36,-1.3795313392737827,-0.6036535548082843
S11,0.4,-1.3197070672479563,-0.5814927386699706
S11,0.44,-1.2546229989790334,-0.5573532893767086
S11,0.48,-1.186175069114907,-0.531737120796776
S11,0.52,-1.1171400537071168,-0.5057604505290005
S11,0.56,-1.0497960066732854,-0.4807443925412617
S11,0.6,-0.9850300170168654,-0.4575367779600534
S11,0.64,-0.9220928942246287,-0.43596263915143885
S11,0.68,-0.8593084094516653,-0.4148673386806745
S11,0.72,-0.7951032516848534,-0.39256873126088304
S11,0.76,-0.7284013269958388,-0.3674448751884935
S11,0.8,-0.6588051605155765,-0.33862141459849926
S11,0.84,-0.5870830082324832,-0.30646962625731133
S11,0.88,-0.5153406261714848,-0.27250537579262724
S11,0.92,-0.4466229609962185,-0.23885268741993365
S11,0.96,-0.38414662173199693,-0.20759689481731677
S11,1.0,-0.3300770966498034,-0.18012390878656967
S11,1.04,-0.2845014538702647,-0.1566871185067189
S11,1.08,-0.24563886896627976,-0.1365280988438848
S11,1.12,-0.2107911628522341,-0.11831513582411647
S11,1.16,-0.17731482985046734,-0.10060761441279993
S11,1.2,-0.14342108215696114,-0.08229904920809913
S11,1.24,-0.10907604968368424,-0.06323128014556764
S11,1.28,-0.07628573804644109,-0.04453960436730889
S11,1.32,-0.048039404042598086,-0.028125439840849076
S11,1.36,-0.02644109716740407,-0.015453214168517072
S11,1.4,-0.011366969343169378,-0.006608854554464492
S11,1.44,-0.0003165416375054771,-0.00018281095013830684
S11,1.48,0.010083735639480887,0.005788029516561686
S11,1.52,0.021654324573059578,0.012377556721401242
S11,1.56,0.03347267333514605,0.019095565833282233
S11,1.6,0.042797243963000026,0.024405729766582805
S11,1.64,0.046798908094967374,0.026689736806867287
S11,1.68,0.04397491601177318,0.02507386354712135
S11,1.72,0.03490181795170092,0.019891599789155483
S11,1.76,0.02170048600342197,0.012367124120276522
S11,1.8,0.006398260758988473,0.0036505144609776073
S11,1.84,-0.01006349242390465,-0.0057591495645187805
S11,1.88,-0.02721133997002905,-0.015658466436593896
S11,1.92,-0.044446371336767265,-0.025790305432101743
S11,1.96,-0.06153921839387261,-0.03610404937021198
S11,2.0,-0.0786043560073238,-0.04670179137589686
S11,2.04,-0.09507039206366694,-0.05718457899795813
S11,2.08,-0.10976268347099107,-0.06668374456661169
S11,2.12,-0.12180236203781068,-0.07448134082699742
S11,2.16,-0.13100316376105386,-0.08038129551792578
S11,2.2,-0.13808633599082465,-0.08487327218985191
S11,2.24,-0.1449497697235297,-0.0892002712322382
S11,2.28,-0.15393192856957746,-0.09482100583052894
S11,2.32,-0.1663644248573738,-0.10251385817737481
S11,2.36,-0.18158646538531695,-0.11181298874531519
S11,2.4,-0.19728244674442172,-0.12129232496312307
S11,2.44,-0.21069543036109112,-0.12938435070628784
S11,2.48,-0.21995187668943172,-0.13513400801123393
S11,2.52,-0.22503875874856216,-0.1386169710871612
S11,2.56,-0.22771994622317715,-0.14077826882027697
S11,2.6,-0.23014558529130857,-0.14267773113978904
S11,2.64,-0.23389386156458594,-0.1450756964700869
S11,2.68,-0.24002858835564686,-0.14856831197544068
S11,2.72,-0.2488294354885368,-0.1534122423602624
S11,2.76,-0.25908580527753167,-0.15902945288610337
S11,2.8,-0.2687922246664817,-0.1643951900677367
S11,2.84,-0.27693340046704246,-0.16910192311528138
S11,2.88,-0.28415875972747856,-0.1736889144340475
S11,2.92,-0.29193927109636125,-0.17903716751153076
S11,2.96,-0.3013945185781194,-0.18569652458511912
S11,3.0,-0.3126374836162479,-0.19359768044431583
S11,3.04,-0.32485357027348505,-0.2020908323344329
S11,3.08,-0.3370926111216688,-0.2104070012198936
S11,3.12,-0.34904233110760585,-0.2182607083562622
S11,3.16,-0.36111209257033733,-0.22599947317548275
S11,3.2,-0.3737528710317324,-0.23407887468196914
S11,3.24,-0.38631662349633505,-0.2422188529247657
S11,3.28,-0.39640869064479867,-0.2489902629375505
S11,3.32,-0.4010471648320492,-0.2526398467704241
S11,3.36,-0.39933356677609455,-0.25281319497656696
S11,3.4,-0.3939410059000283,-0.2513477981698016
S11,3.44,-0.3899966568899443,-0.25140403281393725
S11,3.48,-0.3926026645247381,-0.255861500482292
S11,3.52,-0.404236595584687,-0.26572255384471666
S11,3.56,-0.42344123799028216,-0.27937453274052393
S11,3.6,-0.44596715759760863,-0.29362978953225927
S11,3.64,-0.4673689435180854,-0.3058360277292636
S11,3.68,-0.4850764544059915,-0.3153100603581428
S11,3.72,-0.49902668692885266,-0.32319358789747077
S11,3.76,-0.510860193400083,-0.3311681176031338
S11,3.8,-0.5224258846556016,-0.3402257068758431
S11,3.84,-0.5348018735571795,-0.35032888455396116
S11,3.88,-0.5481091784213722,-0.36071536062084986
S11,3.92,-0.5617627006071529,-0.3703175768003115
S11,3.96,-0.5749703906103178,-0.3782655345821295
S11,4.0,-0.5873379815520752,-0.38438588835078724
S11,4.04,-0.5988408765716621,-0.3891066554015169
S11,4.08,-0.6094882423437448,-0.3930271118375944
S11,4.12,-0.6193600099166676,-0.3968050026358375
S11,4.16,-0.6287060996241002,-0.4010690048616113
S11,4.2,-0.6378767180279529,-0.4061482663838455
S11,4.24,-0.6473166571046521,-0.4120526880736121
S11,4.28,-0.6571232683918128,-0.41850329567022326
S11,4.32,-0.6669533743146071,-0.4251113323028035
S11,4.36,-0.6767810549260348,-0.4318437675577328
S11,4.4,-0.6871206578210363,-0.4390768888330461
S11,4.44,-0.6985376057487935,-0.44705397205382136
S11,4.48,-0.7114012783194216,-0.4554727321810793
S11,4.52,-0.7257222162063807,-0.463534100373659
S11,4.56,-0.7407392343409954,-0.47031061795450085
S11,4.6,-0.7548623262638611,-0.4752677671558373
S11,4.64,-0.7660438798888916,-0.4784144064869723
S11,4.68,-0.7727515107259265,-0.48012671450618594
S11,4.72,-0.7753691002845905,-0.48113425189022274
S11,4.76,-0.7766048788264055,-0.4825368034948484
S11,4.8,-0.7795571043961339,-0.48520458173456227
S11,4.84,-0.7844868250070833,-0.48862386688711756
S11,4.88,-0.7871411181694341,-0.4902780132367081
S11,4.92,-0.7810069020382971,-0.48668548478095264
S11,4.96,-0.7638537985727306,-0.47636909169781594
S11,5.0,-0.7449755619466635,-0.4636695616937975
S11,5.04,-0.744723599870733,-0.4593653889867362
S11,5.08,-0.7789049053897962,-0.47255562453662836
S11,5.12,-0.8336820636953477,-0.4972341657435496
S11,5.16,-0.8526004160827171,-0.5076825994514367
S11,5.2,-0.7552386985460813,-0.46417663004430376
S11,5.24,-0.4805298537470135,-0.3137847657013042
S11,5.28,-0.02562235820721958,-0.017136545576245256
S11,5.32,0.5443387492246503,0.329391707127378
S11,5.36,1.1213881057561954,0.565353442166486
S12,-0.4,-0.42488153960863634,-0.9732119188540806
S12,-0.36,-0.8056108292302704,-0.9870752716038593
S12,-0.32,-1.249251513522695,-0.9930192292555591
S12,-0.28,-1.6443925258261238,-0.9954689549184239
S12,-0.24,-1.8750103394339688,-0.9961819796423088
S12,-0.2,-1.87243042954622,-0.9952919898656493
S12,-0.16,-1.6477921863508995,-0.9913430851743683
S12,-0.12,-1.2826392553124892,-0.979213715006044
S12,-0.08,-0.8815395800635577,-0.9420155693959373
S12,-0.04,-0.522801174199671,-0.8251349952283991
S12,0.0,-0.23848022026362925,-0.5142155503478486
S12,0.04,-0.024671889002536234,-0.056565255590491706
S12,0.08,0.13659809964056988,0.2780932666609902
S12,0.12,0.2610720652493786,0.4582829051126361
S12,0.16,0.3572454440615024,0.5528731772804263
S12,0.2,0.42893075648330303,0.6025983830652073
S12,0.24,0.47902505241482385,0.6265493656887714
S12,0.28,0.5108534251341476,0.6339050845456984
S12,0.32,0.5276999418605832,0.6293822488180507
S12,0.36,0.5324785827240608,0.6162199709302559
S12,0.4,0.5279858328048758,0.5974975884735214
S12,0.44,0.5173087903889034,0.5762103325173549
S12,0.48,0.5040299739545877,0.555045167036496
S12,0.52,0.4914762413869202,0.535888915558532
S12,0.56,0.48093985403356115,0.51876588225629
S12,0.6,0.4706595517712933,0.5013427005495258
S12,0.64,0.4570406506377862,0.4802296689794754
S12,0.68,0.4370197745998742,0.45319942100666905
S12,0.72,0.40976014941556704,0.42046785214987437
S12,0.76,0.3769625856552915,0.3843745203464985
S12,0.8,0.34162955293881303,0.34781186196521086
S12,0.84,0.3059730312756509,0.3123780339697828
S12,0.88,0.26998640726653117,0.27741968418119234
S12,0.92,0.23143143439323796,0.240165459991298
S12,0.96,0.18694198925420316,0.196533615510098
S12,1.0,0.13400790897981718,0.14295489725085855
S12,1.04,0.07281877790751266,0.07876479086185081
S12,1.08,0.0062059140746296105,0.006792059587360455
S12,1.12,-0.0622474773875295,-0.06883012824180904
S12,1.16,-0.1297330122606645,-0.14497225377487805
S12,1.2,-0.19444013191619994,-0.2199661024987864
S12,1.24,-0.2556172309944001,-0.29329197396264317
S12,1.28,-0.3138100533068113,-0.3652026344692758
S12,1.32,-0.37038454995132236,-0.43587639380335697
S12,1.36,-0.4264184617906778,-0.5046397935537283
S12,1.4,-0.4819540666817253,-0.5699678320987185
S12,1.44,-0.5361175658319209,-0.6300515276766685
S12,1.48,-0.5878504552189807,-0.6834059075046246
S12,1.52,-0.6366236954540936,-0.7291656637739451
S12,1.56,-0.6827870377292843,-0.7671870081282486
S12,1.6,-0.7277089501350819,-0.7982503502068752
S12,1.64,-0.7732898899427364,-0.8238551001164895
S12,1.68,-0.8204578273164987,-0.8452924783513965
S12,1.72,-0.8680797128143029,-0.8629428594638207
S12,1.76,-0.9139117470958932,-0.876618672823375
S12,1.8,-0.9566975737379808,-0.8864697862867861
S12,1.84,-0.9971634616708207,-0.893471204170261
S12,1.88,-1.0370676581109537,-0.8989587722001617
S12,1.92,-1.077241598488653,-0.9036886535933122
S12,1.96,-1.1162184316342005,-0.9074861226326161
S12,2.0,-1.1506706888724532,-0.9097076338931258
S12,2.04,-1.1773480603858564,-0.9098789940905292
S12,2.08,-1.1949673601169364,-0.9080688282208045
S12,2.12,-1.204723379866334,-0.9049521557013456
S12,2.16,-1.2091363583813521,-0.9015424130786929
S12,2.2,-1.2099422659500674,-0.8985728185575862
S12,2.24,-1.2066577932925104,-0.8959472645767549
S12,2.28,-1.197050786855684,-0.8928187794626061
S12,2.32,-1.1790932224442308,-0.8881999014032658
S12,2.36,-1.1528981492239443,-0.8815388018085883
S12,2.4,-1.1211524286117118,-0.8729844701545483
S12,2.44,-1.0877167297155799,-0.8633617833151436
S12,2.48,-1.0557959685311624,-0.8538791977451342
S12,2.52,-1.0270767055406558,-0.8455829886808437
S12,2.56,-1.001634258868198,-0.8387741632602166
S12,2.6,-0.9782697198918947,-0.832833580565725
S12,2.64,-0.9553920602985182,-0.8266394862061708
S12,2.68,-0.9318798700794639,-0.8191523304618111
S12,2.72,-0.9072264419718069,-0.8096832068850277
S12,2.76,-0.881317696096493,-0.7979806834123544
S12,2.8,-0.854220454180321,-0.7844046465567457
S12,2.84,-0.8260855607776028,-0.7699440855370472
S12,2.88,-0.7972819533506198,-0.7558669862166045
S12,2.92,-0.7684162020243465,-0.7432104102522317
S12,2.96,-0.7398160854294851,-0.7323179803516239
S12,3.0,-0.7111074200646125,-0.7226975335152491
S12,3.04,-0.6812795756603521,-0.7132735260292564
S12,3.08,-0.6488411290465889,-0.7027108994630955
S12,3.12,-0.6121884976837698,-0.6897070640157897
S12,3.16,-0.5705497142986837,-0.6732769068504547
S12,3.2,-0.5248829463606125,-0.6529481593585509
S12,3.24,-0.4777374438216514,-0.6289903845567526
S12,3.28,-0.4320443442707785,-0.6024964961515611
S12,3.32,-0.38982590717793003,-0.5748891136988767
S12,3.36,-0.35186874758554787,-0.5472895159446798
S12,3.4,-0.318340014700331,-0.5204035178141873
S12,3.44,-0.2894396864941686,-0.494664585279737
S12,3.48,-0.2656776493101577,-0.47062925363539043
S12,3.52,-0.2480028000540138,-0.4500214494516439
S12,3.56,-0.23737393120038694,-0.43592161652337513
S12,3.6,-0.2333723884224081,-0.4302462233559505
S12,3.64,-0.23322146964520662,-0.4309186406277188
S12,3.68,-0.23265108909012033,-0.43236607692312556
S12,3.72,-0.2278756374107522,-0.42869670825231926
S12,3.76,-0.21685091199017303,-0.4162241703343106
S12,3.8,-0.19929321252691953,-0.39370805565807604
S12,3.84,-0.1761640256773603,-0.36130000954889113
S12,3.88,-0.1491309246638677,-0.31947202747171216
S12,3.92,-0.11978748686946633,-0.26809345480802044
S12,3.96,-0.08891300083487905,-0.20646484763336034
S12,4.0,-0.0567535885973423,-0.1351945805442863
S12,4.04,-0.02418830813082434,-0.05839642909982129
S12,4.08,0.006790252608482216,0.016425237621982336
S12,4.12,0.03403579546115796,0.08165001803698516
S12,4.16,0.056508023637330644,0.1332979572353591
S12,4.2,0.07456901261592269,0.1718671575671652
S12,4.24,0.08947344510355804,0.20068896754100665
S12,4.28,0.1029389710136087,0.22435407237925864
S12,4.32,0.11678485704167034,0.2474166849005695
S12,4.36,0.13221470198261523,0.27267449317929077
S12,4.4,0.1491470963296418,0.3000716884429928
S12,4.44,0.1662395533241532,0.3272698393860818
S12,4.48,0.1813780773509149,0.35094978204156047
S12,4.52,0.19247624269845792,0.3681748636713078
S12,4.56,0.19861665158130978,0.37771462859250055
S12,4.6,0.2009763443682481,0.38098074213463273
S12,4.64,0.20266506324702757,0.3820711354299715
S12,4.68,0.20730166508381923,0.3863014495433389
S12,4.72,0.21728865990544657,0.39764093402364703
S12,4.76,0.23301521421239327,0.4170494870094471
S12,4.8,0.2533472138430507,0.4431031593256486
S12,4.84,0.2767793826115748,0.4738689411943158
S12,4.88,0.30244893669989154,0.5080348637802539
S12,4.92,0.3300013126105151,0.5441947299787342
S12,4.96,0.3582867276726835,0.5796626492960764
S12,5.0,0.38455799737335766,0.6109910859667493
S12,5.04,0.40517662098789115,0.6356371071882497
S12,5.08,0.4173881073917498,0.6533003611539063
S12,5.12,0.42212514388923833,0.6671777789378404
S12,5.16,0.4276111754246411,0.6849900464104115
S12,5.2,0.45087980833546,0.7174755629903795
S12,5.24,0.5134296714984257,0.7707190056843323
S12,5.28,0.630645970638215,0.8352190167471227
S12,5.32,0.8006378540252186,0.8907548057173412
S12,5.36,1.0010983347813514,0.9263387124059547
S13,-0.4,-0.25215184018594217,-0.8524344414654488
S13,-0.36,-0.5583164839766734,-0.9399120878100108
S13,-0.32,-0.9552846070108105,-0.9715747818431879
S13,-0.28,-1.3529428150632996,-0.9829163000565985
S13,-0.24,-1.6559588056653642,-0.987263682969939
S13,-0.2,-1.8048524894917415,-0.9886862917538048
S13,-0.16,-1.8010849583755393,-0.9884116452566056
S13,-0.12,-1.6983600705585213,-0.9868688094831098
S13,-0.08,-1.5642692549683306,-0.9843809964300163
S13,-0.04,-1.4437221192860028,-0.9813307195837793
S13,0.0,-1.3481887454121924,-0.977960437097321
S13,0.04,-1.267962515588416,-0.9741625556088798
S13,0.08,-1.1901858958712748,-0.9696083622495272
S13,0.12,-1.1090032887030614,-0.96401115970974
S13,0.16,-1.0256077539695023,-0.9572053037138553
S13,0.2,-0.9437352594792919,-0.9490327254833401
S13,0.24,-0.8658088458324058,-0.9390860018360788
S13,0.28,-0.7917692214244157,-0.9263426342840294
S13,0.32,-0.7204715532845222,-0.908966143496496
S13,0.36,-0.651818235814537,-0.884717793017405
S13,0.4,-0.5871753887262545,-0.8520073415530905
S13,0.44,-0.5278327436087038,-0.8109813189390157
S13,0.48,-0.4733123946308688,-0.7633918366819226
S13,0.52,-0.42106049312259786,-0.7107323146131401
S13,0.56,-0.3678417316243847,-0.6524731913640164
S13,0.6,-0.3119379396297337,-0.5862275927978498
S13,0.64,-0.25431488269958463,-0.5093542457291214
S13,0.68,-0.19800878477461292,-0.4214833816088783
S13,0.72,-0.14658953434194222,-0.32701345810332894
S13,0.76,-0.10256215955188049,-0.2346005344423996
S13,0.8,-0.06623134899791214,-0.15205842860771174
S13,0.84,-0.035810413047567366,-0.08143894897318939
S13,0.88,-0.008642322405151346,-0.01940610847835282
S13,0.92,0.017642111921868996,0.03923850276669516
S13,0.96,0.04446960311647098,0.0983718719340139
S13,1.0,0.07190447596045954,0.15838018729350675
S13,1.04,0.09869307120201032,0.21580190654581907
S13,1.08,0.12317255672165926,0.26587418297044996
S13,1.12,0.14429339993329124,0.3058912679363587
S13,1.16,0.16189407316088567,0.33630521841685457
S13,1.2,0.17653975069302258,0.3598057264959013
S13,1.24,0.18932166726475383,0.37999518089761064
S13,1.28,0.20136765223205924,0.40004529060756755
S13,1.32,0.21329734313579807,0.42178374495670545
S13,1.36,0.22514976170076242,0.44535700678010104
S13,1.4,0.23662357902421155,0.4690865636790286
S13,1.44,0.24735518121715555,0.49025809955014876
S13,1.48,0.25730242860153196,0.5071840230288261
S13,1.52,0.26694690485879785,0.5205658420196155
S13,1.56,0.27707165189527433,0.532918739185433
S13,1.6,0.2883610546430764,0.5469918755306037
S13,1.64,0.3009970044414014,0.5641898462360811
S13,1.68,0.3143328732026356,0.5838488974354278
S13,1.72,0.3269652935533187,0.6037971226379241
S13,1.76,0.3373661658063822,0.621667662792341
S13,1.8,0.3445662719006705,0.6360033116850365
S13,1.84,0.3484441962323163,0.6465240395065647
S13,1.88,0.3496154455581229,0.653573230652516
S13,1.92,0.34906000823106714,0.6576323507489955
S13,1.96,0.3476070823716078,0.6593409507986182
S13,2.0,0.34554513955388805,0.6593503529569205
S13,2.04,0.3427087585666476,0.6579436400881384
S13,2.08,0.33899953282063955,0.6551638287931169
S13,2.12,0.3347925665649203,0.6512367473074119
S13,2.16,0.3307942709294206,0.6466346777782143
S13,2.2,0.3274852542186482,0.642047070444424
S13,2.24,0.3245390330120579,0.6382070078555804
S13,2.28,0.3207146963246079,0.6350684037982144
S13,2.32,0.3146968116043046,0.6313022467861824
S13,2.36,0.30619912512577024,0.625005699843233
S13,2.4,0.2960196413506548,0.6147288805391445
S13,2.44,0.2852713437620047,0.6001980243688264
S13,2.48,0.2748689677253698,0.5828040186329195
S13,2.52,0.2651143443698123,0.5647432697730482
S13,2.56,0.2553297755033081,0.5469071743360672
S13,2.6,0.24452053979295052,0.5283955110725006
S13,2.64,0.23267614585017937,0.5085433324545934
S13,2.68,0.22098002250815107,0.4886800584159294
S13,2.72,0.21067906165763958,0.4713509559938611
S13,2.76,0.2021092976021102,0.45818292715849573
S13,2.8,0.19471274884040332,0.4487864997374478
S13,2.84,0.18749625968782524,0.441039147648997
S13,2.88,0.17941295792303605,0.43190636229735074
S13,2.92,0.16967116544309008,0.41855602646500045
S13,2.96,0.15774720595040304,0.3991184890572786
S13,3.0,0.14306003766237704,0.3722167259257852
S13,3.04,0.1250285113357843,0.3362295202324491
S13,3.08,0.10368670650250639,0.28966492620505946
S13,3.12,0.0801768640169146,0.2327568809558481
S13,3.16,0.05672852533561554,0.16986587730217648
S13,3.2,0.036194510502240276,0.11041084151384965
S13,3.24,0.021051971781390778,0.06472742722968722
S13,3.28,0.012145042599566959,0.037453865180402765
S13,3.32,0.008077564377586062,0.024991799846060828
S13,3.36,0.005919308299828809,0.018423633443075182
S13,3.4,0.00285068680346398,0.008941620838745973
S13,3.44,-0.0024139907534979606,-0.007618270775813216
S13,3.48,-0.009463366264310121,-0.029907744855718982
S13,3.52,-0.017082357448347633,-0.05378450625572451
S13,3.56,-0.02412862464871113,-0.07544435702903109
S13,3.6,-0.03007030904773804,-0.09341860254468876
S13,3.64,-0.03529484408992774,-0.10940604590065713
S13,3.68,-0.040741478032676255,-0.12671702277222974
S13,3.72,-0.04705527283368862,-0.14744317075923108
S13,3.76,-0.054333364039221954,-0.17152992469542472
S13,3.8,-0.06259680009388327,-0.19789622867639783
S13,3.84,-0.07217914209772189,-0.22573951244014595
S13,3.88,-0.08353214521964152,-0.25497718195466335
S13,3.92,-0.09662194392983339,-0.2854703464903256
S13,3.96,-0.11055949490515937,-0.31620634323426744
S13,4.0,-0.12391789435932346,-0.345732096037254
S13,4.04,-0.13539606902084816,-0.37285821047794676
S13,4.08,-0.14440401621376797,-0.3969755516258474
S13,4.12,-0.15123736370342367,-0.4180932942005041
S13,4.16,-0.1566746293471719,-0.4365741631751484
S13,4.2,-0.16138547755502874,-0.4526220401346096
S13,4.24,-0.16569463723622951,-0.4660516921659701
S13,4.28,-0.1696092544661599,-0.47639912461394096
S13,4.32,-0.17294339509176304,-0.48317381133944015
S13,4.36,-0.17562245883254468,-0.48625439692107947
S13,4.4,-0.1779547242583661,-0.48639954937616015
S13,4.44,-0.18065197296501329,-0.485737750150981
S13,4.48,-0.1845776021505822,-0.4873899193251245
S13,4.52,-0.19018946417037846,-0.49372415528813707
S13,4.56,-0.19688790280961027,-0.5045730583992646
S13,4.6,-0.20297588444375353,-0.5173391821441299
S13,4.64,-0.20643106004598283,-0.528428449877754
S13,4.68,-0.20588232129432785,-0.5344030977944407
S13,4.72,-0.20127869807520754,-0.5328491622914386
S13,4.76,-0.19401869185267687,-0.5234528493685906
S13,4.8,-0.18630189809215966,-0.5086875110227655
S13,4.84,-0.1799437373220848,-0.49289235396858366
S13,4.88,-0.1755224823939884,-0.47974681032172933
S13,4.92,-0.17259051922806762,-0.47053768447072464
S13,4.96,-0.17144252683477043,-0.466648633791216
S13,5.0,-0.17528201556725087,-0.4743966741019896
S13,5.04,-0.18946743354192147,-0.5031107377157725
S13,5.08,-0.21523596420068147,-0.5505632365490474
S13,5.12,-0.23982756658201967,-0.5900281137894009
S13,5.16,-0.23018012822125994,-0.5708944702375898
S13,5.2,-0.13960056736591073,-0.38275477288268733
S13,5.24,0.0697134088858179,0.19625063705408455
S13,5.28,0.40069890683220893,0.7420114707031094
S13,5.32,0.8118722901165428,0.9096596904059919
S13,5.36,1.2319113602230733,0.9573138095468539
S14,-0.4,-0.1176536045216867,-0.2682345417056704
S14,-0.36,-0.2714468696538256,-0.4035271854705301
S14,-0.32,-0.5134910976413666,-0.5318919271791342
S14,-0.28,-0.8446812604237323,-0.638667052207865
S14,-0.24,-1.2461180405972343,-0.7225201151647025
S14,-0.2,-1.6793273281410002,-0.7850885423521657
S14,-0.16,-2.0945064182743605,-0.8290668151929489
S14,-0.12,-2.4436492253104185,-0.858057545960723
S14,-0.08,-2.6905179302406306,-0.8753921420678673
S14,-0.04,-2.8172151690144562,-0.8835395516786284
S14,0.0,-2.829176152444379,-0.8842709561664386
S14,0.04,-2.7538070141221116,-0.8790263246947402
S14,0.08,-2.629002880648781,-0.8692356029972179
S14,0.12,-2.4878518588571787,-0.8563977001921022
S14,0.16,-2.3490939714109937,-0.8417496705842086
S14,0.2,-2.216768139617152,-0.825795438601229
S14,0.24,-2.086372586582735,-0.8081900080407854
S14,0.28,-1.9526732919512102,-0.7881106046426023
S14,0.32,-1.8148584141874156,-0.7648614267004169
S14,0.36,-1.6768321141144693,-0.7383591528807484
S14,0.4,-1.5439068455583582,-0.709212182531006
S14,0.44,-1.419333819790653,-0.6783179977821986
S14,0.48,-1.3026079631431045,-0.6461334199806696
S14,0.52,-1.1898699165647972,-0.6120515013346043
S14,0.56,-1.0765254180019344,-0.5745917858458541
S14,0.6,-0.9603710684198926,-0.5324218130124136
S14,0.64,-0.8425496824485303,-0.48519767361316957
S14,0.68,-0.726415823044854,-0.43374036100292757
S14,0.72,-0.6161163437626636,-0.37997423280649817
S14,0.76,-0.5153157119674897,-0.32655698461521415
S14,0.8,-0.4260932468680547,-0.2759602068181588
S14,0.84,-0.3487123923563336,-0.22973311190674342
S14,0.88,-0.2821191271795689,-0.18839504757783884
S14,0.92,-0.22423419820628765,-0.15145104101932347
S14,0.96,-0.17201504537341214,-0.11738188455442508
S14,1.0,-0.12201548582084278,-0.08407563240880124
S14,1.04,-0.07151631408925901,-0.0497334090963885
S14,1.08,-0.019487789776532323,-0.01366703652671137
S14,1.12,0.03317601998644955,0.023437433705762338
S14,1.16,0.08428053931629366,0.05987241684517747
S14,1.2,0.13155905812375476,0.09376813996209199
S14,1.24,0.17384066120456412,0.12402129681553292
S14,1.28,0.21142107242584574,0.15065246960720713
S14,1.32,0.24558749804830773,0.1744984204749661
S14,1.36,0.2778295273698287,0.19667133739593837
S14,1.4,0.3091207182973086,0.2180537190913038
S14,1.44,0.3394575861718092,0.23891267834455227
S14,1.48,0.36790025627944767,0.25883089517992847
S14,1.52,0.39316798511641937,0.27704799823076115
S14,1.56,0.4143297076576727,0.2928873821205256
S14,1.6,0.43121097449194257,0.3060029695908384
S14,1.64,0.4444727059041528,0.3164970398705983
S14,1.68,0.45536053004212274,0.3249478041481457
S14,1.72,0.46518477059559693,0.3322470247656965
S14,1.76,0.4748809915219979,0.33931021551790996
S14,1.8,0.484894367553475,0.34681870547083216
S14,1.84,0.4951536528700228,0.35496719829662415
S14,1.88,0.504924895471844,0.36323764162182104
S14,1.92,0.5129477169589038,0.37052578874579756
S14,1.96,0.5180300110411314,0.37567842602199497
S14,2.0,0.5195388040064858,0.3779735688071827
S14,2.04,0.5175310216923098,0.37734383623653855
S14,2.08,0.5126927616534903,0.374448243103245
S14,2.12,0.5060356817266379,0.3704475019991046
S14,2.16,0.4984253638029574,0.3664569968039675
S14,2.2,0.4902762868404516,0.3630919144199062
S14,2.24,0.4816717433044137,0.36042642740432407
S14,2.28,0.4725932363946568,0.35810496750348864
S14,2.32,0.46278317941012215,0.3552979167291721
S14,2.36,0.45135947830700257,0.35067121400826073
S14,2.4,0.4368610249164426,0.34273782148410226
S14,2.44,0.41798180407110425,0.33053673636992176
S14,2.48,0.3947921842275435,0.31441515409490306
S14,2.52,0.36949156646162457,0.2963559556017365
S14,2.56,0.3456934129220077,0.27930325721004257
S14,2.6,0.32664810886374135,0.26580158456768294
S14,2.64,0.3135886971826179,0.256752960068487
S14,2.68,0.30500429695498005,0.25090725273986125
S14,2.72,0.29740139588514347,0.24559569955891924
S14,2.76,0.2874367829133557,0.23850966912584345
S14,2.8,0.27379028102106595,0.22901301820912773
S14,2.84,0.25719361460158446,0.21783431561490374
S14,2.88,0.23899996748291202,0.2057641762598959
S14,2.92,0.21986298165095997,0.1927087538103467
S14,2.96,0.1994722606531118,0.17776947140539162
S14,3.0,0.17719262232583,0.16009412091925448
S14,3.04,0.15261229506217558,0.1394444910526956
S14,3.08,0.12532755967916134,0.11575742716842391
S14,3.12,0.09489269749845801,0.08872769866598246
S14,3.16,0.06182003200947204,0.05861449344306274
S14,3.2,0.02851753033979305,0.027421507876332574
S14,3.24,-0.0011655472588280313,-0.001134923935362863
S14,3.28,-0.02355618482514091,-0.02319583739315716
S14,3.32,-0.037054823411600255,-0.036913530975576814
S14,3.36,-0.043500647357626356,-0.043918693202846984
S14,3.4,-0.04788573588899627,-0.049053149651888436
S14,3.44,-0.05580460588157186,-0.05790910804792372
S14,3.48,-0.07007323482175498,-0.07330341880353786
S14,3.52,-0.08920749325511931,-0.09345372014224239
S14,3.56,-0.10898876426671665,-0.11371685592682611
S14,3.6,-0.12563025385765775,-0.13026428011545121
S14,3.64,-0.1380611547792179,-0.14238928151279787
S14,3.68,-0.14799601448742408,-0.15214803793485743
S14,3.72,-0.1582835500294977,-0.16244737304457135
S14,3.76,-0.17105550653032087,-0.1752142590109068
S14,3.8,-0.18676888930498145,-0.19055468080681007
S14,3.84,-0.20427630616464837,-0.20699788504549305
S14,3.88,-0.22156117682831417,-0.22245869655302397
S14,3.92,-0.236601614139305,-0.2352791258551109
S14,3.96,-0.2478324501722181,-0.24465569433495202
S14,4.0,-0.25438129635644086,-0.2504909070574003
S14,4.04,-0.25650019741593977,-0.25327551916809765
S14,4.08,-0.25583857994697,-0.2541084200583923
S14,4.12,-0.2551721365715381,-0.2547009896591323
S14,4.16,-0.2576059312159177,-0.25715521655284074
S14,4.2,-0.265239043592383,-0.2630664870735891
S14,4.24,-0.27781985880534515,-0.2723799731302294
S14,4.28,-0.29275865341032126,-0.2834918462122704
S14,4.32,-0.3067581457670781,-0.29454378382938523
S14,4.36,-0.3176175449192748,-0.30429557114863626
S14,4.4,-0.3250267197495135,-0.31219647636324277
S14,4.44,-0.33044579931889717,-0.3184852025885604
S14,4.48,-0.3362734726476202,-0.3242428825388375
S14,4.52,-0.34441690708309824,-0.330787395230514
S14,4.56,-0.3550855071939237,-0.3387206968449936
S14,4.6,-0.36682555753902774,-0.34750669608559853
S14,4.64,-0.3777105558404007,-0.3558493965267813
S14,4.68,-0.3868936828420077,-0.362745759902426
S14,4.72,-0.3956853470681249,-0.36873967733166263
S14,4.76,-0.4071857162552722,-0.37622952561217304
S14,4.8,-0.4240039789528852,-0.3878679643858959
S14,4.84,-0.4452488219222654,-0.4038141130207372
S14,4.88,-0.4653293649640963,-0.4202477981294187
S14,4.92,-0.476924597747256,-0.4312706953808961
S14,4.96,-0.47722142399567397,-0.43351676856021637
S14,5.0,-0.4713428568757826,-0.42965005785483046
S14,5.04,-0.46596814109118684,-0.42553964558355706
S14,5.08,-0.4527493108128567,-0.41836435591433946
S14,5.12,-0.39166817280281313,-0.3793807826942013
S14,5.16,-0.2104980477888893,-0.2263253140888849
S14,5.2,0.17025660264464554,0.1963920697904376
S14,5.24,0.79496156959743,0.6990992004506498
S14,5.28,1.6367249328527,0.8953443588997604
S14,5.32,2.5923364231007326,0.9499027401341537
S14,5.36,3.5163620025682754,0.9678999622945119
S15,-0.4,-0.21593098729655363,-0.8519143327370259
S15,-0.36,-0.5423610228197551,-0.9487513998910502
S15,-0.32,-0.9818841768569823,-0.97689820111834
S15,-0.28,-1.4250734444068158,-0.9865967536416081
S15,-0.24,-1.7562044532010894,-0.9906501892810295
S15,-0.2,-1.9030730265639357,-0.992504000031712
S15,-0.16,-1.8664508462515705,-0.9932032595348463
S15,-0.12,-1.7096078432038029,-0.9930060158066264
S15,-0.08,-1.5141711716917552,-0.9917273027533888
S15,-0.04,-1.337994650584196,-0.9889453069958531
S15,0.0,-1.2010700347156857,-0.9846684787581985
S15,0.04,-1.0964258381515286,-0.9798737257171248
S15,0.08,-1.0086658571058145,-0.9756606511377133
S15,0.12,-0.9260105173253307,-0.9719748632972156
S15,0.16,-0.842130851312205,-0.9675075905064362
S15,0.2,-0.7533236436201023,-0.9601891329996968
S15,0.24,-0.6576770107220876,-0.9469293462035421
S15,0.28,-0.5567085585913777,-0.922534066176837
S15,0.32,-0.4562120002172647,-0.8789036876579055
S15,0.36,-0.3648172571381804,-0.8076291785990684
S15,0.4,-0.29054702124440124,-0.7120899430455687
S15,0.44,-0.23647829631367095,-0.616399602591522
S15,0.48,-0.1982813916314941,-0.5414434253673518
S15,0.52,-0.1661043813162246,-0.47815889587287763
S15,0.56,-0.12967624892591237,-0.3947977609650745
S15,0.6,-0.0828539506616116,-0.26324490289436675
S15,0.64,-0.02518225352380109,-0.08166019654198102
S15,0.68,0.039110377992526035,0.12664890774390897
S15,0.72,0.10346226122685315,0.32687265019059725
S15,0.76,0.1617465794274411,0.4871929528993719
S15,0.8,0.2101591017295864,0.5960665094014429
S15,0.84,0.24751345112104967,0.6624785752213362
S15,0.88,0.27494773545260975,0.7012207761209699
S15,0.92,0.29589615769376726,0.7248659967115502
S15,0.96,0.31543327436582425,0.7440313596015812
S15,1.0,0.33827964309473385,0.7669278690939318
S15,1.04,0.36661852090615366,0.7956745068617782
S15,1.08,0.3994267607031307,0.825771685543248
S15,1.12,0.4336345517342364,0.8520280918617669
S15,1.16,0.46625689708629464,0.8732289226424355
S15,1.2,0.4962421464341208,0.8893923452077476
S15,1.24,0.5247849861354569,0.8986315942697988
S15,1.28,0.5537106962351996,0.9005710475942309
S15,1.32,0.5832819334207778,0.8995297656374558
S15,1.36,0.6112570000753791,0.8999970432878511
S15,1.4,0.6335089153527834,0.9015958597679918
S15,1.44,0.645764027198827,0.9006177600710502
S15,1.48,0.6458468125191579,0.8944677568028364
S15,1.52,0.6350508633434427,0.8840208366827896
S15,1.56,0.6176645988571191,0.8737096647018829
S15,1.6,0.5995143488976317,0.8698972573271253
S15,1.64,0.5862328322687413,0.8768877618382415
S15,1.68,0.5810987518398834,0.8923526232891726
S15,1.72,0.5835273775496109,0.9077244543992745
S15,1.76,0.5895277138375302,0.9153379697264072
S15,1.8,0.5937315830239268,0.9136960042472483
S15,1.84,0.5918560462894525,0.9058500393795597
S15,1.88,0.5827007734267706,0.8964462059360954
S15,1.92,0.5687840490747244,0.8902569743178403
S15,1.96,0.5552662334655579,0.8905420150615899
S15,2.0,0.547461312125589,0.8971307019930728
S15,2.04,0.548003982382402,0.9061584915416832
S15,2.08,0.5553952753266334,0.9125800772407275
S15,2.12,0.5648028124587109,0.9132389137880578
S15,2.16,0.5705068323554702,0.9079885858129115
S15,2.2,0.5686196195240342,0.8992511102807824
S15,2.24,0.5585219212072773,0.8906602066378164
S15,2.28,0.5424314470862752,0.8851864075827461
S15,2.32,0.523691555180538,0.8836891951659939
S15,2.36,0.5047838209679733,0.8847857852568646
S15,2.4,0.4864691571475238,0.8864407167818971
S15,2.44,0.4687819515760501,0.8880221074105444
S15,2.48,0.45244495341139,0.8904056658727733
S15,2.52,0.4390983720143025,0.8947324807992674
S15,2.56,0.4304465426380565,0.9022060479702357
S15,2.6,0.42696469697601985,0.9136160167965559
S15,2.64,0.42687166935839904,0.9273336941724469
S15,2.68,0.42643680011317214,0.9393766814203492
S15,2.72,0.42164871248831526,0.9462798854401469
S15,2.76,0.40988504616262234,0.946388719756855
S15,2.8,0.39061816010410005,0.9385779586874273
S15,2.84,0.3653502041489095,0.9214796474262872
S15,2.88,0.33728816348109747,0.8951684852203083
S15,2.92,0.3106768758640771,0.8641510373345246
S15,2.96,0.2895536483956393,0.8371771465510436
S15,3.0,0.2763217076231254,0.8214009470797926
S15,3.04,0.2708827300703774,0.8164715988744
S15,3.08,0.27070271198666424,0.8158605087059239
S15,3.12,0.2717485407876385,0.8143146947529818
S15,3.16,0.27006936279677757,0.8114414875901426
S15,3.2,0.2634829559010652,0.8077836051588481
S15,3.24,0.25231421946353594,0.8013830369414353
S15,3.28,0.238639131501614,0.7893330848423995
S15,3.32,0.22486255983121578,0.7706960931762119
S15,3.36,0.21266562913354467,0.7471184203012025
S15,3.4,0.20251344517656528,0.7224048026829307
S15,3.44,0.19386324953053183,0.7023139771356106
S15,3.48,0.18608388571009865,0.691970881732211
S15,3.52,0.17920339985091824,0.6910518363029158
S15,3.56,0.1737247849251914,0.6911870185124585
S15,3.6,0.1697771951020358,0.6807728783729955
S15,3.64,0.16642654345181065,0.6553170060630169
S15,3.68,0.16173741397654873,0.6196520170905053
S15,3.72,0.15381360784855402,0.5813290592081414
S15,3.76,0.1421604732086668,0.5462243298325978
S15,3.8,0.12824886628477378,0.5179868339051361
S15,3.84,0.11471737650964049,0.4985761029034147
S15,3.88,0.10359112526990318,0.48725070139669147
S15,3.92,0.09469942807869486,0.4766478990694558
S15,3.96,0.08561914317355544,0.45077978318074136
S15,4.0,0.07335121771982218,0.39391327242738505
S15,4.04,0.05678370007884113,0.3056895410066033
S15,4.08,0.03822178549852659,0.20435123940571953
S15,4.12,0.02241853927530916,0.11802473851022763
S15,4.16,0.013726172332074068,0.07080347259622363
S15,4.2,0.013878654332254223,0.07050553174612603
S15,4.24,0.0215968570732072,0.1089990676643652
S15,4.28,0.03357108991335843,0.16886156099965266
S15,4.32,0.046069410777563206,0.23162202995747183
S15,4.36,0.056373453651938514,0.2864561892457806
S15,4.4,0.06328139511950476,0.3281129176000754
S15,4.44,0.06642423984604531,0.3470761974706331
S15,4.48,0.06521724976326426,0.3310246943031125
S15,4.52,0.05900108056631304,0.28042368476392293
S15,4.56,0.048316629847502526,0.21169037335756188
S15,4.6,0.035465424432587066,0.14414784880809356
S15,4.64,0.023512332011401443,0.09045324585686149
S15,4.68,0.014806327841902861,0.05528842314895601
S15,4.72,0.010120607140069904,0.03757517664872806
S15,4.76,0.008485487171291222,0.031932864352887017
S15,4.8,0.007654486608955572,0.02953685669218037
S15,4.84,0.005499130397856658,0.021821291465903052
S15,4.88,0.0017501293137617434,0.007122931650389462
S15,4.92,-0.001667432351044918,-0.006942773829369359
S15,4.96,-0.002676642827177254,-0.011407717711257828
S15,5.0,-0.0022250681883227187,-0.009714092360301678
S15,5.04,-0.005613150720770475,-0.025022688026298458
S15,5.08,-0.018843008619985648,-0.08497366952334676
S15,5.12,-0.03919637648724653,-0.17422232329901485
S15,5.16,-0.04449574773999723,-0.18649756092320594
S15,5.2,0.008335368504591321,0.03091394145934491
S15,5.24,0.1658352356574214,0.4548600537645102
S15,5.28,0.44790964907436054,0.7575251613116827
S15,5.32,0.8283077012687167,0.8831076148120602
S15,5.36,1.2422333303750535,0.9326429144009073
S16,-0.4,0.15106724564188675,0.21278333734946392
S16,-0.36,-0.04420436502171895,-0.043191872933603034
S16,-0.32,-0.4550323206354412,-0.32132130878308784
S16,-0.28,-1.0162911108890949,-0.5260076437681859
S16,-0.24,-1.6081987029946638,-0.6423124257659987
S16,-0.2,-2.1033400306143073,-0.6977886150110983
S16,-0.16,-2.4142992559419567,-0.7149973075570275
S16,-0.12,-2.521009412904188,-0.7063653705199838
S16,-0.08,-2.464112440668463,-0.6795456914329052
S16,-0.04,-2.311140910728788,-0.6408489344865288
S16,0.0,-2.121834032780092,-0.5957114148083921
S16,0.04,-1.933228400945988,-0.548383372877839
S16,0.08,-1.7627846289603235,-0.5024098895195961
S16,0.12,-1.6167488882092247,-0.4609203436821889
S16,0.16,-1.4956134365314062,-0.42590718330194344
S16,0.2,-1.395576174575963,-0.3973925554879119
S16,0.24,-1.3092185650911836,-0.3735933502226532
S16,0.28,-1.2280842841327808,-0.3521124262179508
S16,0.32,-1.1460093869522763,-0.33119690905657373
S16,0.36,-1.0610631268595123,-0.3103041399513938
S16,0.4,-0.9755272992854048,-0.28997492586607176
S16,0.44,-0.8939322724967679,-0.2712617666821883
S16,0.48,-0.8204032653910671,-0.25507482417611693
S16,0.52,-0.7570253220314679,-0.24176908461143626
S16,0.56,-0.7035539968025287,-0.2310334579847031
S16,0.6,-0.6577374743891432,-0.2219814288686923
S16,0.64,-0.6157563226322786,-0.21325788038893836
S16,0.68,-0.5727801385651898,-0.20306969760652605
S16,0.72,-0.5241644239478405,-0.18947414349691727
S16,0.76,-0.4673582617240619,-0.17122164684766994
S16,0.8,-0.40332419711430145,-0.14866647379026643
S16,0.84,-0.33625406397664737,-0.12387029251994423
S16,0.88,-0.2715308106980523,-0.09962756263269983
S16,0.92,-0.2129554390741802,-0.07800687869965356
S16,0.96,-0.16086985694431047,-0.059355405200119095
S16,1.0,-0.1129871083670508,-0.04253210384058082
S16,1.04,-0.06744209516437638,-0.02618386477415761
S16,1.08,-0.02478230381012813,-0.00994713501798937
S16,1.12,0.013503312977880875,0.005551529213665092
S16,1.16,0.04794217489389204,0.019825477725662385
S16,1.2,0.08217878046712818,0.03353127877955253
S16,1.24,0.12166014638756849,0.04836171705796073
S16,1.28,0.17158748450800024,0.06623588069437628
S16,1.32,0.23502471414087503,0.0884781187616765
S16,1.36,0.3117351722550019,0.11531821404679483
S16,1.4,0.3990119742432743,0.14604406350504223
S16,1.44,0.4941152403139395,0.17968592235257647
S16,1.48,0.5952757014085693,0.2153522888779835
S16,1.52,0.6999554629538681,0.2518485212162088
S16,1.56,0.8031136225992386,0.2873732214778987
S16,1.6,0.8977530759576843,0.3197908144350595
S16,1.64,0.9768788679551683,0.34710213413168994
S16,1.68,1.0358182247345686,0.36800479358234095
S16,1.72,1.074204664190915,0.3825435274679309
S16,1.76,1.0961928558982879,0.39227922293719025
S16,1.8,1.1083716555190004,0.39954346940267116
S16,1.84,1.116806482772712,0.40620251317838
S16,1.88,1.1247849253700613,0.41267166036595326
S16,1.92,1.1318585268003127,0.41758993594945504
S16,1.96,1.1341908213714487,0.4182676692654689
S16,2.0,1.1258070013252377,0.411760882633569
S16,2.04,1.1000103665131824,0.39603162677600184
S16,2.08,1.050622145936043,0.3705354111452225
S16,2.12,0.9732610114153559,0.3359611991381881
S16,2.16,0.8665452553145742,0.2935116448606099
S16,2.2,0.7329832645879563,0.24456095582390985
S16,2.24,0.5793188410033939,0.19100322558244304
S16,2.28,0.41552092184306627,0.13558743527649855
S16,2.32,0.251886497897549,0.08137962372113867
S16,2.36,0.0954504680354595,0.03053871662586527
S16,2.4,-0.052164370601012776,-0.01653013630763507
S16,2.44,-0.1941840406326354,-0.06089761095646558
S16,2.48,-0.33593379384372335,-0.10392423712274867
S16,2.52,-0.48173785537762637,-0.14607220984162006
S16,2.56,-0.6326651583136987,-0.1864231696478081
S16,2.6,-0.7846316836133598,-0.22278334396441704
S16,2.64,-0.9265960870832898,-0.25199075680813987
S16,2.68,-1.0403936570885126,-0.270446968996176
S16,2.72,-1.1039455862908407,-0.2749457960378704
S16,2.76,-1.097537311674341,-0.26351588908030266
S16,2.8,-1.0114405965445141,-0.23609502313078057
S16,2.84,-0.8520338174834647,-0.1950792607941617
S16,2.88,-0.6423150788809558,-0.14539286599991808
S16,2.92,-0.4146448494698569,-0.0934049735506728
S16,2.96,-0.19946856162117743,-0.04495955581947744
S16,3.0,-0.016888860188596685,-0.0038254748796464483
S16,3.04,0.1250333509063692,0.02855037051719883
S16,3.08,0.22674706335598052,0.05229021826935769
S16,3.12,0.29245849431773313,0.06814724088551302
S16,3.16,0.3272035282996632,0.07698692806328752
S16,3.2,0.33700593134123874,0.07996615070493016
S16,3.24,0.3311523966850645,0.079179968452617
S16,3.28,0.3227185217498722,0.07781845127219793
S16,3.32,0.32492749171126434,0.07926500520834198
S16,3.36,0.3463758971920834,0.08594843919060079
S16,3.4,0.3892698349203454,0.09895164303420043
S16,3.44,0.4503913097679788,0.11821782049374802
S16,3.48,0.5226715334140856,0.142773890010178
S16,3.52,0.5971164856183939,0.17093243141654896
S16,3.56,0.6649335001353333,0.20054936095580855
S16,3.6,0.7186840412766079,0.2291983978607718
S16,3.64,0.7527210600066679,0.25442130094029225
S16,3.68,0.7639878780049496,0.27418135093593404
S16,3.72,0.7525161013937676,0.2869934845401585
S16,3.76,0.7205939326932672,0.2913734181236397
S16,3.8,0.6712252675323035,0.2853546772782367
S16,3.84,0.6071030480437714,0.26718918958750376
S16,3.88,0.5306117041449285,0.2370346145220586
S16,3.92,0.44424875921634943,0.19768115068337483
S16,3.96,0.3508931293608465,0.15341680596723137
S16,4.0,0.2539668453079867,0.10837082894879742
S16,4.04,0.15742289676012494,0.06554226781441977
S16,4.08,0.06512408603654447,0.026556640141678314
S16,4.12,-0.0205294490079067,-0.008238933921375605
S16,4.16,-0.10003825892949145,-0.03963794430993199
S16,4.2,-0.17702002481102314,-0.06926886902212961
S16,4.24,-0.2563936217926081,-0.09882493079131639
S16,4.28,-0.3409511794303611,-0.12888373749819781
S16,4.32,-0.4277122028016094,-0.15785858568146313
S16,4.36,-0.5067881503034933,-0.18213749908820476
S16,4.4,-0.5651509537153089,-0.19786507404222667
S16,4.44,-0.5937567244219224,-0.20314195633156462
S16,4.48,-0.5929370800854998,-0.19903603209556958
S16,4.52,-0.572010890015003,-0.18896403508311108
S16,4.56,-0.5438770782277428,-0.17704583083234582
S16,4.6,-0.5190062151588684,-0.16647355247679618
S16,4.64,-0.502750410484717,-0.15888169021015014
S16,4.68,-0.4964895322451696,-0.15486641622239894
S16,4.72,-0.5001390197915841,-0.15479652418086357
S16,4.76,-0.5134911693237664,-0.1590802582532959
S16,4.8,-0.5356141262470255,-0.16776483085496072
S16,4.84,-0.563283504241079,-0.17982595938367146
S16,4.88,-0.5904794300883021,-0.1927972825364066
S16,4.92,-0.6104327528440812,-0.20345316930114388
S16,4.96,-0.6192934886072842,-0.2094502785836464
S16,5.0,-0.6189906211973765,-0.21081139830271986
S16,5.04,-0.6177217935820619,-0.21025597072726543
S16,5.08,-0.626838453865454,-0.2119362884759952
S16,5.12,-0.6515347031914424,-0.21807090419059144
S16,5.16,-0.6748694963891132,-0.2238576744872034
S16,5.2,-0.6437476098300302,-0.2133345845648149
S16,5.24,-0.47411285692801713,-0.15921864913792172
S16,5.28,-0.0868594558940067,-0.029774239669456595
S16,5.32,0.5392272735879527,0.18358349915831684
S16,5.36,1.3357494966093348,0.4225619269552946
S17,-0.4,-0.1235044707987686,-0.5672694178396288
S17,-0.36,-0.3540806393387322,-0.8094975759915713
S17,-0.32,-0.6856934854472089,-0.9040542347749349
S17,-0.28,-1.0449635045585532,-0.9416652197015511
S17,-0.24,-1.343390697010994,-0.9591024261823671
S17,-0.2,-1.5150078747810038,-0.9679730795660488
S17,-0.16,-1.542950138031086,-0.97207298521457
S17,-0.12,-1.4619126883827651,-0.9726879069325669
S17,-0.08,-1.3316848788569537,-0.9702804192654904
S17,-0.04,-1.2014639892944219,-0.9652035059323916
S17,0.0,-1.0921091434297865,-0.9579195924908415
S17,0.04,-1.0016973479942801,-0.9487127952030322
S17,0.08,-0.9202508427035893,-0.9373223044410823
S17,0.12,-0.8400926862519001,-0.9229525871042459
S17,0.16,-0.758547969500304,-0.9045102633196036
S17,0.2,-0.6764028523156156,-0.8807330369501938
S17,0.24,-0.5957770062842961,-0.8502921188842583
S17,0.28,-0.5188480455062034,-0.8122968635835506
S17,0.32,-0.44742764037421484,-0.7668815569213461
S17,0.36,-0.3824858017149385,-0.7146386601474388
S17,0.4,-0.3233223259489905,-0.654892599314832
S17,0.44,-0.2673581923483196,-0.584180554266107
S17,0.48,-0.21125045502984038,-0.49572430455426447
S17,0.52,-0.15259894092456053,-0.3814085762933361
S17,0.56,-0.09114638233434316,-0.23851766161776655
S17,0.6,-0.028742767988297137,-0.07679145113571917
S17,0.64,0.03152705528672557,0.08383455856373205
S17,0.68,0.08626251620168271,0.2243359746480176
S17,0.72,0.13267952001077174,0.3350707283462172
S17,0.76,0.16963387662488746,0.4161213334882607
S17,0.8,0.1982171600319844,0.47356508668227426
S17,0.84,0.22142624835541508,0.5158375281248865
S17,0.88,0.24281025819423843,0.5506571129363936
S17,0.92,0.2645992622587663,0.5824199928316061
S17,0.96,0.2865636627484389,0.6112692484702735
S17,1.0,0.3067355903042031,0.6349023507089088
S17,1.04,0.323555484350021,0.6517320261015568
S17,1.08,0.33755052673972685,0.6628381411681306
S17,1.12,0.3512761075750652,0.6719957160390981
S17,1.16,0.36773656334488924,0.6842153664910731
S17,1.2,0.38837997610746755,0.7029531220636596
S17,1.24,0.4120176706273247,0.7275560332851014
S17,1.28,0.435659474062564,0.7536638536074083
S17,1.32,0.4565424558939753,0.7761896660469703
S17,1.36,0.47357770258620707,0.7919006505603212
S17,1.4,0.4873179258446583,0.8001690351158313
S17,1.44,0.4989548407668449,0.8024826467312588
S17,1.48,0.5093518333194729,0.8013335000933443
S17,1.52,0.5186766538325644,0.7989552837604402
S17,1.56,0.5265624891665357,0.7966481560832323
S17,1.6,0.5323792376821854,0.7948650041172617
S17,1.64,0.535436250051003,0.793464956376816
S17,1.68,0.5353519506248388,0.7919172090674991
S17,1.72,0.5324248615292118,0.789630989549465
S17,1.76,0.5276554472463855,0.7864659408059911
S17,1.8,0.5222428977360644,0.7829681127583421
S17,1.84,0.5169095681456511,0.7800258227278608
S17,1.88,0.5115782449551791,0.7782837160813075
S17,1.92,0.5056849952800279,0.7779805891298754
S17,1.96,0.49884028795328,0.7792186265517287
S17,2.0,0.4912677698180782,0.7820303871431461
S17,2.04,0.4837484272091264,0.7858789401579294
S17,2.08,0.4770280599478564,0.7892876146580001
S17,2.12,0.4711917722541705,0.7906339478629463
S17,2.16,0.4656072528754503,0.7894591739966951
S17,2.2,0.45953129519892366,0.7867369551209004
S17,2.24,0.45275814790306085,0.7839775658305894
S17,2.28,0.4457246745777405,0.7821784825005201
S17,2.32,0.4390940507802362,0.7812166977270582
S17,2.36,0.43324921986250237,0.7799516175145856
S17,2.4,0.42796276280218554,0.7769297118029641
S17,2.44,0.4223804247804252,0.7708775061947777
S17,2.48,0.41542605645625286,0.7608191225498436
S17,2.52,0.40635269762767307,0.7464767300876581
S17,2.56,0.39506906969011363,0.7288481720736117
S17,2.6,0.38218447624688345,0.7098202483573512
S17,2.64,0.3688005137094279,0.6909932569063485
S17,2.68,0.3560429423019297,0.6731106959064675
S17,2.72,0.3444520475763341,0.6561509245725613
S17,2.76,0.3336292911480874,0.6393842176534951
S17,2.8,0.32260553862478636,0.6218774657877715
S17,2.84,0.31066670790076945,0.6035978345526909
S17,2.88,0.2978964036659324,0.5858053856475456
S17,2.92,0.28517176577604225,0.5702429530148662
S17,2.96,0.2736762836226841,0.5579190467318966
S17,3.0,0.26399128645150316,0.5479889302355142
S17,3.04,0.2555499070303328,0.5376043517150515
S17,3.08,0.2471472123536037,0.5235836505503721
S17,3.12,0.2379589158194362,0.5048837154076651
S17,3.16,0.22807935905300042,0.483563424200381
S17,3.2,0.21834393806170138,0.46343366488063
S17,3.24,0.2097800372403842,0.447738872131778
S17,3.28,0.20290401757086712,0.4373568543165089
S17,3.32,0.19715657689509225,0.43021719316615653
S17,3.36,0.19115741472186032,0.42255238698582076
S17,3.4,0.18387220896592824,0.41168062279534134
S17,3.44,0.17546081826416549,0.3978617737121727
S17,3.48,0.16687939588222062,0.38336145309362296
S17,3.52,0.15899830073991697,0.3702436860327927
S17,3.56,0.1521415842602565,0.35903766276861826
S17,3.6,0.14607389928868927,0.34857573170679823
S17,3.64,0.1403119653667745,0.33697464043316283
S17,3.68,0.13451185885206438,0.32320810702724484
S17,3.72,0.12856492338223888,0.30771882149711816
S17,3.76,0.12244837952602083,0.29159675601744445
S17,3.8,0.11601980086000088,0.27544006403296917
S17,3.84,0.10898193059777021,0.25901548522449547
S17,3.88,0.10127668036779428,0.2421335534454494
S17,3.92,0.09349629135438824,0.22566365026900484
S17,3.96,0.08659439647482763,0.21114009421786395
S17,4.0,0.08111381955264309,0.19929074360614277
S17,4.04,0.07664525413655537,0.18898094428876888
S17,4.08,0.07217419785493988,0.1780618881913326
S17,4.12,0.06697902211209292,0.1653019901159143
S17,4.16,0.06111914778719153,0.15126155375249448
S17,4.2,0.05508931287671488,0.13735138079255446
S17,4.24,0.0491400753403691,0.12419841362315713
S17,4.28,0.04291591741269353,0.11064716846991486
S17,4.32,0.0359665728198833,0.09489999345415485
S17,4.36,0.028601102988571964,0.07700794804716524
S17,4.4,0.021899561749381947,0.0595922073365967
S17,4.44,0.016818846434161004,0.045633145250466245
S17,4.48,0.013322630630011618,0.03560683132464463
S17,4.52,0.01039430175938782,0.027212616993402328
S17,4.56,0.007108490647572798,0.018291082064769558
S17,4.6,0.0037209087947182745,0.009513434136923071
S17,4.64,0.001493549991719356,0.003847997321628868
S17,4.68,0.0014094484719580555,0.0037011592723334846
S17,4.72,0.002951937298554502,0.007934566461101897
S17,4.76,0.003948409225887699,0.010824725753838624
S17,4.8,0.0016666691088373117,0.004621259123165897
S17,4.84,-0.005597022020565828,-0.015556484908103269
S17,4.88,-0.017247039348653105,-0.04777848666759136
S17,4.92,-0.02997645847708763,-0.08277752585011938
S17,4.96,-0.03895678949156165,-0.10801073094216351
S17,5.0,-0.0405167063551229,-0.1141472213292261
S17,5.04,-0.035026234693308005,-0.10111841770453364
S17,5.08,-0.028420002856091087,-0.08360551334001391
S17,5.12,-0.02962535521243669,-0.08698997569560678
S17,5.16,-0.041518801406598,-0.11903386363937984
S17,5.2,-0.0491249227080539,-0.13721238716120282
S17,5.24,-0.01618185575211469,-0.045522670720553805
S17,5.28,0.10077094256878932,0.2866390098171709
S17,5.32,0.32509134062386275,0.7412955153312085
S17,5.36,0.6387362034066033,0.9346597400137779
S18,-0.4,-0.0925454362198796,-0.5766492624247942
S18,-0.36,-0.2771905077182925,-0.8249355858599414
S18,-0.32,-0.5547197775083416,-0.9120995602766142
S18,-0.28,-0.8778296313809092,-0.9444796239651705
S18,-0.24,-1.1779800038575678,-0.9588582154834666
S18,-0.2,-1.3932074692916117,-0.9657692694536628
S18,-0.16,-1.4931285616292316,-0.968340855198436
S18,-0.12,-1.4884677504190784,-0.9675476188111884
S18,-0.08,-1.4176245303344472,-0.9638177782862458
S18,-0.04,-1.321615154971466,-0.9575242381655777
S18,0.0,-1.2269389139470568,-0.9491910232796321
S18,0.04,-1.142555049105958,-0.9395599716926317
S18,0.08,-1.0650413737021178,-0.9291702194394205
S18,0.12,-0.9860272490292946,-0.9179039163318675
S18,0.16,-0.8987022164481252,-0.9050866098660983
S18,0.2,-0.8016424768671427,-0.8894624086429858
S18,0.24,-0.6996793854425518,-0.8689918859611655
S18,0.28,-0.6017298990712945,-0.8419827715253658
S18,0.32,-0.5161406677736203,-0.8094370703777338
S18,0.36,-0.4460871862788695,-0.7744967287861669
S18,0.4,-0.38804740140455285,-0.7372709378142766
S18,0.44,-0.33448030455650407,-0.6914469233947328
S18,0.48,-0.278761958849319,-0.6266442277596245
S18,0.52,-0.21867625017519862,-0.5331833278130805
S18,0.56,-0.15647565169472563,-0.4085168745286931
S18,0.6,-0.09667167780445046,-0.26400140355205676
S18,0.64,-0.04356308214472649,-0.12149148082396276
S18,0.68,0.0004826693670616495,0.0013539678641517304
S18,0.72,0.03567042005773575,0.10005093003812356
S18,0.76,0.0641512082258907,0.17925604001147377
S18,0.8,0.08857488143990801,0.244631933369662
S18,0.84,0.1110626780457406,0.29989780254219006
S18,0.88,0.13310415126100242,0.3487035049618109
S18,0.92,0.15561715883705263,0.3947353655394211
S18,0.96,0.1788934180472032,0.4395431803167271
S18,1.0,0.20273076806404847,0.48193020961962096
S18,1.04,0.22668203823303332,0.5198157161734612
S18,1.08,0.2502818185071382,0.5525145984892075
S18,1.12,0.27304433607296275,0.5810239349248939
S18,1.16,0.29414907530767864,0.6065500682646084
S18,1.2,0.31248048540403495,0.6296017721052585
S18,1.24,0.32690925917211866,0.6495560228400833
S18,1.28,0.3362463612841705,0.6640829540072508
S18,1.32,0.33939903242434327,0.6699487222533619
S18,1.36,0.3359369203068949,0.665244706995424
S18,1.4,0.3264682872910915,0.6508913061218043
S18,1.44,0.31279903241596246,0.6304919182654999
S18,1.48,0.29804390882628706,0.6094747912132652
S18,1.52,0.28632549809166136,0.5939433910926095
S18,1.56,0.2815627682307162,0.5885762466787287
S18,1.6,0.2856558991550179,0.5942138745185535
S18,1.64,0.29745121338405267,0.6078258544589324
S18,1.68,0.31327526604150163,0.6252621948157074
S18,1.72,0.3284840118888668,0.6437472079038609
S18,1.76,0.3393040249202384,0.6623830094601932
S18,1.8,0.3442342934171052,0.6811718559246078
S18,1.84,0.34414291371301997,0.6996952908145456
S18,1.88,0.341037630593819,0.7167659768491943
S18,1.92,0.3366173237335376,0.7311840955514572
S18,1.96,0.3317567216896554,0.7419958879104811
S18,2.0,0.32655558883237096,0.7472354786819209
S18,2.04,0.3205475479520462,0.7433266934392635
S18,2.08,0.31341422040097877,0.727395714703067
S18,2.12,0.30544707483420713,0.7007317904251315
S18,2.16,0.29699890888604924,0.6689874848473614
S18,2.2,0.28810084435847594,0.6384042134981847
S18,2.24,0.2788345278524832,0.6123308790532145
S18,2.28,0.26944044982573,0.5906725463090376
S18,2.32,0.25995970279546526,0.5713618632032009
S18,2.36,0.2502124114600566,0.5524003546157485
S18,2.4,0.24038934815188384,0.533922225986361
S18,2.44,0.2318296967493156,0.5195809686828715
S18,2.48,0.22704895120263208,0.5154209040212898
S18,2.52,0.2283583880196686,0.5257684488419999
S18,2.56,0.23588941792347215,0.5485072506174331
S18,2.6,0.24677582338487683,0.5739232941045453
S18,2.64,0.25605690588063074,0.5896376371887699
S18,2.68,0.2586675770299344,0.5878452537069614
S18,2.72,0.25184540337200084,0.5683847663167192
S18,2.76,0.2367721541979498,0.537307698790368
S18,2.8,0.21780755646955935,0.5037224897816199
S18,2.84,0.19962822913150716,0.4757038007630015
S18,2.88,0.1847207873654863,0.45685134226403923
S18,2.92,0.17310987207663472,0.44591195484195656
S18,2.96,0.1638890375185769,0.4392243495960918
S18,3.0,0.15696123587643662,0.4341650591376464
S18,3.04,0.15364631742971113,0.43169579635262806
S18,3.08,0.15558386924488987,0.43524312585661895
S18,3.12,0.16259923883038538,0.44542238600435125
S18,3.16,0.17151178714222956,0.45746859813876134
S18,3.2,0.17726933679905815,0.46516091154020134
S18,3.24,0.17547647456123813,0.4642993112153051
S18,3.28,0.16459206645638744,0.45186715797204413
S18,3.32,0.14687288248730682,0.42542305902356903
S18,3.36,0.1274027339070254,0.3867442060394574
S18,3.4,0.11116486148570327,0.34493156362633504
S18,3.44,0.10009821931029493,0.30951619534839087
S18,3.48,0.09241056660183244,0.28094853240398937
S18,3.52,0.08417454763441709,0.25184881391271263
S18,3.56,0.0717086399944506,0.2137157955166068
S18,3.6,0.0535847312515656,0.16150251326299014
S18,3.64,0.03153349346591764,0.09692366056814491
S18,3.68,0.009739253126204155,0.03045206075680265
S18,3.72,-0.007253611934814158,-0.022856607425364384
S18,3.76,-0.017129630551448144,-0.05380606967905052
S18,3.8,-0.02133737959729661,-0.0660731410533508
S18,3.84,-0.024323084980573513,-0.07358317083696297
S18,3.88,-0.03072290298891716,-0.0906573720676365
S18,3.92,-0.04234544672310828,-0.12272849834285227
S18,3.96,-0.05707109535846689,-0.16402823873552191
S18,4.0,-0.07036926011289141,-0.2017638160886012
S18,4.04,-0.0782292473120038,-0.22394632791717706
S18,4.08,-0.07968060875394307,-0.2269154709227243
S18,4.12,-0.07738693543983417,-0.2175148503858803
S18,4.16,-0.07560371133597403,-0.20818306578045906
S18,4.2,-0.07712136660731757,-0.20844613788014218
S18,4.24,-0.08188884825236131,-0.22009422109537521
S18,4.28,-0.08783890571990514,-0.2383829122028076
S18,4.32,-0.09261746631261071,-0.2555675638012751
S18,4.36,-0.09518180299427022,-0.2656050974277314
S18,4.4,-0.09623520066689767,-0.2678195380663706
S18,4.44,-0.09722567218648709,-0.2658078278901628
S18,4.48,-0.09941344749844573,-0.2646775838245944
S18,4.52,-0.10381474032339183,-0.27010852104526395
S18,4.56,-0.11107741177006912,-0.28698981563286163
S18,4.6,-0.12088856197216256,-0.3170952789680169
S18,4.64,-0.13175859761633646,-0.35761202056886104
S18,4.68,-0.14172268806156885,-0.40144211004522784
S18,4.72,-0.14957030751134917,-0.44013106766002663
S18,4.76,-0.15569733792151658,-0.4682744002091756
S18,4.8,-0.16187751522984792,-0.4861261851850519
S18,4.84,-0.16973429213524138,-0.49849075226093653
S18,4.88,-0.17866047323987402,-0.5091886627060106
S18,4.92,-0.18521724949520635,-0.5162776352351081
S18,4.96,-0.18542449799056407,-0.514815512915695
S18,5.0,-0.1787514824461937,-0.5044819209013831
S18,5.04,-0.17039295037171756,-0.4945692411461745
S18,5.08,-0.16831326072256525,-0.4989181766248205
S18,5.12,-0.1736885097209123,-0.5148529434448127
S18,5.16,-0.16874196344867315,-0.500426202173068
S18,5.2,-0.11263260240837417,-0.3535271943141692
S18,5.24,0.04406319950169587,0.1432318582216931
S18,5.28,0.3291577119900443,0.7249960647474225
S18,5.32,0.7240986342923601,0.9118008308261623
S18,5.36,1.1662174535626069,0.959304608936044
S19,-0.4,-0.19464510323059886,-0.6413669186445081
S19,-0.36,-0.5978005404515139,-0.8783971740180553
S19,-0.32,-1.2153103636338463,-0.9497393376996114
S19,-0.28,-1.940619524685976,-0.9734870224538252
S19,-0.24,-2.614062708265193,-0.9834303656930609
S19,-0.2,-3.0846876719399337,-0.9884140115935256
S19,-0.16,-3.2700905012263726,-0.99103317162771
S19,-0.12,-3.181479809339558,-0.9920148134671025
S19,-0.08,-2.900095482077554,-0.9914025144784521
S19,-0.04,-2.526538674181235,-0.9889839897561759
S19,0.0,-2.138091931695549,-0.9843967195868643
S19,0.04,-1.7741202710346629,-0.9767778718189947
S19,0.08,-1.4454289915352017,-0.9638668051272523
S19,0.12,-1.1512017062428963,-0.9409001101935541
S19,0.16,-0.8905458826558145,-0.8997312126868426
S19,0.2,-0.6652912208817225,-0.8290015189376785
S19,0.24,-0.47689124698208335,-0.7178060632641978
S19,0.28,-0.3223113843961991,-0.5630772692840971
S19,0.32,-0.19329131662128607,-0.3726503476509603
S19,0.36,-0.07994989779828697,-0.16148873136545477
S19,0.4,0.02493881555769553,0.05030334152610688
S19,0.44,0.12427560542386214,0.24093353045248875
S19,0.48,0.21722934630269874,0.3956302044447172
S19,0.52,0.3010665862399939,0.511850396774587
S19,0.56,0.373602221803777,0.5961726624858867
S19,0.6,0.4347099594087122,0.6577572207732614
S19,0.64,0.4861876739906057,0.7043538426124685
S19,0.68,0.5306449635140622,0.7412163425495449
S19,0.72,0.5701861067487416,0.7710908583315869
S19,0.76,0.6057526095631028,0.7950286811678804
S19,0.8,0.6373707374479797,0.8137231263844869
S19,0.84,0.6644693187275597,0.828160526635324
S19,0.88,0.6861230358287613,0.8393853642480364
S19,0.92,0.7017877549521098,0.8481286620896475
S19,0.96,0.7120375457132329,0.8547520482294704
S19,1.0,0.7184695932703937,0.8594631029300581
S19,1.04,0.7228946332421008,0.8626081930473286
S19,1.08,0.7264224298145698,0.8647331841722389
S19,1.12,0.7290647550624867,0.8662921330691509
S19,1.16,0.7301021055510468,0.8673479523029695
S19,1.2,0.7287573635820849,0.8676259554192427
S19,1.24,0.7247461803937759,0.8668519755694059
S19,1.28,0.7187220660559968,0.8651397933386326
S19,1.32,0.7122027385404854,0.8632077555321104
S19,1.36,0.7066207511854593,0.8621346537341105
S19,1.4,0.7022694375772383,0.862740260772324
S19,1.44,0.6982672116940362,0.8650763465231299
S19,1.48,0.6931943781602309,0.868408691095522
S19,1.52,0.6856340545987951,0.8716516593949413
S19,1.56,0.6748097424524699,0.873976437687735
S19,1.6,0.6612004911456929,0.8750296625751601
S19,1.64,0.6462991482344997,0.8745601675446368
S19,1.68,0.631654096896802,0.8720483303431705
S19,1.72,0.6181058240273651,0.8669415980928376
S19,1.76,0.6055284033207019,0.859250809474696
S19,1.8,0.5930402200979794,0.8497651801237791
S19,1.84,0.5795780519349066,0.8396126133659758
S19,1.88,0.5645038385619613,0.82942269885808
S19,1.92,0.5480005971194798,0.8186814460477901
S19,1.96,0.531128638166017,0.8060829575064856
S19,2.0,0.5153604444030734,0.7907805307384808
S19,2.04,0.5019849774517491,0.7734804050284925
S19,2.08,0.4919581116784549,0.7565958096410246
S19,2.12,0.48589330789855234,0.7431970138826902
S19,2.16,0.48372743153178827,0.7349690929752036
S19,2.2,0.4844709402937699,0.7307086619969316
S19,2.24,0.48638632997173725,0.7268186118408161
S19,2.28,0.4874633823753746,0.7194162836948701
S19,2.32,0.48614985666199606,0.7065553107229867
S19,2.36,0.4819919039475022,0.6888931063047675
S19,2.4,0.47565053814236796,0.6686526273506899
S19,2.44,0.46817526347296284,0.6481352601813902
S19,2.48,0.46020219170433024,0.6286119071869938
S19,2.52,0.45163203175127176,0.6098832433953867
S19,2.56,0.44203821993535364,0.5910255754541998
S19,2.6,0.43163703177633833,0.5719517872068531
S19,2.64,0.4219709497939447,0.5544356253341953
S19,2.68,0.41542418278108784,0.5416165253669027
S19,2.72,0.4138793849268953,0.5361986708069957
S19,2.76,0.41743959429158556,0.5384694627752071
S19,2.8,0.42408347455169026,0.5456482717757483
S19,2.84,0.43073380877946443,0.5533187687755311
S19,2.88,0.4348990238367589,0.5576770000523763
S19,2.92,0.4355664638572957,0.556822308388304
S19,2.96,0.43319572380464394,0.5506641070558052
S19,3.0,0.4292133376258308,0.5400335756763975
S19,3.04,0.4250918087765401,0.5258408990466552
S19,3.08,0.4216995393487127,0.509143111163368
S19,3.12,0.4195432531584912,0.4918220676706967
S19,3.16,0.41940328005367356,0.4766031462238157
S19,3.2,0.42233616784185696,0.4659292829702233
S19,3.24,0.42899455474074477,0.46072468575809566
S19,3.28,0.43891990137532383,0.4599960481507136
S19,3.32,0.450431350161492,0.4613407851433195
S19,3.36,0.4611507827192428,0.4619807126969526
S19,3.4,0.46882891147134936,0.45983340653180393
S19,3.44,0.47213134662089956,0.45420024201990655
S19,3.48,0.470883451174036,0.4458135910726208
S19,3.52,0.4655373092326158,0.4361787968576921
S19,3.56,0.4563818500005821,0.42652804183267523
S19,3.6,0.4433691560100973,0.4172325076327952
S19,3.64,0.4265529474926708,0.4079824852981362
S19,3.68,0.40654986551485933,0.39822758406405784
S19,3.72,0.38455008518169836,0.3875199017399815
S19,3.76,0.36181345924969477,0.3757829041150494
S19,3.8,0.3390085587154929,0.3632965603593482
S19,3.84,0.3159507012833304,0.3501783983143265
S19,3.88,0.2916953985808077,0.3355430837146379
S19,3.92,0.2649146180415829,0.3170920976051028
S19,3.96,0.234548924016659,0.29170976160292256
S19,4.0,0.2001454685874914,0.25674299358856156
S19,4.04,0.16178066620019027,0.21149902708338195
S19,4.08,0.12012794936005124,0.15810117331835166
S19,4.12,0.07659928499685975,0.1006242160172651
S19,4.16,0.03312077097721281,0.04325121934243469
S19,4.2,-0.008383707755867576,-0.010867358749134404
S19,4.24,-0.046610445004913875,-0.05989784680456317
S19,4.28,-0.08134714509704542,-0.10340904196630807
S19,4.32,-0.11337120466054558,-0.142185860592575
S19,4.36,-0.1437855811509914,-0.17754953167728066
S19,4.4,-0.173388645274623,-0.21073955327776628
S19,4.44,-0.20254881745521397,-0.2429234622735844
S19,4.48,-0.23127025943444038,-0.2752661736824268
S19,4.52,-0.25920525578261283,-0.308626898868268
S19,4.56,-0.28579235509548484,-0.34312775234555637
S19,4.6,-0.31043312080321284,-0.3776982340064021
S19,4.64,-0.3324775400647352,-0.4099436985483045
S19,4.68,-0.35138654476624015,-0.4372200257185688
S19,4.72,-0.36718008000355334,-0.45837854993176086
S19,4.76,-0.3807213877121858,-0.4743483696207916
S19,4.8,-0.3933905275251495,-0.4870687265347652
S19,4.84,-0.40603284127409983,-0.49780506863581814
S19,4.88,-0.4177134684934615,-0.5060006526480358
S19,4.92,-0.4255892006062158,-0.5095645041844872
S19,4.96,-0.4268828305935926,-0.5070550334210855
S19,5.0,-0.4220553343022404,-0.5004069954131376
S19,5.04,-0.4160292422949593,-0.4952629313973234
S19,5.08,-0.41378353979387206,-0.4963434403364662
S19,5.12,-0.41021445927511513,-0.49798680765981956
S19,5.16,-0.3808267786276385,-0.4749077354239807
S19,5.2,-0.2834184502101193,-0.3742022768135154
S19,5.24,-0.0756228552242227,-0.10641841411640432
S19,5.28,0.25928690329441123,0.3408891377068665
S19,5.32,0.6947803530571395,0.6940117589215299
S19,5.36,1.1651958827646587,0.8508999366128975
S20,-0.4,-0.07543204319803874,-0.44682587064054763
S20,-0.36,-0.21786725610231117,-0.7456477630752507
S20,-0.32,-0.4253700589918695,-0.8900048123359066
S20,-0.28,-0.6533952578140747,-0.9441333382285075
S20,-0.24,-0.8469585010824641,-0.9653273184188176
S20,-0.2,-0.9634510451924673,-0.9739272644061343
S20,-0.16,-0.9892821150779051,-0.976467330850381
S20,-0.12,-0.9420582376976344,-0.9753322339446041
S20,-0.08,-0.8562717272326781,-0.9717613523873976
S20,-0.04,-0.7634872181462182,-0.9669971084570055
S20,0.0,-0.6810626104262204,-0.9627584407700689
S20,0.04,-0.6130766791171448,-0.9604659194077723
S20,0.08,-0.5572130490064897,-0.9593190486273804
S20,0.12,-0.5103043508438224,-0.9559806613693357
S20,0.16,-0.47009950754365326,-0.9475494628454233
S20,0.2,-0.43470920599618473,-0.9344836009764066
S20,0.24,-0.4019944380748822,-0.9199226642446447
S20,0.28,-0.3698338098235022,-0.9070474274018446
S20,0.32,-0.33687874932863143,-0.8972328476855709
S20,0.36,-0.30306621335715833,-0.8892378608577793
S20,0.4,-0.2694779755250772,-0.8792428148935165
S20,0.44,-0.23767745865838097,-0.8624867129096688
S20,0.48,-0.20905173411892822,-0.8364501627184346
S20,0.52,-0.18426541779670705,-0.8018658000759895
S20,0.56,-0.16268314791886443,-0.7594476375135097
S20,0.6,-0.14240428286182072,-0.7067326172659854
S20,0.64,-0.12137994076178765,-0.6383873213798028
S20,0.68,-0.09872832944687257,-0.5494045927357503
S20,0.72,-0.07492454674875962,-0.4395924582302209
S20,0.76,-0.050916236458492685,-0.31416468917973844
S20,0.8,-0.027236934186172877,-0.17667258757201443
S20,0.84,-0.0037409167021470453,-0.025212891300494027
S20,0.88,0.020211116341943017,0.13594870026273703
S20,0.92,0.04519398429783841,0.28686095282422286
S20,0.96,0.07085416646331104,0.41067475928328534
S20,1.0,0.0955299696384091,0.5080073328670853
S20,1.04,0.1172466762887435,0.5858972209493069
S20,1.08,0.13543519335905588,0.647667892194856
S20,1.12,0.15161613632642137,0.6928389139507527
S20,1.16,0.16836307161849948,0.7215405447292725
S20,1.2,0.1875329087415026,0.736427096456074
S20,1.24,0.209132731237312,0.7413721480096842
S20,1.28,0.23142258240435826,0.7413967438154945
S20,1.32,0.25177101562215015,0.7421459141691582
S20,1.36,0.26789582075247903,0.7477955489588044
S20,1.4,0.27907287406614784,0.7594647499118967
S20,1.44,0.2862300079955833,0.7749367713119631
S20,1.48,0.2906514896345541,0.7900636795680924
S20,1.52,0.29267271785669174,0.8012460485041227
S20,1.56,0.29165672492905365,0.806628121659593
S20,1.6,0.2871674700532619,0.8057240951058209
S20,1.64,0.28026017937654735,0.7993812984918904
S20,1.68,0.2735963302129615,0.7902404390698033
S20,1.72,0.27010442841970145,0.7821727206520553
S20,1.76,0.27133258009903055,0.7785117058902652
S20,1.8,0.27680919625701084,0.780776269000344
S20,1.84,0.2845294555956135,0.7884555398215067
S20,1.88,0.2918797761851986,0.798811283273931
S20,1.92,0.2964733139316229,0.8070566969167807
S20,1.96,0.29667332629050575,0.8083958326715314
S20,2.0,0.2917764105709461,0.8005842339313541
S20,2.04,0.28208824387071924,0.7843225918065801
S20,2.08,0.26889464741772096,0.7619707916986136
S20,2.12,0.2542271888555963,0.7369359079871927
S20,2.16,0.2404177368134711,0.7136753094315411
S20,2.2,0.22936806332596674,0.6962812723293167
S20,2.24,0.2217087538212922,0.685542617150023
S20,2.28,0.21663268411374753,0.6775890455365184
S20,2.32,0.2125873214404954,0.6663541622159688
S20,2.36,0.20808226518497516,0.6476647492558112
S20,2.4,0.20232464235474057,0.621394351334171
S20,2.44,0.19562583570076683,0.5910300560175864
S20,2.48,0.1890942905706949,0.561777799324282
S20,2.52,0.18353881693607957,0.5378544062837377
S20,2.56,0.17834195644198872,0.519337294871368
S20,2.6,0.17126272540444157,0.5004198549425851
S20,2.64,0.15972331747400492,0.47192303220806897
S20,2.68,0.14279059482771383,0.42800767011103624
S20,2.72,0.12218974271880732,0.37247511908846703
S20,2.76,0.10166515757128043,0.3179618287438933
S20,2.8,0.08509864095413221,0.2776970403807714
S20,2.84,0.07429164579865877,0.2574234538841115
S20,2.88,0.06787686964832665,0.2519410428349681
S20,2.92,0.06239450683526824,0.24717813776001635
S20,2.96,0.05469747158824611,0.22803290729596426
S20,3.0,0.0436225451754194,0.18720457077326344
S20,3.04,0.02987245328827118,0.12883534368337335
S20,3.08,0.0149635845264743,0.06398682031334961
S20,3.12,0.0005112484571796081,0.0021736676616097572
S20,3.16,-0.01211225766922466,-0.05177453158899406
S20,3.2,-0.021973350767425282,-0.09502385542590756
S20,3.24,-0.02845641858759789,-0.12359491408033206
S20,3.28,-0.031162552655487577,-0.13346589876042556
S20,3.32,-0.030434241940362445,-0.1265837485098504
S20,3.36,-0.02807806313590366,-0.11339296633060206
S20,3.4,-0.026940524960884175,-0.10680702808267233
S20,3.44,-0.029104662000434992,-0.11417731584844977
S20,3.48,-0.034264765162333635,-0.1327117864747477
S20,3.52,-0.039895952714194646,-0.15200288532394665
S20,3.56,-0.043007897895963994,-0.1623295579772228
S20,3.6,-0.04224583035254843,-0.16056761865857055
S20,3.64,-0.03930380224553155,-0.1525790348454904
S20,3.68,-0.038640739148080694,-0.15399904845325194
S20,3.72,-0.045003915676429154,-0.18401984501920202
S20,3.76,-0.06028134963350558,-0.252400390343673
S20,3.8,-0.08217446850540977,-0.3509647580582442
S20,3.84,-0.10550603476810348,-0.45807453117679353
S20,3.88,-0.12503328686036858,-0.5531912014441664
S20,3.92,-0.13789971518836402,-0.6250074627163261
S20,3.96,-0.1442792578678344,-0.6691638716007506
S20,4.0,-0.1461897314739392,-0.6880235515968353
S20,4.04,-0.14564194306105802,-0.6917082505507854
S20,4.08,-0.14351195599257158,-0.6918407783414986
S20,4.12,-0.1396869939863836,-0.6948367329347123
S20,4.16,-0.13384615849712025,-0.7019796240455858
S20,4.2,-0.12622789964536557,-0.7115410447997664
S20,4.24,-0.11831153637090873,-0.7202424043829632
S20,4.28,-0.11261420338507566,-0.7263561800341065
S20,4.32,-0.1110878183181752,-0.7347448565516626
S20,4.36,-0.11347241384216149,-0.7526184738662767
S20,4.4,-0.11726749917431699,-0.7775682058125504
S20,4.44,-0.11905119915427115,-0.795882630898666
S20,4.48,-0.11606919088672989,-0.7883511178381752
S20,4.52,-0.10759016945928326,-0.7380118431340862
S20,4.56,-0.09549420918229112,-0.6455944198840341
S20,4.6,-0.0834240818839318,-0.5401830442747644
S20,4.64,-0.07491239644137589,-0.4592761215505203
S20,4.68,-0.07209184486023576,-0.42374984579040265
S20,4.72,-0.0756818111807115,-0.4373381588219728
S20,4.76,-0.08555039811383658,-0.49253980574684886
S20,4.8,-0.10114994961346072,-0.5694251890356026
S20,4.84,-0.12159876937540644,-0.6434548507664097
S20,4.88,-0.1450964300542202,-0.7022222108210632
S20,4.92,-0.16830029657272674,-0.7433191086632918
S20,4.96,-0.1873072128688572,-0.7677345701229026
S20,5.0,-0.20014409096615282,-0.7819418878175886
S20,5.04,-0.20806724036211188,-0.7959127755665142
S20,5.08,-0.21324786623660016,-0.8138319639217187
S20,5.12,-0.21327430438462586,-0.8262607193180287
S20,5.16,-0.19607557342798665,-0.8102729301153844
S20,5.2,-0.1403327168445855,-0.701524009672855
S20,5.24,-0.02428284375355197,-0.15992326317511305
S20,5.28,0.160176861806284,0.6910871983501754
S20,5.32,0.39720873355002057,0.9015263433780469
S20,5.36,0.6497132097919572,0.9519686692725616
S21,-0.4,-0.11419372035249777,-0.8407710450380341
S21,-0.36,-0.32562256718464044,-0.9521851730353665
S21,-0.32,-0.6308253889508747,-0.9784306687213402
S21,-0.28,-0.9679534596187023,-0.9871233683587541
S21,-0.24,-1.2578649934196595,-0.9908177152068797
S21,-0.2,-1.4373640027305712,-0.9925329092984713
S21,-0.16,-1.4863377926529022,-0.993018024905224
S21,-0.12,-1.4313820954249055,-0.9922225177962584
S21,-0.08,-1.3229191722909663,-0.9896835675146838
S21,-0.04,-1.2053152764717714,-0.9848450256738559
S21,0.0,-1.100653635985374,-0.9775504726407096
S21,0.04,-1.0104461851888484,-0.968122453579821
S21,0.08,-0.9265852771691901,-0.9566049297903869
S21,0.12,-0.841376129600308,-0.9420984875340537
S21,0.16,-0.7520644434139043,-0.9229444143682324
S21,0.2,-0.6603869029000822,-0.8973804038362179
S21,0.24,-0.5698755993603285,-0.8638899067782714
S21,0.28,-0.4834780820459868,-0.8206770933431793
S21,0.32,-0.4025393190575358,-0.7647455803325345
S21,0.36,-0.326893172169971,-0.6917045561729294
S21,0.4,-0.255390258890449,-0.5962306506524381
S21,0.44,-0.18631709939615446,-0.47292052466916934
S21,0.48,-0.11782428574617507,-0.31878507855973265
S21,0.52,-0.04887259241045042,-0.13767563759709023
S21,0.56,0.019692997332689827,0.056298550213071175
S21,0.6,0.08523786673869685,0.24100340450638058
S21,0.64,0.14489771837398102,0.3964570350580672
S21,0.68,0.19737877075822371,0.5149246832878104
S21,0.72,0.2437292455300942,0.6007586316920008
S21,0.76,0.2867183050478225,0.6637013508507533
S21,0.8,0.3290727962692024,0.7128927004607862
S21,0.84,0.3715589565102415,0.7535631934157331
S21,0.88,0.4124431557977476,0.7870054444288667
S21,0.92,0.448984740301408,0.8130001995265578
S21,0.96,0.4797033445292188,0.8320516918374448
S21,1.0,0.5055053963202467,0.8458750675487885
S21,1.04,0.528973629345509,0.8565412673531586
S21,1.08,0.5527562094108371,0.865561413614243
S21,1.12,0.5782392659003416,0.8737239221064294
S21,1.16,0.6048311096999959,0.8812191918081137
S21,1.2,0.6302408810113195,0.8877047236332789
S21,1.24,0.6521450882692179,0.8927776466941405
S21,1.28,0.6699842104631796,0.8965370444404914
S21,1.32,0.6850384424622693,0.8994178745975397
S21,1.36,0.6990031336760991,0.901644360988785
S21,1.4,0.7126623741186651,0.9032200678733302
S21,1.44,0.7254244573076775,0.9042695818646441
S21,1.48,0.735700954637477,0.9050335328741316
S21,1.52,0.7419673905360763,0.9056884774880802
S21,1.56,0.7439683585477396,0.9064031063479546
S21,1.6,0.7430436219364622,0.9073547283562065
S21,1.64,0.7410522978044671,0.9085489224524517
S21,1.68,0.7389141475138367,0.909754683438112
S21,1.72,0.736549442590688,0.9106840654799213
S21,1.76,0.7341270590941117,0.9111951290218092
S21,1.8,0.732618875382251,0.9113720751014931
S21,1.84,0.7330498816978005,0.9115442240982703
S21,1.88,0.7357536062679124,0.9122741947146177
S21,1.92,0.7402429190413701,0.9141581908175549
S21,1.96,0.745217021832673,0.9174403145494959
S21,2.0,0.7487645967381844,0.9218638917139405
S21,2.04,0.7492601943100439,0.9268488969803269
S21,2.08,0.7463837297798576,0.9315867427181583
S21,2.12,0.7409586482954528,0.9350838674557478
S21,2.16,0.7337907497616791,0.9366472513326004
S21,2.2,0.7251069364221463,0.9364876149135681
S21,2.24,0.7150608227441606,0.9354580773040241
S21,2.28,0.7041113975979613,0.9341748670528325
S21,2.32,0.6927499080616996,0.9325920869048905
S21,2.36,0.6812400148303526,0.930255281427038
S21,2.4,0.6697026983939194,0.9266847676691288
S21,2.44,0.6580259337455887,0.9215485024896736
S21,2.48,0.6456999720223181,0.9148087747794349
S21,2.52,0.6322345507525701,0.9069915760153832
S21,2.56,0.6177618830213336,0.8992610522693664
S21,2.6,0.6029151278354218,0.8930025636898175
S21,2.64,0.5882930745062541,0.8890254080113339
S21,2.68,0.5743621960211656,0.8869338095612584
S21,2.72,0.5615273753772002,0.8853153162938106
S21,2.76,0.5498678524492453,0.8827412574034583
S21,2.8,0.5390111109113476,0.8787369818923279
S21,2.84,0.5285209456308814,0.8740037897941065
S21,2.88,0.5181967971105378,0.8698864911941744
S21,2.92,0.5079318363041293,0.8674928165693236
S21,2.96,0.4975011862236812,0.8668416560471018
S21,3.0,0.48655622910836643,0.8666697533217285
S21,3.04,0.47455714493236384,0.8652507510019908
S21,3.08,0.4607233693739519,0.8616519349441454
S21,3.12,0.44465240984555626,0.8562703809339515
S21,3.16,0.42738440964842495,0.8504534584979818
S21,3.2,0.4114523360595796,0.8459972727347724
S21,3.24,0.3993602908390737,0.8444113905431038
S21,3.28,0.39161657651111353,0.845527505650863
S21,3.32,0.3858166435634465,0.84682610119897
S21,3.36,0.3776619348224578,0.844631553917048
S21,3.4,0.3635934274736324,0.8359308026174818
S21,3.44,0.3433440655137507,0.8196466340582879
S21,3.48,0.32045902528991305,0.797819923235015
S21,3.52,0.30013630386857876,0.7760101557455701
S21,3.56,0.2857797178379464,0.760219965476467
S21,3.6,0.2768035672195137,0.751735060420354
S21,3.64,0.2694074422006858,0.7460746326417101
S21,3.68,0.2596462787049561,0.7369279451151339
S21,3.72,0.24630358583493592,0.7202857856445037
S21,3.76,0.2314931985083188,0.6969748958396049
S21,3.8,0.2189262524839737,0.6731906112690398
S21,3.84,0.2111881829931042,0.6561927121476002
S21,3.88,0.20775514290981026,0.6472340947696061
S21,3.92,0.20532540480652928,0.6402411659333722
S21,3.96,0.20036224075355874,0.6275999988608051
S21,4.0,0.19140557577770853,0.6054638353975291
S21,4.04,0.17947480003089367,0.5752515277936504
S21,4.08,0.1670348507452174,0.5429937390148284
S21,4.12,0.15626906126947926,0.5158447264107427
S21,4.16,0.1475718241316094,0.4962765063904683
S21,4.2,0.13956020369974725,0.48017859189501844
S21,4.24,0.13060271086250488,0.4615184077523737
S21,4.28,0.12028823082330918,0.43754081133809786
S21,4.32,0.10961060056819709,0.4096333751649043
S21,4.36,0.10018070026891915,0.38155930410646344
S21,4.4,0.09343208090906134,0.3578170590567925
S21,4.44,0.08996188007287058,0.34120443350105284
S21,4.48,0.08914079663831592,0.33043427686011817
S21,4.52,0.0897225481695358,0.322398132557162
S21,4.56,0.09101051694020212,0.31711370515847187
S21,4.6,0.09310923682934105,0.3180565301927375
S21,4.64,0.0961153202605853,0.32792985990985424
S21,4.68,0.09935386253482219,0.3451876854701975
S21,4.72,0.10119033499531184,0.3630503037694439
S21,4.76,0.09936092296267371,0.3708183092869178
S21,4.8,0.0920013843276832,0.3582229891912794
S21,4.84,0.07903291465647037,0.3212220038049084
S21,4.88,0.0627918420733972,0.2657614387038947
S21,4.92,0.04740446946264941,0.207413899368813
S21,4.96,0.03715566996249243,0.1655345945916434
S21,5.0,0.034214055279372754,0.15139551422458405
S21,5.04,0.03708700961381731,0.1585020936555255
S21,5.08,0.04252896233851006,0.1730360370831085
S21,5.12,0.05180206940789049,0.20225809570772826
S21,5.16,0.07702629285916189,0.29237464011232417
S21,5.2,0.1408335844662787,0.4963149598196667
S21,5.24,0.26663783765030186,0.7346170615451856
S21,5.28,0.4643359670368619,0.865098823711874
S21,5.32,0.7201554199308955,0.915192063635965
S21,5.36,0.9976144701240003,0.9365221816587737
S22,-0.4,-0.023136596569094448,-0.10850749635655194
S22,-0.36,-0.19015702344488258,-0.5561796629878213
S22,-0.32,-0.45558104263506927,-0.810547019661509
S22,-0.28,-0.7550971524692888,-0.9067491774530927
S22,-0.24,-1.0116886321683634,-0.9425098883651297
S22,-0.2,-1.167578565907782,-0.9554751059081554
S22,-0.16,-1.205251129701512,-0.9573852109537544
S22,-0.12,-1.1476507321323919,-0.9515086678093272
S22,-0.08,-1.0386912913734223,-0.9387098739422501
S22,-0.04,-0.9187897298859719,-0.9203662534424051
S22,0.0,-0.8103422428015954,-0.899140140314621
S22,0.04,-0.7175012427534734,-0.8771461862672365
S22,0.08,-0.6348810839093773,-0.8538832935981082
S22,0.12,-0.5563052690318501,-0.8263149925958757
S22,0.16,-0.4787190118530011,-0.7900818048513033
S22,0.2,-0.4022513631053375,-0.7403918322466974
S22,0.24,-0.3287683430611043,-0.6730243948927646
S22,0.28,-0.2599076803657504,-0.5857823178231549
S22,0.32,-0.19594802771931577,-0.4792093236841791
S22,0.36,-0.13644972349393358,-0.35616974564295534
S22,0.4,-0.08119522942961312,-0.22191185202162916
S22,0.44,-0.030065445071470825,-0.08418603486361184
S22,0.48,0.017367488378567195,0.0488084421135683
S22,0.52,0.06203670579196914,0.1722453091289017
S22,0.56,0.10535224645975554,0.28571735490586636
S22,0.6,0.1486313045919099,0.38972254243267135
S22,0.64,0.1922384187346489,0.48183448472609103
S22,0.68,0.23508711556057976,0.55713617024529
S22,0.72,0.2750852460443636,0.6127594467732486
S22,0.76,0.31051181679843176,0.6508734046958591
S22,0.8,0.34106009823999783,0.6771054715703957
S22,0.84,0.36745187197908763,0.6973956485272448
S22,0.88,0.39040203654528727,0.7160419225551283
S22,0.92,0.41009851319543256,0.7351463366207147
S22,0.96,0.426525676615668,0.7549125326429712
S22,1.0,0.44017478754838657,0.7742422839814277
S22,1.04,0.4524028114719579,0.791383406687505
S22,1.08,0.46521121519604197,0.8050571998578445
S22,1.12,0.4806112682412404,0.8156337305973085
S22,1.16,0.49950453591357435,0.8247369258742037
S22,1.2,0.5207289096479443,0.8338856400427667
S22,1.24,0.5415276761134055,0.8439253669695177
S22,1.28,0.5590750664886363,0.8547857334089713
S22,1.32,0.5712976270965617,0.8650489317476664
S22,1.36,0.5771151172602937,0.872726211963939
S22,1.4,0.576973378410473,0.8769974983899278
S22,1.44,0.5730519386587217,0.8787181281133083
S22,1.48,0.5685616551121074,0.8794391064717801
S22,1.52,0.5667919963423004,0.8804187509425492
S22,1.56,0.570287033395778,0.8821650138426376
S22,1.6,0.5800647497417878,0.8841634641095252
S22,1.64,0.5951333913484835,0.8850023876347566
S22,1.68,0.6128201027160165,0.8834990755550296
S22,1.72,0.6299065815665565,0.8799755648192468
S22,1.76,0.6436818898149256,0.8759834358497999
S22,1.8,0.6523332066173839,0.873092376601442
S22,1.84,0.6551204492950335,0.8722427317230699
S22,1.88,0.6525582107449623,0.8734006998288766
S22,1.92,0.6460665594961349,0.8752796194275655
S22,1.96,0.637155283550881,0.8757877825123301
S22,2.0,0.6269522539548028,0.873159300870072
S22,2.04,0.616193027756131,0.8670426512113658
S22,2.08,0.6052336201307915,0.8588070300488709
S22,2.12,0.5942350076817748,0.8506641981627482
S22,2.16,0.5836088206814937,0.8442073030703958
S22,2.2,0.5741232259136024,0.8395521548518934
S22,2.24,0.5665092962878688,0.8355971217209625
S22,2.28,0.5609324900739134,0.8309417816235607
S22,2.32,0.5567383294691837,0.824603852586168
S22,2.36,0.552840806982236,0.8163272117370899
S22,2.4,0.5486528167809027,0.8067700002779324
S22,2.44,0.5445347492645332,0.7975025323379447
S22,2.48,0.5409488719072655,0.790417558880599
S22,2.52,0.5372172097618615,0.7866250566630629
S22,2.56,0.5314778247917266,0.7857827447192053
S22,2.6,0.52186317667316,0.7862611978925692
S22,2.64,0.5076162056965551,0.7858327864382804
S22,2.68,0.4895500844631414,0.7826145353189661
S22,2.72,0.4696538107074308,0.7756626974097782
S22,2.76,0.44986760832008105,0.7651142899584931
S22,2.8,0.43105712283726616,0.7521096507611291
S22,2.84,0.41308404637930024,0.7381449504222404
S22,2.88,0.395741149452118,0.7243742417400044
S22,2.92,0.3797674784621775,0.7121663481526765
S22,2.96,0.3668738475035563,0.703877621079793
S22,3.0,0.35830921866854587,0.7014191975363503
S22,3.04,0.35351412867238524,0.7038240097181925
S22,3.08,0.3504349844606577,0.7070777494266394
S22,3.12,0.3468769611902283,0.7062127959117531
S22,3.16,0.3417089357111156,0.6981013035634519
S22,3.2,0.33527543612748933,0.6837732837503873
S22,3.24,0.328845711110921,0.6682580787177386
S22,3.28,0.32348783098627726,0.6570960169461495
S22,3.32,0.3192468045283718,0.652410868647794
S22,3.36,0.3152462006597065,0.651889699340659
S22,3.4,0.3105315157995602,0.6507356165385654
S22,3.44,0.30479470377381024,0.6447375879390984
S22,3.48,0.29842155682711924,0.6327419181195971
S22,3.52,0.29186650461183744,0.6166390763721084
S22,3.56,0.28478229070386973,0.5988616716165721
S22,3.6,0.2759679215512736,0.5805176005437561
S22,3.64,0.264480976008612,0.5616609365497358
S22,3.68,0.2506117170043112,0.5422166635360146
S22,3.72,0.23586432755867773,0.5225943182795783
S22,3.76,0.22228374875931234,0.5040395963751093
S22,3.8,0.21137698105298827,0.48811732169558
S22,3.84,0.2031637886267167,0.4750106840394126
S22,3.88,0.19630032107563936,0.4623633331187692
S22,3.92,0.18903888473042268,0.44638783758172335
S22,3.96,0.1801186029932358,0.42454152853185717
S22,4.0,0.1692617053595895,0.39750489179748993
S22,4.04,0.15715630537970834,0.36889512941919234
S22,4.08,0.14500101816244898,0.3433104872540329
S22,4.12,0.13395825614914242,0.3241930166324872
S22,4.16,0.12491484319401892,0.3128729348556054
S22,4.2,0.11845851173510126,0.30842714718487185
S22,4.24,0.11451845940594697,0.3070736997143061
S22,4.28,0.11206050942540952,0.3029524816569731
S22,4.32,0.10966524637177155,0.29215226065084965
S22,4.36,0.10639082354432716,0.2754811748763704
S22,4.4,0.1020097629261603,0.25673184732250576
S22,4.44,0.09676461640206765,0.23951892564127386
S22,4.48,0.09112176809961188,0.22560654848721
S22,4.52,0.08577010737252284,0.21534662847964914
S22,4.56,0.08170821218591304,0.20921859715523466
S22,4.6,0.07977506321441405,0.20800551922461818
S22,4.64,0.07985030147465087,0.211089772179413
S22,4.68,0.08069045095229053,0.21532644047370253
S22,4.72,0.0806367952474312,0.21631647462411668
S22,4.76,0.07858447621341852,0.2111732753882552
S22,4.8,0.0746086262657591,0.20061898756054086
S22,4.84,0.07002206190146296,0.18882036040836014
S22,4.88,0.06715499418691037,0.18210152464278048
S22,4.92,0.06853402795353543,0.18667674051783134
S22,4.96,0.07498186233956958,0.20380420050852374
S22,5.0,0.08373178729316662,0.22528459403233922
S22,5.04,0.08858592353101143,0.23568376327031662
S22,5.08,0.0836562488924567,0.2223479856465936
S22,5.12,0.07147208907489148,0.19251938780150524
S22,5.16,0.0718744116865006,0.19678237912764096
S22,5.2,0.12205119482238973,0.32678776312452495
S22,5.24,0.2604676146902229,0.5899317199307234
S22,5.28,0.5017584067386602,0.8024870126943148
S22,5.32,0.8218656205407153,0.899387870631402
S22,5.36,1.1657032082190777,0.938572848341624
S23,-0.4,-0.44732879370644885,-0.8785041822836426
S23,-0.36,-0.7472911783750885,-0.9171900472073051
S23,-0.32,-1.0653446959556114,-0.9432213179992246
S23,-0.28,-1.3452810862408915,-0.9582069938177509
S23,-0.24,-1.5398926337517067,-0.9662073214349718
S23,-0.2,-1.63079256431624,-0.9699415477059787
S23,-0.16,-1.634432638456291,-0.9709400785485469
S23,-0.12,-1.5871183113962202,-0.9702187067020632
S23,-0.08,-1.5216154685730758,-0.9685896161469529
S23,-0.04,-1.4545116761362464,-0.966485155837733
S23,0.0,-1.3891464114027225,-0.9636868044920242
S23,0.04,-1.3243905720433022,-0.9593656467405263
S23,0.08,-1.2594708474732499,-0.9523566186015807
S23,0.12,-1.1938498493107137,-0.9413974399205904
S23,0.16,-1.126225967868629,-0.925334503710275
S23,0.2,-1.0550938168953394,-0.903447011252457
S23,0.24,-0.9802309320329038,-0.8755925847445802
S23,0.28,-0.9037378790579824,-0.8419186139339694
S23,0.32,-0.8297733396770303,-0.8028764784687299
S23,0.36,-0.7629812331036936,-0.7602853330015118
S23,0.4,-0.7065630101884258,-0.7182946105014467
S23,0.44,-0.6614515008991484,-0.6824920398975542
S23,0.48,-0.6270953541169121,-0.6578142176325168
S23,0.52,-0.6027935078324342,-0.6470739251760946
S23,0.56,-0.5877750380943444,-0.6498148453060266
S23,0.6,-0.5799695472210633,-0.6613105574162225
S23,0.64,-0.5749024499954675,-0.6734960371717915
S23,0.68,-0.5656935980858094,-0.6783380327200633
S23,0.72,-0.5446531834854712,-0.6699547761538406
S23,0.76,-0.5062651476982725,-0.6433339610433677
S23,0.8,-0.4497193597379586,-0.5934921505074374
S23,0.84,-0.3789918076113456,-0.5185022381287667
S23,0.88,-0.30087754674473915,-0.42354295679093323
S23,0.92,-0.22261987779405304,-0.3197644895543867
S23,0.96,-0.1501426717728773,-0.21840283792958964
S23,1.0,-0.08700375471354127,-0.12703219683871125
S23,1.04,-0.03428141127899918,-0.049708300897830904
S23,1.08,0.008862641059907726,0.012649323261106012
S23,1.12,0.044406142734800515,0.062132768441171424
S23,1.16,0.07451638930812068,0.10227544498294698
S23,1.2,0.10040912809060622,0.13567393553157575
S23,1.24,0.12161814629080445,0.16254012297752934
S23,1.28,0.13676763681389578,0.18147081704387874
S23,1.32,0.14549554747072835,0.1919942249437494
S23,1.36,0.14943473700501902,0.19627703037353034
S23,1.4,0.15144498370459905,0.19835632015627364
S23,1.44,0.1545019120444941,0.20243153397668262
S23,1.48,0.16068345195993822,0.21129577737335076
S23,1.52,0.17013406945014017,0.22504026758253298
S23,1.56,0.1811829785275616,0.24137706976491408
S23,1.6,0.19189349271207606,0.257744469335799
S23,1.64,0.20127286619798807,0.27283058137745003
S23,1.68,0.20904956690138266,0.2862210022499403
S23,1.72,0.2147966259541953,0.29733198356142615
S23,1.76,0.21745898575899683,0.3048366549970846
S23,1.8,0.2155112458906281,0.30681601936281133
S23,1.84,0.2074964121204524,0.3014029572666274
S23,1.88,0.19282702362887855,0.28748234020804214
S23,1.92,0.1726559238725147,0.26539836492586094
S23,1.96,0.15017925156167478,0.23782255453336582
S23,2.0,0.12968782643183266,0.20980083136920843
S23,2.04,0.11468866067716992,0.18679454928553713
S23,2.08,0.10638400374124754,0.17176227283569243
S23,2.12,0.10338135461238063,0.16379405881900733
S23,2.16,0.10230899961846615,0.15882657237937958
S23,2.2,0.09909185583985021,0.15157801198912557
S23,2.24,0.09076068989366967,0.13792942445372258
S23,2.28,0.07673213792567955,0.11665685792142975
S23,2.32,0.058456993478077014,0.08930117243603748
S23,2.36,0.03786164262303911,0.058265917247638584
S23,2.4,0.015841741982708286,0.024584951558365854
S23,2.44,-0.008296424271401691,-0.01296466083106082
S23,2.48,-0.03607216418969616,-0.05648344114539598
S23,2.52,-0.06819319460816793,-0.1062734123821922
S23,2.56,-0.10317964399367469,-0.15920341389313564
S23,2.6,-0.13767619558384514,-0.21014617149651127
S23,2.64,-0.16853743493309867,-0.25540183540149514
S23,2.68,-0.19484878853221066,-0.29474502484346654
S23,2.72,-0.21829533788909783,-0.33090635631998755
S23,2.76,-0.24205081244281682,-0.36800067106251594
S23,2.8,-0.2688488275326505,-0.40935218082251096
S23,2.84,-0.2990715814824584,-0.45499336400195195
S23,2.88,-0.33029955230186925,-0.5011751920488382
S23,2.92,-0.3589087112446384,-0.5428341582049643
S23,2.96,-0.38220685666417,-0.5762349453415424
S23,3.0,-0.39946449481962787,-0.5999237305358311
S23,3.04,-0.4120123831431523,-0.6151372522783018
S23,3.08,-0.422854067988828,-0.625783478574194
S23,3.12,-0.43538197248192245,-0.636739393468662
S23,3.16,-0.45141169460370656,-0.6510297194299854
S23,3.2,-0.46993539917956695,-0.6682368729199378
S23,3.24,-0.48754916531805886,-0.6852835787823126
S23,3.28,-0.5001790388894154,-0.6983199641703701
S23,3.32,-0.5050771928652404,-0.7043274337303459
S23,3.36,-0.5022819367933848,-0.7021712631409681
S23,3.4,-0.49486492020254175,-0.6930010419508927
S23,3.44,-0.4874614507532402,-0.6799226525086892
S23,3.48,-0.48381031156150595,-0.6667608047240561
S23,3.52,-0.4851874170197756,-0.6563000260041643
S23,3.56,-0.49054033524386803,-0.6493287029106456
S23,3.6,-0.49737584078483765,-0.6450301358016965
S23,3.64,-0.5027109819502001,-0.642017982417229
S23,3.68,-0.5040749388308821,-0.638998405292389
S23,3.72,-0.5002694329110685,-0.6349794460064088
S23,3.76,-0.49153656745432384,-0.6294649189949995
S23,3.8,-0.4790954039833522,-0.6223300865275012
S23,3.84,-0.46416293775670026,-0.6131965414468595
S23,3.88,-0.4473864444895387,-0.601313128620717
S23,3.92,-0.4291602235486804,-0.5864485965756921
S23,3.96,-0.4099060145097857,-0.5697783015485969
S23,4.0,-0.3902105369463133,-0.5538843032126501
S23,4.04,-0.3714948294677771,-0.5419685369940537
S23,4.08,-0.35627366419893375,-0.5364658076893591
S23,4.12,-0.3467237296754465,-0.5372704278439151
S23,4.16,-0.34299101102069657,-0.5411106566955567
S23,4.2,-0.34337344680399534,-0.5433802806704393
S23,4.24,-0.34587539232679887,-0.540990593759666
S23,4.28,-0.3493312298135531,-0.5338050810711216
S23,4.32,-0.3536066200013551,-0.524426767791097
S23,4.36,-0.35923160362708434,-0.5167197044350991
S23,4.4,-0.3664145433061757,-0.5131809691164122
S23,4.44,-0.37384549233318215,-0.5127477676749318
S23,4.48,-0.37848896140837446,-0.5109573469141463
S23,4.52,-0.3771702632621164,-0.5026499933001671
S23,4.56,-0.3690656638507961,-0.4855474313897733
S23,4.6,-0.3568088159087131,-0.46230710071305126
S23,4.64,-0.3450684321091179,-0.43935332069111077
S23,4.68,-0.33813478364067834,-0.42318122003820796
S23,4.72,-0.3381938856626506,-0.4168617949867973
S23,4.76,-0.34456191585978946,-0.41875670567569223
S23,4.8,-0.35402690910437945,-0.4238441417339036
S23,4.84,-0.36246214854532455,-0.426868545574017
S23,4.88,-0.36694996759327414,-0.4253370864522539
S23,4.92,-0.367435156118655,-0.4209414569538841
S23,4.96,-0.367416277294371,-0.41929252532658423
S23,5.0,-0.3731069235415121,-0.42780914612915016
S23,5.04,-0.3897932904565495,-0.451063320310334
S23,5.08,-0.4148419128045029,-0.48368133808683006
S23,5.12,-0.43058065298383696,-0.5055164468879618
S23,5.16,-0.40395539925774093,-0.4833854251604982
S23,5.2,-0.29781984650185583,-0.371030711156008
S23,5.24,-0.09036442404768866,-0.11590794007339976
S23,5.28,0.20882387654067314,0.2507456876128734
S23,5.32,0.5571954930605008,0.5601926458741051
S23,5.36,0.8949779679223885,0.7383422166687061
S24,-0.4,-0.24478754666667873,-0.8934649711906768
S24,-0.36,-0.509454217889619,-0.95305051507355
S24,-0.32,-0.8546012220900984,-0.9781235831626316
S24,-0.28,-1.2154558410091973,-0.9888749759044965
S24,-0.24,-1.5193717912647609,-0.9936261276889311
S24,-0.2,-1.7157828017197305,-0.9951197911375858
S24,-0.16,-1.7954893590190877,-0.9943234884306902
S24,-0.12,-1.787094679972232,-0.9917547744919809
S24,-0.08,-1.7328174090701987,-0.9877817314027468
S24,-0.04,-1.663763020924964,-0.9825752397064935
S24,0.0,-1.59157692355259,-0.9761004556896411
S24,0.04,-1.5155303238603957,-0.9681530414437959
S24,0.08,-1.4335802948282588,-0.9584523622662149
S24,0.12,-1.348178713529177,-0.9468570770823801
S24,0.16,-1.2651094775972092,-0.9333368128976984
S24,0.2,-1.1894015434561924,-0.9175149853697809
S24,0.24,-1.1224805628277017,-0.8984345341720841
S24,0.28,-1.061994352487354,-0.8750922177962891
S24,0.32,-1.0037073570164694,-0.8472009854083704
S24,0.36,-0.943847589234811,-0.8153425233518781
S24,0.4,-0.8804709760825122,-0.7803125604376224
S24,0.44,-0.8135396593731086,-0.7421887441042421
S24,0.48,-0.7442806722030413,-0.700140958388454
S24,0.52,-0.6745254197223453,-0.6533958690612686
S24,0.56,-0.6061016406462804,-0.6023914503512907
S24,0.6,-0.5400072865757106,-0.5488517556496383
S24,0.64,-0.47613305025736213,-0.49479098488239004
S24,0.68,-0.413878673163795,-0.44124430205996185
S24,0.72,-0.35270999308349954,-0.3875219775626051
S24,0.76,-0.2923909427729846,-0.33180261891177404
S24,0.8,-0.2333428204392882,-0.2730376910334217
S24,0.84,-0.17664601355339743,-0.2122519229028607
S24,0.88,-0.12349251309130937,-0.15184176499354948
S24,0.92,-0.07487196799804667,-0.0941532447352173
S24,0.96,-0.03168303051400136,-0.04085608274917142
S24,1.0,0.005366992826020621,0.0071261744776975056
S24,1.04,0.03645945260410718,0.050003490383021015
S24,1.08,0.06347415721491452,0.09003077467656873
S24,1.12,0.08985294147304285,0.13186744843878553
S24,1.16,0.11892026840526873,0.18073982863308302
S24,1.2,0.1515353469096005,0.23857446786983175
S24,1.24,0.18486161523933722,0.3007109083907809
S24,1.28,0.2133491939993563,0.35654671340636723
S24,1.32,0.23160821541523632,0.3953287505360319
S24,1.36,0.23768624473871847,0.413192086389388
S24,1.4,0.23444210769562887,0.41539608581260656
S24,1.44,0.2278437628655784,0.41245843786275826
S24,1.48,0.22362176958166086,0.41358829454604296
S24,1.52,0.22445503200291095,0.42145219846939114
S24,1.56,0.22922067760861628,0.4314764144146437
S24,1.6,0.23471892655512983,0.4365880659717035
S24,1.64,0.23827581872280038,0.43291146849415796
S24,1.68,0.2390454844845599,0.42122430310442455
S24,1.72,0.2377196748556602,0.40513859717649314
S24,1.76,0.23565058067666658,0.38901982404628255
S24,1.8,0.23402812235212334,0.3762727935792352
S24,1.84,0.23322406609496918,0.367993617838361
S24,1.88,0.23242218075120247,0.3625364614211031
S24,1.92,0.22996006456676485,0.35646511542051507
S24,1.96,0.22413030507220172,0.34595144222526836
S24,2.0,0.21390136579986493,0.3279356155309398
S24,2.04,0.19951093208567452,0.30175350301123843
S24,2.08,0.1826359789139291,0.2702948782906442
S24,2.12,0.16561713281910603,0.23857003683720113
S24,2.16,0.1502682766133939,0.21076445289565937
S24,2.2,0.13732871481807796,0.18864435141327446
S24,2.24,0.12655008771709905,0.17163836377116826
S24,2.28,0.11697171091684407,0.15761550469311278
S24,2.32,0.10747888304508761,0.144154355224771
S24,2.36,0.0974022026917442,0.12974358316240986
S24,2.4,0.08639738416362619,0.11378281665830234
S24,2.44,0.07392618173781298,0.09584482803201066
S24,2.48,0.059271308524798,0.07548946594417838
S24,2.52,0.04181065778616125,0.05234146051006963
S24,2.56,0.021169923767840857,0.026115902923148
S24,2.6,-0.0023946927989860266,-0.002920909199124355
S24,2.64,-0.02742381281713656,-0.03317071055891707
S24,2.68,-0.051467576331262976,-0.061859904230777946
S24,2.72,-0.0724913970431754,-0.08672660917266545
S24,2.76,-0.0903323430487372,-0.10781311991270984
S24,2.8,-0.10679644857393042,-0.1275689076060009
S24,2.84,-0.12464641925502262,-0.14956693701276322
S24,2.88,-0.14626786883102297,-0.17675631775918707
S24,2.92,-0.1722255805181572,-0.20950914643003152
S24,2.96,-0.2005196494841964,-0.24466697113278327
S24,3.0,-0.22760129732179285,-0.27721836766236146
S24,3.04,-0.25046072154666027,-0.3035065689561128
S24,3.08,-0.26788292077493664,-0.32279487469835233
S24,3.12,-0.28038132226367746,-0.336486813250459
S24,3.16,-0.2896779181372022,-0.3468995336831718
S24,3.2,-0.2981349014546655,-0.35664053303418425
S24,3.24,-0.30823356705437926,-0.3682767108762153
S24,3.28,-0.32206690087524403,-0.38383706917052396
S24,3.32,-0.3405287938506325,-0.40399983911896475
S24,3.36,-0.36280401976467835,-0.427772394325872
S24,3.4,-0.3869890532021351,-0.4532590057341188
S24,3.44,-0.4110057609430238,-0.4784074381476535
S24,3.48,-0.4330314750849456,-0.5013331835699507
S24,3.52,-0.4518932055851685,-0.5208857038864999
S24,3.56,-0.4674496214569343,-0.537125875191857
S24,3.6,-0.4804060942214842,-0.5511155943865188
S24,3.64,-0.49170367021453143,-0.564345017245506
S24,3.68,-0.5022599480736768,-0.5783530537347803
S24,3.72,-0.5132517407357603,-0.5946018676306971
S24,3.76,-0.5260688772362734,-0.614110467419657
S24,3.8,-0.5414129855186102,-0.6366329811090159
S24,3.84,-0.5585256625489727,-0.6603263019516632
S24,3.88,-0.5754695402818762,-0.6826464326052711
S24,3.92,-0.590146532650632,-0.7017493685468519
S24,3.96,-0.6012605874828606,-0.7171292179681866
S24,4.0,-0.6086356690716869,-0.7290909772548944
S24,4.04,-0.6126051719213641,-0.7377594341353207
S24,4.08,-0.6130583927051954,-0.7426307054357312
S24,4.12,-0.6091367978031917,-0.7428309156923691
S24,4.16,-0.5999632225258519,-0.7376660655060135
S24,4.2,-0.5859559564432153,-0.7274306608257423
S24,4.24,-0.5695753522376052,-0.7142086744512419
S24,4.28,-0.554750122880778,-0.7018749778464752
S24,4.32,-0.5453663861467903,-0.6947805628428655
S24,4.36,-0.5435914504087599,-0.6955785538162416
S24,4.4,-0.5489000751025841,-0.7036811575440322
S24,4.44,-0.5585436976077932,-0.7156613734858094
S24,4.48,-0.5690083484207441,-0.7272563066207645
S24,4.52,-0.5772092545706491,-0.7352653531421501
S24,4.56,-0.5812047574540765,-0.7383713616771941
S24,4.6,-0.5807902658605887,-0.7372623557245472
S24,4.64,-0.5776113934083962,-0.7344045287071864
S24,4.68,-0.5744513545187218,-0.7329749163889895
S24,4.72,-0.574141775784792,-0.7351586725812592
S24,4.76,-0.5785523474015344,-0.7411179196735699
S24,4.8,-0.5876973221182075,-0.7491943230309889
S24,4.84,-0.5992857741269247,-0.7567525439011658
S24,4.88,-0.6091714075891598,-0.7610778641981789
S24,4.92,-0.6128647296248485,-0.7603094110896038
S24,4.96,-0.6079026372861056,-0.7544008159381604
S24,5.0,-0.5960294465167548,-0.74571423064585
S24,5.04,-0.5832387515147883,-0.738803991180249
S24,5.08,-0.5757135942885119,-0.7382702064554422
S24,5.12,-0.5714129271264822,-0.7436747575834562
S24,5.16,-0.5512922319932584,-0.743876679039652
S24,5.2,-0.47880939605731565,-0.7105639587128104
S24,5.24,-0.3144985759461078,-0.5660319576043344
S24,5.28,-0.04061559290298969,-0.0891050701757555
S24,5.32,0.32128038855225455,0.5722464705626285
S24,5.36,0.7145007648416015,0.8352964789587791
S25,-0.4,-0.27659144880233644,-0.9152439128512417
S25,-0.36,-0.6344822774766321,-0.9542758224569663
S25,-0.32,-1.1124584104624822,-0.9705678763587383
S25,-0.28,-1.6004065235594438,-0.9791903400357502
S25,-0.24,-1.9672959900490947,-0.9841723937564217
S25,-0.2,-2.1175049912074058,-0.9867487449932328
S25,-0.16,-2.032261482509227,-0.9872493675592809
S25,-0.12,-1.7727357317153176,-0.9855898249323642
S25,-0.08,-1.4401820958239462,-0.981154890511099
S25,-0.04,-1.1222197497872257,-0.9721632143811636
S25,0.0,-0.8619278847497841,-0.9547817022321539
S25,0.04,-0.66076809692977,-0.9224608894058519
S25,0.08,-0.500099109936595,-0.8642162819783159
S25,0.12,-0.36107341907241336,-0.7598749394540683
S25,0.16,-0.23350377807810266,-0.5798420679484456
S25,0.2,-0.11527352938206617,-0.3147602946543126
S25,0.24,-0.008071599358479679,-0.02201696513906834
S25,0.28,0.0861356532127227,0.2185109874461271
S25,0.32,0.16672424582224138,0.38209934083589714
S25,0.36,0.2347245809033729,0.4841364180285572
S25,0.4,0.2921980393817086,0.5453886469905864
S25,0.44,0.34111317781084305,0.5813501351740807
S25,0.48,0.3826514833721279,0.6020939140484785
S25,0.52,0.4173060818277547,0.6137932602572811
S25,0.56,0.4453308001197589,0.6200779998820103
S25,0.6,0.4670653522766916,0.6230056281100883
S25,0.64,0.4829977920216128,0.6237385205428605
S25,0.68,0.49387779580043834,0.6231693894473505
S25,0.72,0.5009072154054462,0.6220667295858336
S25,0.76,0.5053239069021271,0.6204343577624059
S25,0.8,0.5075863593035383,0.6172105700176589
S25,0.84,0.5070811300327734,0.6110486975960512
S25,0.88,0.5025556328306237,0.6011217540227756
S25,0.92,0.49312691384323615,0.587378703923704
S25,0.96,0.4792596964569254,0.5708958344433934
S25,1.0,0.4627580536812887,0.5541070267556578
S25,1.04,0.445995887195108,0.5400520802322213
S25,1.08,0.43115506374832063,0.530882852522455
S25,1.12,0.4192273625717454,0.5264320338315283
S25,1.16,0.40915801183896816,0.5238751183387464
S25,1.2,0.39825816870229264,0.5191437660786695
S25,1.24,0.38386439672009726,0.509054568640987
S25,1.28,0.3650697177461127,0.4928612465322844
S25,1.32,0.343413202193264,0.47292136641193333
S25,1.36,0.32195283407049935,0.45374180730061353
S25,1.4,0.30338328231524453,0.43935329470576134
S25,1.44,0.28873225714193473,0.43098638558084224
S25,1.48,0.277182293912716,0.4265586740005173
S25,1.52,0.2666866754590001,0.42207121030849504
S25,1.56,0.25527310252497226,0.4143419470216205
S25,1.6,0.24236955694556533,0.40297297259718656
S25,1.64,0.228938235670066,0.3899044122546801
S25,1.68,0.21635761782852572,0.37748141078153585
S25,1.72,0.20531972378536073,0.3669130247820606
S25,1.76,0.19577543967188582,0.3582280929369579
S25,1.8,0.18792600446837793,0.35199889413574714
S25,1.84,0.18304611369033735,0.35106642844265806
S25,1.88,0.18302476982200455,0.36005301509966703
S25,1.92,0.18932895659325322,0.3833246472736258
S25,1.96,0.20254791040532044,0.423317593945845
S25,2.0,0.22230032815991674,0.4793892641367189
S25,2.04,0.24721041233541782,0.5471346537117496
S25,2.08,0.2754669938877671,0.6186843149288186
S25,2.12,0.3053434226206778,0.6835124364354535
S25,2.16,0.334811152390357,0.7318545612153378
S25,2.2,0.36107488622024636,0.7602356343963854
S25,2.24,0.38123325574947087,0.7722154553318051
S25,2.28,0.39353973449626106,0.7740272141784289
S25,2.32,0.39802505603234006,0.7709056799584336
S25,2.36,0.39613020697311224,0.7655257862716969
S25,2.4,0.38972762468441113,0.7579261035259779
S25,2.44,0.3801601255926268,0.7472333375932958
S25,2.48,0.36791572365287734,0.7337902995505206
S25,2.52,0.3533754773191249,0.7197635228581435
S25,2.56,0.33792401887366796,0.7084422077271526
S25,2.6,0.32407636373275334,0.7030470698789459
S25,2.64,0.3141786293114315,0.7050229802986627
S25,2.68,0.3088740166765313,0.7128037350834568
S25,2.72,0.30667578351889063,0.7222481522695955
S25,2.76,0.30475546831666017,0.7285301596912165
S25,2.8,0.30020655236299043,0.7284704327969953
S25,2.84,0.2911608306500597,0.7216079913911794
S25,2.88,0.27721602276701157,0.7086180245165157
S25,2.92,0.2589751032720806,0.6880907205208071
S25,2.96,0.23732196045728485,0.6553230420658531
S25,3.0,0.21307387174495712,0.6056203179131545
S25,3.04,0.18692632282721364,0.5387932999333387
S25,3.08,0.1597925472946037,0.4601628326199222
S25,3.12,0.13328314760048518,0.378781635267209
S25,3.16,0.10934689537115583,0.3041635312976029
S25,3.2,0.08916362664211136,0.24182276160877442
S25,3.24,0.07252730651365404,0.19153044668662395
S25,3.28,0.05797416795628681,0.14905151516819637
S25,3.32,0.04303376494787559,0.10795958567983961
S25,3.36,0.024865273107993396,0.0612018749337942
S25,3.4,0.0016002484234540518,0.0038876643819115986
S25,3.44,-0.026312069839675704,-0.06326962611409404
S25,3.48,-0.056153191640845646,-0.13342133074956397
S25,3.52,-0.08441531474993608,-0.19719247857575375
S25,3.56,-0.10825185755006035,-0.2468583832850677
S25,3.6,-0.12603028328579255,-0.2783887059663294
S25,3.64,-0.13754058257882665,-0.29233634132801556
S25,3.68,-0.14376118977042565,-0.29303904493966976
S25,3.72,-0.14580471111097207,-0.2854139114340777
S25,3.76,-0.1439089200079023,-0.2719282217382343
S25,3.8,-0.13742361694418287,-0.252328444799346
S25,3.84,-0.12574278860737037,-0.22570729235676873
S25,3.88,-0.10965093009433391,-0.1932672912477385
S25,3.92,-0.09192677824803884,-0.15959669612153182
S25,3.96,-0.07645146541850266,-0.13120071588719034
S25,4.0,-0.06672058160361363,-0.11385642976944674
S25,4.04,-0.06464693074565193,-0.11063940197496266
S25,4.08,-0.06971330096494205,-0.12071263283869532
S25,4.12,-0.07907944685882368,-0.1392924650930089
S25,4.16,-0.08903200726253688,-0.1595479547852195
S25,4.2,-0.09668067076032444,-0.17546295703017167
S25,4.24,-0.10079648284816284,-0.1839000410319735
S25,4.28,-0.10177137396136085,-0.18518205963735046
S25,4.32,-0.10112716924156631,-0.18228098795571687
S25,4.36,-0.10080684647101434,-0.17909347204719625
S25,4.4,-0.10221095719294479,-0.17844809393226738
S25,4.44,-0.10508851673938546,-0.18034825793124
S25,4.48,-0.10710814149171648,-0.18149283888972578
S25,4.52,-0.10486476172110605,-0.17678065757246972
S25,4.56,-0.09571467037146902,-0.16171719205617183
S25,4.6,-0.07924331469984583,-0.13465396343390795
S25,4.64,-0.05797352962875606,-0.09887831074807095
S25,4.68,-0.037185494285820096,-0.06334321015771631
S25,4.72,-0.023068994673291095,-0.039132121871035944
S25,4.76,-0.01952597597743075,-0.03304149797084169
S25,4.8,-0.02590667074976453,-0.043932957063040734
S25,4.84,-0.037265167414418446,-0.06358522433875158
S25,4.88,-0.04652750595957111,-0.08003482579158773
S25,4.92,-0.047448097819532485,-0.08231687664993317
S25,4.96,-0.03765763954738109,-0.0658698561737277
S25,5.0,-0.020848225233139478,-0.036758401401683155
S25,5.04,-0.006209964763919904,-0.01105864396204273
S25,5.08,-0.002379417348222027,-0.004304312841999239
S25,5.12,-0.005754993885193328,-0.010646424750318434
S25,5.16,0.009911023011828612,0.018806872240354523
S25,5.2,0.0909709793029139,0.17369622163824375
S25,5.24,0.2824033009600342,0.48277840743274225
S25,5.28,0.5973670960425862,0.7530374335106278
S25,5.32,1.0006341870788702,0.877104410677715
S25,5.36,1.4210041732099339,0.9242355069515745
S26,-0.4,-0.3284951633455541,-0.9417267173175443
S26,-0.36,-0.6886819553484833,-0.9691319447449738
S26,-0.32,-1.1511342465146397,-0.9801758234233784
S26,-0.28,-1.6137177119061166,-0.9847342499067316
S26,-0.24,-1.9584576921279047,-0.986363313798638
S26,-0.2,-2.10061999745584,-0.986293149689865
S26,-0.16,-2.025201052016976,-0.9848908548472507
S26,-0.12,-1.7887097037142525,-0.9820604873812018
S26,-0.08,-1.482641126415851,-0.9770429324123802
S26,-0.04,-1.186358196713275,-0.9679746559436502
S26,0.0,-0.9408330747896151,-0.9523074755407461
S26,0.04,-0.7509149264911843,-0.9283108966003106
S26,0.08,-0.6025390231573984,-0.8947366578074826
S26,0.12,-0.478831844020765,-0.8474820785930526
S26,0.16,-0.3683911752268022,-0.7765381166915988
S26,0.2,-0.26675261971641673,-0.6658534300807576
S26,0.24,-0.17420782305266064,-0.5015862276812078
S26,0.28,-0.09252992983483813,-0.29231691925015185
S26,0.32,-0.022662473795495262,-0.0743577822195472
S26,0.36,0.03538668826230768,0.1158204630954033
S26,0.4,0.08132503360452262,0.2597602929030013
S26,0.44,0.11432267759501,0.3540541266194341
S26,0.48,0.13429842326830593,0.404701843943953
S26,0.52,0.14284001717997508,0.4216567792275177
S26,0.56,0.14255310023854767,0.4150868861359688
S26,0.6,0.1359323370438019,0.393773401207864
S26,0.64,0.12498965597528819,0.3641109710622329
S26,0.68,0.11140974979171865,0.3297438583783576
S26,0.72,0.09679908658456654,0.29234114535491584
S26,0.76,0.08289432204925652,0.2534320668821822
S26,0.8,0.07129450990258243,0.21610559972559767
S26,0.84,0.0628086772102248,0.1844516632636753
S26,0.88,0.05701338105667549,0.16015755311881563
S26,0.92,0.05217674494883142,0.1402833957519069
S26,0.96,0.045696909536632406,0.11888663327739483
S26,1.0,0.03552486178079351,0.09099695510233016
S26,1.04,0.02161661646507307,0.05547916552745277
S26,1.08,0.005779696029422946,0.0150162239321453
S26,1.12,-0.009816419208082572,-0.02583191894897538
S26,1.16,-0.023824735819784025,-0.063245248077306
S26,1.2,-0.03605146667736941,-0.0963917144771673
S26,1.24,-0.047648414235259444,-0.12869167054666758
S26,1.28,-0.060968491799097566,-0.16705826177910882
S26,1.32,-0.07816851171310156,-0.21735805118294857
S26,1.36,-0.09919849883868839,-0.27744189487627247
S26,1.4,-0.1212723884148193,-0.335303225566276
S26,1.44,-0.1406567152727217,-0.37823813760361963
S26,1.48,-0.15491548401042046,-0.4029034954414616
S26,1.52,-0.16347610770836982,-0.41422066307682914
S26,1.56,-0.1668714356573031,-0.41948353648789277
S26,1.6,-0.16622380158843067,-0.4259755313970447
S26,1.64,-0.1631351982080032,-0.4394466085546179
S26,1.68,-0.1594507903913741,-0.45932316971312853
S26,1.72,-0.15707540695983996,-0.47513975915012785
S26,1.76,-0.157864735773671,-0.4791504233066408
S26,1.8,-0.1630544364866302,-0.48168846823058
S26,1.84,-0.1722572143059673,-0.4944640187061217
S26,1.88,-0.18308304670860207,-0.5141564987107454
S26,1.92,-0.19208244480657577,-0.530208252236207
S26,1.96,-0.19641257388160493,-0.5384412112465556
S26,2.0,-0.19517068350908584,-0.5423396545444835
S26,2.04,-0.18961702576487952,-0.5458754259445764
S26,2.08,-0.1823820369980899,-0.550250890010682
S26,2.12,-0.17636263843609926,-0.5555905530908187
S26,2.16,-0.17381568674386166,-0.563344206419407
S26,2.2,-0.17573144283228823,-0.574736257027934
S26,2.24,-0.18151718964465768,-0.5870548059750444
S26,2.28,-0.1892666681449417,-0.5946569360626262
S26,2.32,-0.19692056556465592,-0.594071048509538
S26,2.36,-0.20371984118470576,-0.58713128391373
S26,2.4,-0.21048854239732526,-0.5793677286469648
S26,2.44,-0.21848074004360804,-0.5755128402868936
S26,2.48,-0.2279872453629724,-0.5762639089406153
S26,2.52,-0.23798180307078373,-0.579095986433908
S26,2.56,-0.2467735544253847,-0.5807022682949394
S26,2.6,-0.2527980279755854,-0.5780250964883896
S26,2.64,-0.2551754365861837,-0.5691961594088644
S26,2.68,-0.25405718243116954,-0.5554775020026829
S26,2.72,-0.25045567048560646,-0.5412512212025293
S26,2.76,-0.24568137986228258,-0.5311974927068109
S26,2.8,-0.2409400869622262,-0.5277954520761122
S26,2.84,-0.2371121326390117,-0.5306935501307932
S26,2.88,-0.2347349882228799,-0.5375747503499884
S26,2.92,-0.23426510040785728,-0.5459406175749906
S26,2.96,-0.236067916739112,-0.5544732921920803
S26,3.0,-0.23997715427953062,-0.5630653968084293
S26,3.04,-0.24542438953841778,-0.57272420818875
S26,3.08,-0.2521400702548633,-0.5855381197354186
S26,3.12,-0.25987721431502475,-0.6026848391987322
S26,3.16,-0.2673947610479367,-0.6217662663824213
S26,3.2,-0.2728808900993799,-0.6378353907199681
S26,3.24,-0.27565846956628276,-0.6474775502592053
S26,3.28,-0.27665149297274355,-0.6506548848606292
S26,3.32,-0.2772936406760511,-0.6490821187693817
S26,3.36,-0.27871080484531763,-0.6445647358394508
S26,3.4,-0.28157526719165277,-0.6391261346683594
S26,3.44,-0.28588031781455986,-0.6354202959378464
S26,3.48,-0.29098160352711117,-0.6360595350317108
S26,3.52,-0.29659068001170935,-0.6431610218772215
S26,3.56,-0.3039644414394766,-0.6590786356595839
S26,3.6,-0.3154723546506594,-0.6858021538047301
S26,3.64,-0.33225060380641164,-0.7215125251709281
S26,3.68,-0.3524139185452404,-0.7589572038593092
S26,3.72,-0.3718508484909352,-0.7895460921867911
S26,3.76,-0.38629948817957743,-0.8080715183021078
S26,3.8,-0.39267241038778805,-0.812966897473513
S26,3.84,-0.38985883772455104,-0.804866428840648
S26,3.88,-0.3795594379316674,-0.7868024863225319
S26,3.92,-0.36602632169719285,-0.7650461763943665
S26,3.96,-0.3543689633825107,-0.7480180540572889
S26,4.0,-0.3488561029384809,-0.7428530537913944
S26,4.04,-0.35184107162542555,-0.7514050092842406
S26,4.08,-0.36297716909320504,-0.7683815000247426
S26,4.12,-0.37904684388149357,-0.7842250304235648
S26,4.16,-0.39490260235844477,-0.7911621993090754
S26,4.2,-0.4054679148894209,-0.7866387549201801
S26,4.24,-0.4081696222813627,-0.7728198459144073
S26,4.28,-0.4044004944160341,-0.7553609646834711
S26,4.32,-0.3987343129293191,-0.741404812774889
S26,4.36,-0.3960495416887594,-0.7356038523051572
S26,4.4,-0.39871183708853686,-0.7370045911610901
S26,4.44,-0.40577329362393705,-0.7402330853969632
S26,4.48,-0.4137789192923144,-0.7398125083672457
S26,4.52,-0.41827363009327423,-0.7333597303541103
S26,4.56,-0.41600435729484364,-0.7217983812487212
S26,4.6,-0.40681776464728847,-0.7081369984197895
S26,4.64,-0.3936567388106532,-0.6961000726109139
S26,4.68,-0.3807017641208226,-0.6885935719659979
S26,4.72,-0.3711989496332318,-0.6865773525260737
S26,4.76,-0.366574390923864,-0.6894154529863453
S26,4.8,-0.3667859508946622,-0.696183847717058
S26,4.84,-0.37036637040748394,-0.7060139973780492
S26,4.88,-0.3740607661478439,-0.7171496095680358
S26,4.92,-0.37391921822472357,-0.7267437814355088
S26,4.96,-0.3683505754645441,-0.7327334970476581
S26,5.0,-0.36073422074282796,-0.7363888363806013
S26,5.04,-0.35853676580235166,-0.7427851076376389
S26,5.08,-0.36744860401643575,-0.7563661307111367
S26,5.12,-0.3818322220701091,-0.772882504016856
S26,5.16,-0.377079106689006,-0.7747641032150316
S26,5.2,-0.31320220459319703,-0.720325268648484
S26,5.24,-0.1540782738062568,-0.453798400574327
S26,5.28,0.1080737389397891,0.32145934195551484
S26,5.32,0.4417275587547745,0.7854247398650958
S26,5.36,0.7874171887055839,0.898941414115276
S27,-0.4,-0.1533796282580816,-0.706517747356771
S27,-0.36,-0.35219349662084354,-0.8408957151766117
S27,-0.32,-0.6319797884872014,-0.9044956156299777
S27,-0.28,-0.9441410103544694,-0.9323863665503498
S27,-0.24,-1.2250200157035274,-0.9442226821035707
S27,-0.2,-1.4191038863860892,-0.9472082322882223
S27,-0.16,-1.5003904640350634,-0.9434977108087184
S27,-0.12,-1.480517745821694,-0.9335829508591194
S27,-0.08,-1.3968076139234686,-0.9180954857182072
S27,-0.04,-1.2901589116827554,-0.8988065036590098
S27,0.0,-1.1886599634187447,-0.8784215152391035
S27,0.04,-1.1034824222437758,-0.8592210005649663
S27,0.08,-1.0337204601813508,-0.8417630506626854
S27,0.12,-0.9738049868065445,-0.8249084250529385
S27,0.16,-0.9189419419873011,-0.8069512742513165
S27,0.2,-0.8669505000929126,-0.786720165128893
S27,0.24,-0.8176107653350522,-0.764027197164524
S27,0.28,-0.771454127308884,-0.7395583812035283
S27,0.32,-0.7287620662935552,-0.7143462737248698
S27,0.36,-0.6892030318588717,-0.6892221617102777
S27,0.4,-0.6523027513184126,-0.6646850991578601
S27,0.44,-0.6179126903565978,-0.6409468195850992
S27,0.48,-0.585894176539666,-0.6177187149371473
S27,0.52,-0.5555230726338233,-0.594047539272353
S27,0.56,-0.5256769307558415,-0.5688750123687611
S27,0.6,-0.4958027189145648,-0.5420323467230044
S27,0.64,-0.4662111309057782,-0.5142724440002194
S27,0.68,-0.43730817096476854,-0.48616960384568664
S27,0.72,-0.40926132449853003,-0.4577116369919598
S27,0.76,-0.3822998657439407,-0.42903399608303805
S27,0.8,-0.35618900786295526,-0.4005017284989224
S27,0.84,-0.3294544667344248,-0.3718767389559019
S27,0.88,-0.3001852455409908,-0.342337553452063
S27,0.92,-0.2675490629536357,-0.3112271778491727
S27,0.96,-0.23204410105005333,-0.2782295536546924
S27,1.0,-0.19511039251488688,-0.24353126157347146
S27,1.04,-0.15911586339799108,-0.20847441437730924
S27,1.08,-0.12655827197408154,-0.1750767029551259
S27,1.12,-0.0983614108453072,-0.14401848912628923
S27,1.16,-0.07323978699536325,-0.11337862142695554
S27,1.2,-0.049005195895241264,-0.0799000963801045
S27,1.24,-0.02466991336815376,-0.04211976142335449
S27,1.28,-0.0015467245391748645,-0.002745566112384204
S27,1.32,0.0178024857285664,0.0325933258058996
S27,1.36,0.0316488146476275,0.05926386871118072
S27,1.4,0.040243639618549626,0.07639746499610625
S27,1.44,0.04563666405949625,0.08706967124629404
S27,1.48,0.050409905565319525,0.09597661024638074
S27,1.52,0.05589403558304234,0.10567520006049003
S27,1.56,0.061407907595752126,0.1148511981907441
S27,1.6,0.0651386804064039,0.12010669075412043
S27,1.64,0.06556253700658932,0.1188489034372002
S27,1.68,0.06252115114930752,0.11117801503967198
S27,1.72,0.05751772778636076,0.10011093468389143
S27,1.76,0.05280660618396396,0.08976266803740397
S27,1.8,0.04989146792592481,0.08270146899085543
S27,1.84,0.04870004697783276,0.0787257364790352
S27,1.88,0.04781800812109232,0.07554011151665418
S27,1.92,0.0453681966651685,0.07024859454849924
S27,1.96,0.039965053089579476,0.06073127967161396
S27,2.0,0.031361860362051346,0.04665695902474148
S27,2.04,0.020573693192633604,0.029783071594726776
S27,2.08,0.009258388683271017,0.012933945153679802
S27,2.12,-0.0015458528307481353,-0.002067084340126018
S27,2.16,-0.012136751490297268,-0.015453664086172693
S27,2.2,-0.023412887024779026,-0.02837994299835049
S27,2.24,-0.035722081111319824,-0.041411728862949665
S27,2.28,-0.04853685354216606,-0.054188102063249595
S27,2.32,-0.06067097938124512,-0.06561207749261867
S27,2.36,-0.07082759399386948,-0.0744160522536213
S27,2.4,-0.07873841330876244,-0.08044205355268004
S27,2.44,-0.085903976067591,-0.085380568650757
S27,2.48,-0.09468733392966532,-0.0917223687951246
S27,2.52,-0.10665068541579094,-0.10111108796890528
S27,2.56,-0.12175361226206483,-0.1137092421524369
S27,2.6,-0.13848304106021547,-0.12838926276726326
S27,2.64,-0.1544392103953964,-0.14319105878646743
S27,2.68,-0.16734259479450836,-0.1561262691520342
S27,2.72,-0.17591162639568497,-0.16590655534236312
S27,2.76,-0.17989969988184845,-0.17193945052372495
S27,2.8,-0.17959008467163146,-0.17399293260873117
S27,2.84,-0.17564555291970985,-0.17238697893622212
S27,2.88,-0.1694625010948737,-0.1685083128540867
S27,2.92,-0.16335472248637709,-0.16484531223554783
S27,2.96,-0.1600706695674106,-0.16431723417570848
S27,3.0,-0.16171810100457312,-0.16914904417705573
S27,3.04,-0.16853281482959773,-0.17959002355336506
S27,3.08,-0.17841241866895644,-0.19329699968324604
S27,3.12,-0.1880207747729894,-0.20643212005913092
S27,3.16,-0.19493788082879043,-0.21618000636937576
S27,3.2,-0.19908965464946113,-0.22258215828381156
S27,3.24,-0.2023196702656814,-0.22806055712679224
S27,3.28,-0.20672455713054444,-0.23536274851349598
S27,3.32,-0.21308615423334584,-0.24566822128209795
S27,3.36,-0.22024877637962695,-0.2577776192539508
S27,3.4,-0.22598230195169342,-0.26884019324127356
S27,3.44,-0.22873932862270696,-0.2762382149187576
S27,3.48,-0.2286185804965568,-0.2791350696666085
S27,3.52,-0.22694335863733547,-0.2785993097325069
S27,3.56,-0.22541232532986377,-0.2768089340039885
S27,3.6,-0.22541907728734872,-0.27613844225849327
S27,3.64,-0.227620126161579,-0.27835961922163427
S27,3.68,-0.23199437712638496,-0.28425316755602026
S27,3.72,-0.23814449683323846,-0.2936347705550854
S27,3.76,-0.24534689530564632,-0.3053921965950629
S27,3.8,-0.2525506934655845,-0.3175637380577502
S27,3.84,-0.2586069961331586,-0.327749223822774
S27,3.88,-0.26270253167678453,-0.3340689781034071
S27,3.92,-0.2649301628876822,-0.33637659811243964
S27,3.96,-0.26649260203261094,-0.336624260184157
S27,4.0,-0.2689415342436972,-0.33771801969732845
S27,4.04,-0.27324049791933963,-0.3420624841387483
S27,4.08,-0.27960303389618407,-0.3509372671097741
S27,4.12,-0.2876349300862547,-0.3642711771235977
S27,4.16,-0.29666438907250564,-0.3807581434021999
S27,4.2,-0.3067580903062921,-0.3989927871657509
S27,4.24,-0.3193154985560475,-0.4186775624966996
S27,4.28,-0.335970946614997,-0.44035057210018996
S27,4.32,-0.3570582676635887,-0.46437881593138375
S27,4.36,-0.3814007014295124,-0.4906562077955492
S27,4.4,-0.4073911106477187,-0.519046166958592
S27,4.44,-0.4341929686553168,-0.5496913216712722
S27,4.48,-0.46200698838938997,-0.5825660814036902
S27,4.52,-0.49118639468684555,-0.6166253510804345
S27,4.56,-0.5208520709672327,-0.6494288120645877
S27,4.6,-0.5479535208212799,-0.6775354229573214
S27,4.64,-0.56774929660316,-0.6975641566965176
S27,4.68,-0.5762460800949406,-0.7077015258309288
S27,4.72,-0.5729459389830694,-0.7086290858459008
S27,4.76,-0.5611876804999374,-0.7029720937596469
S27,4.8,-0.5458171205385364,-0.6935660830951469
S27,4.84,-0.5304579827134548,-0.681884520275323
S27,4.88,-0.5159071547075108,-0.6675806940193224
S27,4.92,-0.5005654769468475,-0.6495044991104373
S27,4.96,-0.4832858116545223,-0.6279864075259576
S27,5.0,-0.46672595449026033,-0.6069799103714825
S27,5.04,-0.4572644407272287,-0.5931325332245355
S27,5.08,-0.45865252336486784,-0.589159885343715
S27,5.12,-0.4614478376835429,-0.5849235879605549
S27,5.16,-0.4364794957282806,-0.5541912045028438
S27,5.2,-0.3420669431807924,-0.452195285117493
S27,5.24,-0.14615168477813817,-0.20623905842734777
S27,5.28,0.15002590172786467,0.20732958257443626
S27,5.32,0.5051271714239144,0.5771791205221874
S27,5.36,0.8541682223131964,0.7680971741506932
S28,-0.4,-0.2065109789321324,-0.7069848888610986
S28,-0.36,-0.6122076925759353,-0.9187188478314313
S28,-0.32,-1.232327502785081,-0.972864021326365
S28,-0.28,-1.9626941008392345,-0.9872968823215639
S28,-0.24,-2.6422172860722024,-0.9915405468269352
S28,-0.2,-3.1193164207133646,-0.9922729123551705
S28,-0.16,-3.3150617325991574,-0.9911564898851235
S28,-0.12,-3.2525092802665423,-0.9886177883224636
S28,-0.08,-3.029501842360591,-0.9848305315683153
S28,-0.04,-2.7546696473401964,-0.9800982695477689
S28,0.0,-2.4969723301073277,-0.9749101857475454
S28,0.04,-2.2764133207048665,-0.9696802146156903
S28,0.08,-2.0842358567089394,-0.9645193264688203
S28,0.12,-1.9064644562431066,-0.9592412689537153
S28,0.16,-1.7354636567461095,-0.9533050452539955
S28,0.2,-1.5699494300232373,-0.9455927146824481
S28,0.24,-1.4105146817858,-0.9343194424936383
S28,0.28,-1.2565626138554091,-0.9173258365326022
S28,0.32,-1.1065309276749165,-0.8926455358629802
S28,0.36,-0.9597036748588159,-0.8589315855116753
S28,0.4,-0.8171457326225323,-0.8152693395600319
S28,0.44,-0.6810386080305147,-0.7604739088376173
S28,0.48,-0.5533056491002868,-0.6924604175907709
S28,0.52,-0.43454122713411175,-0.6080827390450072
S28,0.56,-0.3236969993854949,-0.5033406530536478
S28,0.6,-0.21895016976889925,-0.37420818869662353
S28,0.64,-0.11956484810698317,-0.22043437698678686
S28,0.68,-0.027048953049326967,-0.05230722853400582
S28,0.72,0.05550833988743466,0.10907261663095125
S28,0.76,0.1251654439425408,0.243316658730455
S28,0.8,0.18105130288547672,0.34214552135051746
S28,0.84,0.22568845844290192,0.4108383092038115
S28,0.88,0.26448091136336227,0.4621425365866423
S28,0.92,0.30341091021352884,0.5084462345548197
S28,0.96,0.3462458446532752,0.5562289721201931
S28,1.0,0.39289327179933253,0.6049082453212254
S28,1.04,0.4400007257982829,0.6498238314269017
S28,1.08,0.48325285721487343,0.6864268856470809
S28,1.12,0.5196178620174313,0.7126905854610344
S28,1.16,0.5486756383529044,0.7295150311244917
S28,1.2,0.5726618247687714,0.7400599877647909
S28,1.24,0.5950103352929812,0.7483653775151078
S28,1.28,0.6181999177171589,0.7575551855651972
S28,1.32,0.6425983787692594,0.7686049229752469
S28,1.36,0.6669117471284558,0.7804704156933013
S28,1.4,0.6894361366698245,0.7912569456500298
S28,1.44,0.7089328470413615,0.799344338353628
S28,1.48,0.7248574489505111,0.8040004173695983
S28,1.52,0.7370966452020882,0.8056500791433393
S28,1.56,0.7452763018218894,0.8055749603039712
S28,1.6,0.7482456388768568,0.805070756860419
S28,1.64,0.7447578902937357,0.8048109639292005
S28,1.68,0.7350092207039957,0.8047865223188445
S28,1.72,0.7211733200177035,0.8045371945622136
S28,1.76,0.7060995200995124,0.8034582215983455
S28,1.8,0.6913447813056381,0.8009649657263671
S28,1.84,0.6764682738149786,0.7965396323100619
S28,1.88,0.6600932130927603,0.7900243086104819
S28,1.92,0.6414744553034001,0.782031780824942
S28,1.96,0.6212771222267514,0.7738487660331164
S28,2.0,0.6014719032348552,0.7669601504953228
S28,2.04,0.5843367287721523,0.7624912386102674
S28,2.08,0.5708207005002917,0.7604307701020303
S28,2.12,0.5598793492975909,0.7594066286093256
S28,2.16,0.5495516993606273,0.7576724491746407
S28,2.2,0.5383616203275102,0.754102995780786
S28,2.24,0.525836135884952,0.7482595058725361
S28,2.28,0.5121623635521018,0.7400295391399355
S28,2.32,0.49753324270296967,0.7292922333443652
S28,2.36,0.4817915221238368,0.7157160046634832
S28,2.4,0.46442173619697946,0.6987850473612838
S28,2.44,0.44470329304203926,0.6781434563557215
S28,2.48,0.4221528943135248,0.6540880343195344
S28,2.52,0.39701651725166154,0.6275753975856964
S28,2.56,0.3703330505545992,0.5996178774007733
S28,2.6,0.3435548406029187,0.570798696649595
S28,2.64,0.3178658034662627,0.5410222316862436
S28,2.68,0.29380096102172876,0.5097608255384296
S28,2.72,0.27137719607124156,0.47708901277198373
S28,2.76,0.25023798401993014,0.4442878348836913
S28,2.8,0.2298551157615928,0.4128758376092142
S28,2.84,0.2101135330958385,0.3836499294060174
S28,2.88,0.19166083491382713,0.35709079117219433
S28,2.92,0.17537431133652978,0.3337445361400454
S28,2.96,0.16142646350287282,0.31348706702312995
S28,3.0,0.14883441296019426,0.29467633228318885
S28,3.04,0.13605000892418323,0.27477885129363644
S28,3.08,0.12191650964914223,0.2516674427752692
S28,3.12,0.10601213509038662,0.22392694663704793
S28,3.16,0.08861761421449721,0.1909947916069922
S28,3.2,0.07060434031336286,0.1539785619224288
S28,3.24,0.052658429980023694,0.11488434065458328
S28,3.28,0.03419982016233919,0.0738681909034932
S28,3.32,0.013440217578174644,0.02855307010524355
S28,3.36,-0.01103855428413187,-0.02303694523472616
S28,3.4,-0.038672192457817826,-0.07956199136932368
S28,3.44,-0.06682224485531904,-0.13642078534735388
S28,3.48,-0.09217193258340606,-0.18820422111362656
S28,3.52,-0.11245573997024894,-0.23111225046571587
S28,3.56,-0.12756899301851302,-0.2638973777444691
S28,3.6,-0.13930354884451038,-0.2875856273098128
S28,3.64,-0.14977759762460388,-0.30454635632101745
S28,3.68,-0.160082021389153,-0.3175681511612418
S28,3.72,-0.17014879755710105,-0.3292110498052705
S28,3.76,-0.17936693741671864,-0.3413403979985259
S28,3.8,-0.18742018685553274,-0.3550332384558869
S28,3.84,-0.19490407304531168,-0.37068679784047864
S28,3.88,-0.20292272057285662,-0.38763147014464605
S28,3.92,-0.2118679861811481,-0.4038957366460754
S28,3.96,-0.22093144122275288,-0.4175568199332961
S28,4.0,-0.22910182019851602,-0.4285888370396807
S28,4.04,-0.23631943757950516,-0.4387063678718104
S28,4.08,-0.24345555492650486,-0.44952443114584983
S28,4.12,-0.25144696782623055,-0.4611339676799989
S28,4.16,-0.2605677506332974,-0.4723240571427216
S28,4.2,-0.27021047329169656,-0.48192628410108457
S28,4.24,-0.2791376164178603,-0.48965050920719916
S28,4.28,-0.28616052824486277,-0.4960296154273923
S28,4.32,-0.2908654068877459,-0.5022754416874871
S28,4.36,-0.2936761305280717,-0.5096817638502562
S28,4.4,-0.2953392418650508,-0.518434721611804
S28,4.44,-0.2968260745435092,-0.5276128011740624
S28,4.48,-0.2995206303869959,-0.5366117740175997
S28,4.52,-0.3049190252573678,-0.5459147004498324
S28,4.56,-0.31389892958556914,-0.556080989474722
S28,4.6,-0.3259133243831389,-0.5662683231025698
S28,4.64,-0.33856730258384937,-0.5741822979368658
S28,4.68,-0.34839621739739474,-0.5777583337476078
S28,4.72,-0.35275729075847667,-0.5768873827908949
S28,4.76,-0.35153169175556775,-0.5738436870369896
S28,4.8,-0.34748478392294585,-0.5723530522894917
S28,4.84,-0.3447041385364081,-0.5754313087240442
S28,4.88,-0.3458787769639207,-0.5828942033637662
S28,4.92,-0.35029377140187656,-0.5906081775852505
S28,4.96,-0.3540647693106639,-0.5930779787806914
S28,5.0,-0.35265674238279265,-0.5873625515744154
S28,5.04,-0.3446730852456241,-0.5751075761690331
S28,5.08,-0.3346105240005246,-0.5627074909463371
S28,5.12,-0.3315515124263278,-0.5595098253784032
S28,5.16,-0.342134726446605,-0.5706801913043255
S28,5.2,-0.3598136508139978,-0.587222004256202
S28,5.24,-0.35789621448052594,-0.5849932049272346
S28,5.28,-0.2966301705798186,-0.525159939826411
S28,5.32,-0.14627174380870672,-0.3159985967181882
S28,5.36,0.08898265945826489,0.23129248682940895
S29,-0.4,-0.02871577106857573,-0.1307936254251226
S29,-0.36,-0.25326417235795795,-0.6297091581164901
S29,-0.32,-0.6428436687532014,-0.8449152280601752
S29,-0.28,-1.1397444413529798,-0.9162852641791959
S29,-0.24,-1.6332317617588892,-0.9441123808181217
S29,-0.2,-2.004577824110253,-0.9570000552612079
S29,-0.16,-2.177607732266545,-0.9626823516699308
S29,-0.12,-2.148425554131366,-0.9626323234374697
S29,-0.08,-1.975746918110208,-0.9560086046710927
S29,-0.04,-1.7398184080823695,-0.9414195221814833
S29,0.0,-1.5008160319991775,-0.9183638150177941
S29,0.04,-1.282557530787543,-0.8871467644309217
S29,0.08,-1.08275031823272,-0.8462228372394189
S29,0.12,-0.8925525151823448,-0.7896742308135096
S29,0.16,-0.7091798733057354,-0.7081630832053094
S29,0.2,-0.5371690775350912,-0.5946333224045347
S29,0.24,-0.38277827322157537,-0.4530811303429519
S29,0.28,-0.24809826747844776,-0.3003395789865844
S29,0.32,-0.12951095827026785,-0.15430595291966218
S29,0.36,-0.021027662943869638,-0.024043438654702945
S29,0.4,0.08139346154234599,0.08815079825816412
S29,0.44,0.17887063989447544,0.18262001467175948
S29,0.48,0.2715901325846989,0.2613068757871013
S29,0.52,0.36019480306165685,0.32688834981341897
S29,0.56,0.4451099915702264,0.3814918026481312
S29,0.6,0.5254046764694934,0.4264691110841683
S29,0.64,0.5985775898636296,0.46298130637604645
S29,0.68,0.6614050655490665,0.4923227461526617
S29,0.72,0.7118197777575364,0.515831961982939
S29,0.76,0.7508164877118049,0.5345820674818802
S29,0.8,0.7821385030175948,0.5488628880572521
S29,0.84,0.809300479617107,0.5578628869991793
S29,0.88,0.8328741853976039,0.5603379149932701
S29,0.92,0.8511167263230213,0.5561421502930006
S29,0.96,0.8631707954854421,0.5471143501413034
S29,1.0,0.871179434060323,0.5363177906837688
S29,1.04,0.8793550430916802,0.5264808856515425
S29,1.08,0.8913818482667255,0.5189836182799379
S29,1.12,0.9082582366217584,0.5137624313101948
S29,1.16,0.927866740589808,0.5098134052969204
S29,1.2,0.9465320319994154,0.5059157589825405
S29,1.24,0.9613420576325394,0.5012799838482885
S29,1.28,0.9716364606439373,0.4958848849419408
S29,1.32,0.9789626270244375,0.49030931140720546
S29,1.36,0.9855945375755619,0.48512824543453537
S29,1.4,0.9927619829057894,0.48041292658992574
S29,1.44,1.0001276482129173,0.47575501572007345
S29,1.48,1.0064705986194358,0.4705917495916625
S29,1.52,1.0104378060251273,0.4645362227877602
S29,1.56,1.0112335206228509,0.45778086495605336
S29,1.6,1.009357267871856,0.45138627187452995
S29,1.64,1.006503320451526,0.44695584366448005
S29,1.68,1.0042302281242792,0.4457478689889982
S29,1.72,1.0024440750940011,0.4478434326790302
S29,1.76,0.9989643723834497,0.4519283403444313
S29,1.8,0.9904641839030424,0.45584935669347043
S29,1.84,0.9739310415436306,0.4576024701057918
S29,1.88,0.9479286582366983,0.4561713943575038
S29,1.92,0.91365939423705,0.4519324551951337
S29,1.96,0.8750403251936667,0.44651764708823644
S29,2.0,0.8371063628778498,0.44215648326983625
S29,2.04,0.8039693066938534,0.4409159942117572
S29,2.08,0.7775146918993665,0.4441331650205377
S29,2.12,0.7564852502834201,0.45176185240069866
S29,2.16,0.7364210283132293,0.4618584326167193
S29,2.2,0.7116139089284751,0.4709866386519309
S29,2.24,0.678412475381473,0.4756387755019402
S29,2.28,0.6376028781159536,0.47400439313286574
S29,2.32,0.5939758192810463,0.46727189271765757
S29,2.36,0.5533389279283254,0.4595246832616168
S29,2.4,0.5191230208309145,0.4555494401400868
S29,2.44,0.49070318849467914,0.4575355780573069
S29,2.48,0.4642501472800844,0.46294732990007564
S29,2.52,0.4356590827359327,0.46526724179300627
S29,2.56,0.40359237545129495,0.4578686644094573
S29,2.6,0.3703000221066429,0.43893502451457833
S29,2.64,0.3397529343859753,0.41277756581507985
S29,2.68,0.3148061182154742,0.38563086497785654
S29,2.72,0.29566241249494557,0.3607770555406733
S29,2.76,0.2805024738227626,0.33775253763791946
S29,2.8,0.2672045915397544,0.314890943220557
S29,2.84,0.2546107816538676,0.2918617197972563
S29,2.88,0.24264500066871203,0.26990906823736316
S29,2.92,0.23130537903555531,0.2499726863628235
S29,2.96,0.2193430709026167,0.23092898530861586
S29,3.0,0.20396419413546124,0.20970001173570202
S29,3.04,0.1820007561052767,0.18297258094475263
S29,3.08,0.1516797087020134,0.1491532606428217
S29,3.12,0.11393357579187749,0.10951145078111241
S29,3.16,0.07276818054283048,0.06826480722405667
S29,3.2,0.034508654792445984,0.031559345304835146
S29,3.24,0.005864463309500997,0.005236938167423141
S29,3.28,-0.008609106770551083,-0.007552578293123252
S29,3.32,-0.008316620846164347,-0.007238755166725952
S29,3.36,0.0031273419713940924,0.0027307287426124177
S29,3.4,0.019136819334481647,0.016908535395000673
S29,3.44,0.03260611676183488,0.029242305882203626
S29,3.48,0.038746243452458105,0.035165071379833254
S29,3.52,0.03693117359971958,0.03369634450921698
S29,3.56,0.03075790443933456,0.028044019103288645
S29,3.6,0.026366238921929314,0.02397546598744163
S29,3.64,0.02958121637787222,0.02690220247850686
S29,3.68,0.04313723814693181,0.03944388674642696
S29,3.72,0.06551850898477657,0.060524055071109445
S29,3.76,0.0921568090516714,0.08625761725371905
S29,3.8,0.11831106659136859,0.1123392772053274
S29,3.84,0.1417263563118481,0.1365112210257932
S29,3.88,0.1631794932960023,0.1592957987961528
S29,3.92,0.18483753574725617,0.18267985669120598
S29,3.96,0.20817575676173733,0.2081756165899762
S29,4.0,0.23278561685131038,0.23557613250055842
S29,4.04,0.25650705226402626,0.26298352358981103
S29,4.08,0.2770709743821099,0.28821409048490787
S29,4.12,0.29410599033919993,0.31043209327360716
S29,4.16,0.3095505910787247,0.3305342233134203
S29,4.2,0.3263121636128545,0.3502126133456365
S29,4.24,0.3465102156417941,0.37048243420039095
S29,4.28,0.37031507163856286,0.39071170848926506
S29,4.32,0.3958786154531285,0.4089986656560896
S29,4.36,0.4203790458292167,0.4235554033517456
S29,4.4,0.4413576036775482,0.4338152207266053
S29,4.44,0.45753469106552497,0.4405597167346306
S29,4.48,0.46903109904765977,0.445311921518621
S29,4.52,0.4770463323784164,0.4495178874484865
S29,4.56,0.4831519869775483,0.4540053587542464
S29,4.6,0.48884130426728445,0.45912067277601043
S29,4.64,0.4956126222769697,0.46531493379337496
S29,4.68,0.5047640492212511,0.47321349865520335
S29,4.72,0.5164458168400105,0.48285478410640004
S29,4.76,0.5287784544825332,0.4928948254663783
S29,4.8,0.5380757751717992,0.5006615969378859
S29,4.84,0.540345237732957,0.5032106013263102
S29,4.88,0.5334096111702223,0.4988132330511848
S29,4.92,0.518492720496179,0.4881387184664805
S29,4.96,0.49988046865355323,0.474235350446154
S29,5.0,0.4821226563724864,0.4605288890546044
S29,5.04,0.4664277176188842,0.44778381328369465
S29,5.08,0.4498959856848033,0.4333498692834227
S29,5.12,0.4303656550897441,0.4153175754903393
S29,5.16,0.4152533453542275,0.40025053912347763
S29,5.2,0.4270566927827865,0.40786074961125285
S29,5.24,0.49694506260446264,0.4619452019373086
S29,5.28,0.6464706377541957,0.5649878058178963
S29,5.32,0.8700870235086254,0.6829593589825761
S29,5.36,1.1329758722675745,0.7759606102446646
S30,-0.4,-0.14875645301826002,-0.8164252816764197
S30,-0.36,-0.28346205329161306,-0.8927485041598926
S30,-0.32,-0.446733618083957,-0.9313842687704019
S30,-0.28,-0.6090304538220296,-0.9506330976890233
S30,-0.24,-0.7357787597167514,-0.961089975704408
S30,-0.2,-0.8024765342816232,-0.9663492956712814
S30,-0.16,-0.8066982121764575,-0.9673789150060063
S30,-0.12,-0.7681077903515331,-0.9647854592180043
S30,-0.08,-0.7143254077964039,-0.9598454647809183
S30,-0.04,-0.6647037602262125,-0.954445167320612
S30,0.0,-0.6243823251318553,-0.9497992960220318
S30,0.04,-0.588969546718235,-0.9454530218299055
S30,0.08,-0.5523452374161673,-0.9399861366584205
S30,0.12,-0.5117901559936853,-0.9326111636531598
S30,0.16,-0.4695388217146994,-0.9242636864564253
S30,0.2,-0.431190620548769,-0.9176777125321618
S30,0.24,-0.4017165947171103,-0.9157328094033444
S30,0.28,-0.38189927190846146,-0.9181924304323075
S30,0.32,-0.36788535397406247,-0.9205513506501215
S30,0.36,-0.353496550323902,-0.9172417230365257
S30,0.4,-0.33354687909401387,-0.9052337947921929
S30,0.44,-0.30671401116087443,-0.8847426094142524
S30,0.48,-0.27628676482227227,-0.8582244356190716
S30,0.52,-0.24779989874411182,-0.8290116240119141
S30,0.56,-0.22480439728977678,-0.7992090588262346
S30,0.6,-0.20624867771718935,-0.767603678967649
S30,0.64,-0.18776008744315936,-0.7296733161505164
S30,0.68,-0.16498608408496737,-0.6777056401540829
S30,0.72,-0.13601023722763333,-0.6002106562481844
S30,0.76,-0.10220833468155537,-0.48729757087168507
S30,0.8,-0.06767302691600376,-0.3445456560924833
S30,0.84,-0.03703376776384395,-0.1970597578483335
S30,0.88,-0.013192627262827501,-0.07164552475210559
S30,0.92,0.0032160867487470678,0.017362664871872324
S30,0.96,0.013261877809508478,0.0692981547164504
S30,1.0,0.01913339373906258,0.09483073634099759
S30,1.04,0.023374262919344278,0.10894852284520062
S30,1.08,0.028101491081188455,0.12367659548756729
S30,1.12,0.034584737726574694,0.14561667036549644
S30,1.16,0.04297242295800969,0.17591047178607064
S30,1.2,0.05226821385793432,0.2108134273280051
S30,1.24,0.061022936048461096,0.24423015943724327
S30,1.28,0.06831987850858595,0.27173623784321865
S30,1.32,0.0742068678387573,0.29307693202151397
S30,1.36,0.07932228073760897,0.31103077881284047
S30,1.4,0.08430019293545378,0.32894808209401144
S30,1.44,0.08948331003441029,0.34931905755123416
S30,1.48,0.09486572730394627,0.37259997554461277
S30,1.52,0.1001252697104661,0.39617684157870564
S30,1.56,0.10464060832078334,0.4147654353311397
S30,1.6,0.10764302670724864,0.42376240850743135
S30,1.64,0.1087935161087342,0.42398776170293107
S30,1.68,0.10860235588072115,0.4219172485101277
S30,1.72,0.10801045806379139,0.4242776215026827
S30,1.76,0.10782198093934671,0.43343473909890623
S30,1.8,0.10855959737618069,0.44750679127405735
S30,1.84,0.11020346234790353,0.4628329170386712
S30,1.88,0.1119935446007804,0.475377042470289
S30,1.92,0.11313891148987555,0.48165866075226993
S30,1.96,0.11374576375735489,0.48099938003141834
S30,2.0,0.11442222585133498,0.47556676123466707
S30,2.04,0.1150385453812682,0.46665524054143376
S30,2.08,0.11457729309163295,0.453325855134615
S30,2.12,0.1121207977425819,0.43496176851611645
S30,2.16,0.1073711008849987,0.4123762551465721
S30,2.2,0.10043680542635741,0.38682420711296345
S30,2.24,0.09149504084043375,0.3591157934742434
S30,2.28,0.08059404409689888,0.3285128224136168
S30,2.32,0.06778319822698914,0.29193753124977057
S30,2.36,0.05367791013643483,0.24636638938337607
S30,2.4,0.040207459834737176,0.1954702225523272
S30,2.44,0.030644938172746647,0.15435901584240297
S30,2.48,0.027997308001828845,0.14147745986606602
S30,2.52,0.03282486499629065,0.16160074172389266
S30,2.56,0.04268365771281713,0.20185022930401814
S30,2.6,0.053485907449774064,0.24394562796378844
S30,2.64,0.0615475959092387,0.27530825381692814
S30,2.68,0.0652981504953025,0.29263782559390195
S30,2.72,0.06559776233006974,0.2998758778217415
S30,2.76,0.06437530379224843,0.3022193028228972
S30,2.8,0.06281787418782173,0.30042707365986726
S30,2.84,0.06068452576208173,0.290752655288323
S30,2.88,0.056948736061156864,0.2695207958667466
S30,2.92,0.05085329389434101,0.23655284396691242
S30,2.96,0.042632424303378526,0.19571624600488405
S30,3.0,0.033675916768791746,0.15415649359733963
S30,3.04,0.02602965077071235,0.12033819684705646
S30,3.08,0.021222894105981577,0.10003037443642407
S30,3.12,0.018900968708453526,0.09073616055571301
S30,3.16,0.016559714955759624,0.07990959497854364
S30,3.2,0.011267270550578946,0.05369339925779529
S30,3.24,0.0021462186395847294,0.009980697132037697
S30,3.28,-0.008670752385079566,-0.03938070784975711
S30,3.32,-0.017109382684367416,-0.07708899447733261
S30,3.36,-0.019378365388309587,-0.08891613790457567
S30,3.4,-0.014582232708149944,-0.06990526564724159
S30,3.44,-0.0061351431225115,-0.031092089005727186
S30,3.48,6.451054689077109e-05,0.0003435304804849937
S30,3.52,-0.00031157799457054767,-0.0017155403794604507
S30,3.56,-0.007386897490167872,-0.04132671682205172
S30,3.6,-0.017599989597351127,-0.09884231400430821
S30,3.64,-0.02632849014323771,-0.14814895301536368
S30,3.68,-0.030939779025970858,-0.17546447497314988
S30,3.72,-0.03241238071206343,-0.18604962643048548
S30,3.76,-0.03428654994652869,-0.19834495136784355
S30,3.8,-0.0399780161895249,-0.2301339798702381
S30,3.84,-0.05050952414575084,-0.28493345708376494
S30,3.88,-0.06383856033010839,-0.35063874594796557
S30,3.92,-0.07594873930572964,-0.4109814948938775
S30,3.96,-0.08312959998805626,-0.45478513719121033
S30,4.0,-0.08405118939644253,-0.4764551554503955
S30,4.04,-0.08036583080473637,-0.4754612791515366
S30,4.08,-0.07544749590933024,-0.4582285451905075
S30,4.12,-0.07227427509144073,-0.43797997171681863
S30,4.16,-0.07201421666589482,-0.4276046402049181
S30,4.2,-0.07397060884669865,-0.43188612470213184
S30,4.24,-0.0766065575035081,-0.4473842554097567
S30,4.28,-0.07908942015305365,-0.4673950323015259
S30,4.32,-0.08235226145111284,-0.48688581133413145
S30,4.36,-0.08860625746591992,-0.5045120728027129
S30,4.4,-0.09941519885182609,-0.5199397347166176
S30,4.44,-0.11391384117077794,-0.5312937233785868
S30,4.48,-0.12885260697171502,-0.5376910207197936
S30,4.52,-0.14047581868843356,-0.5411114891358804
S30,4.56,-0.14660673588572218,-0.5451357694663062
S30,4.6,-0.14741749319995587,-0.5533499989676587
S30,4.64,-0.14469153935198747,-0.5676140772001239
S30,4.68,-0.1404006428300417,-0.5861611364464541
S30,4.72,-0.13556281934289893,-0.6029148799303994
S30,4.76,-0.12995287883654388,-0.6088005462109726
S30,4.8,-0.12302865377140403,-0.5957696237459498
S30,4.84,-0.11530412045469042,-0.5632346872150225
S30,4.88,-0.10860602568737239,-0.5225062035308051
S30,4.92,-0.10480658169772715,-0.48995316683190354
S30,4.96,-0.10449887516338512,-0.47464434716095955
S30,5.0,-0.10693562893161385,-0.4763548741862909
S30,5.04,-0.11134446806281603,-0.4921309099311221
S30,5.08,-0.11885715277046952,-0.5224675717686924
S30,5.12,-0.13284168227722243,-0.5708631805350735
S30,5.16,-0.15502990555352733,-0.6321353774770355
S30,5.2,-0.1783398249229338,-0.6818697504508356
S30,5.24,-0.18287366378002612,-0.6838046558077092
S30,5.28,-0.1422012607431827,-0.5768626411542683
S30,5.32,-0.03916320235138338,-0.18419126009062264
S30,5.36,0.12009300026427343,0.4822997007849421
S31,-0.4,-0.11222510644560352,-0.4079371782200989
S31,-0.36,-0.25987322227842086,-0.6331593664718944
S31,-0.32,-0.46107524605741335,-0.8018901169335247
S31,-0.28,-0.6776089010431058,-0.8881131022058988
S31,-0.24,-0.8611957356258142,-0.9240681093731893
S31,-0.2,-0.9747385234328397,-0.9358008851798625
S31,-0.16,-1.0076945675005458,-0.9349009552969176
S31,-0.12,-0.9763578068569911,-0.9260838649985095
S31,-0.08,-0.9101446898182636,-0.9120082567369112
S31,-0.04,-0.8352803329413979,-0.8951197448583783
S31,0.0,-0.7663248443693328,-0.8775641233245244
S31,0.04,-0.7067382837454108,-0.8602782476194409
S31,0.08,-0.6536152703629603,-0.8424728624547769
S31,0.12,-0.6025534618383653,-0.8221236258753741
S31,0.16,-0.550903434455512,-0.7972428155880678
S31,0.2,-0.49873002916315146,-0.7669705142075163
S31,0.24,-0.44790321676994593,-0.7317957795732726
S31,0.28,-0.40056429016936007,-0.6931151438278176
S31,0.32,-0.35791652790576095,-0.65241656104512
S31,0.36,-0.3197246524814843,-0.6103802091386804
S31,0.4,-0.28456420822999995,-0.5665174744610688
S31,0.44,-0.2506045290519766,-0.5193128632541206
S31,0.48,-0.21649841347211196,-0.4668405788429579
S31,0.52,-0.18161755920390132,-0.4073107954838687
S31,0.56,-0.14572499611091927,-0.33906958210388405
S31,0.6,-0.10891217466339385,-0.2613553354804637
S31,0.64,-0.07178893492881407,-0.1760151251894907
S31,0.68,-0.03532539861124601,-0.0876243528089593
S31,0.72,-0.00057922936001298,-0.0014432864288863034
S31,0.76,0.03164875254099894,0.07895330942148335
S31,0.8,0.06128377715761974,0.15286478825917418
S31,0.84,0.08890410636839498,0.2211731862443756
S31,0.88,0.11497298655842052,0.28346610630612934
S31,0.92,0.13920092438041073,0.3370419203572901
S31,0.96,0.16073138247923902,0.379159904959597
S31,1.0,0.17920820701109325,0.41020530814471623
S31,1.04,0.19564374544273436,0.4345113022631395
S31,1.08,0.21205755342940322,0.45803671586284833
S31,1.12,0.2302777928896675,0.4849356762884782
S31,1.16,0.25086395452859367,0.5157419747424412
S31,1.2,0.27276937779235055,0.5480324389704415
S31,1.24,0.29380573324409226,0.5780595258578816
S31,1.28,0.31150898568881463,0.6021056439825827
S31,1.32,0.32405496165133124,0.6177229731920115
S31,1.36,0.33104799545061253,0.6246995327078314
S31,1.4,0.33361758734825275,0.6249452935120288
S31,1.44,0.33386175789873207,0.6218490938893767
S31,1.48,0.3342035687837961,0.6195892438288488
S31,1.52,0.3365926699081633,0.6217890085591145
S31,1.56,0.34146830107881554,0.6296333947636031
S31,1.6,0.34747066927541714,0.6413197003578434
S31,1.64,0.35244765503344544,0.6532888717405699
S31,1.68,0.3547907872392002,0.6617862572524401
S31,1.72,0.354146218799439,0.6641362484958198
S31,1.76,0.351477224822969,0.6600609037735268
S31,1.8,0.34826557825598037,0.6516868810760172
S31,1.84,0.3452496922238715,0.6416418519188816
S31,1.88,0.342074264305388,0.6313875169852651
S31,1.92,0.3380128561664402,0.6211452019678719
S31,1.96,0.3326777703994929,0.6105904516721377
S31,2.0,0.32638814604963245,0.5996810191898938
S31,2.04,0.3200586706788403,0.5891167592591253
S31,2.08,0.31448538588608094,0.5798026547596475
S31,2.12,0.30970588274010913,0.5718464471067762
S31,2.16,0.3050865881423587,0.5641716621684009
S31,2.2,0.2996606731292896,0.5548388497642588
S31,2.24,0.29240913461362916,0.5418547273993467
S31,2.28,0.28280837460763436,0.5244838360836979
S31,2.32,0.2713455402141298,0.5041419549741868
S31,2.36,0.2591346244770436,0.4834250002148313
S31,2.4,0.24718894525978957,0.4644630068437562
S31,2.44,0.236235991383959,0.4484782008867038
S31,2.48,0.2266987857548461,0.4358766221623157
S31,2.52,0.2186502967215378,0.4262256517136248
S31,2.56,0.2119768730216554,0.41863362772858675
S31,2.6,0.20644174502120197,0.41219270992812695
S31,2.64,0.20146583440227936,0.4059026805814411
S31,2.68,0.1960482774580022,0.39854532875730164
S31,2.72,0.18897759796714694,0.38880006004210155
S31,2.76,0.17923183458556938,0.37546555488706024
S31,2.8,0.16645873291338695,0.3577563856594974
S31,2.84,0.15141001577649205,0.33597223527602993
S31,2.88,0.1359151480764488,0.312119391308349
S31,2.92,0.1220136220616,0.2891424754789177
S31,2.96,0.11071283764587349,0.26874096920427315
S31,3.0,0.10154127011108592,0.2500773704303886
S31,3.04,0.09336577408286337,0.23120837050411713
S31,3.08,0.08538073532899602,0.21108670799419726
S31,3.12,0.07739433876143771,0.19000550139250053
S31,3.16,0.06963896325159732,0.16908639977282175
S31,3.2,0.06247290508089325,0.14966656112911725
S31,3.24,0.05594491702616817,0.13232167225563857
S31,3.28,0.04950524241972532,0.1161400867058765
S31,3.32,0.042309335070299624,0.09929234858995217
S31,3.36,0.03408097039229551,0.08085947461951798
S31,3.4,0.025586595113313657,0.061989741642982765
S31,3.44,0.017984104364701534,0.04480363616289773
S31,3.48,0.011740153623868514,0.03015367254888507
S31,3.52,0.006444384647216707,0.017033223737876135
S31,3.56,0.0016325878026940536,0.004416662921073455
S31,3.6,-0.002622405488942915,-0.007207589596069208
S31,3.64,-0.006019740906303778,-0.016682057226550584
S31,3.68,-0.008450559224457754,-0.023464037763248125
S31,3.72,-0.009882174410320783,-0.02736787067356572
S31,3.76,-0.010176196160800545,-0.028024667908718992
S31,3.8,-0.009109908918140413,-0.02490175298545283
S31,3.84,-0.006491855327447191,-0.01759736985178678
S31,3.88,-0.0024489753934321917,-0.006582029935708444
S31,3.92,0.0022109414132987343,0.005893432423683953
S31,3.96,0.006122111203066879,0.016197757061492235
S31,4.0,0.00788444404229954,0.020749195080172478
S31,4.04,0.0065397639991747235,0.017185631848398553
S31,4.08,0.002101091240576395,0.005538842384061604
S31,4.12,-0.0042645297307184,-0.011313646584018122
S31,4.16,-0.011117923305283517,-0.029699596127156946
S31,4.2,-0.017768166431109098,-0.04772732153902981
S31,4.24,-0.024092906022183874,-0.06498016117270969
S31,4.28,-0.030057854250158996,-0.08134937145994253
S31,4.32,-0.035992675287167715,-0.09766356499438358
S31,4.36,-0.04275731333590966,-0.11599264955925517
S31,4.4,-0.0511158139306564,-0.1379529612839907
S31,4.44,-0.0610717099338184,-0.16304720127389477
S31,4.48,-0.07181248739478674,-0.18883828407529896
S31,4.52,-0.08195635075812292,-0.21199939653379338
S31,4.56,-0.08989457765306788,-0.22917384694571336
S31,4.6,-0.09454320211262913,-0.23822412448307345
S31,4.64,-0.09602855393696018,-0.2393817538792791
S31,4.68,-0.0953771778030717,-0.2348174507663397
S31,4.72,-0.09361541870772254,-0.22706721613853453
S31,4.76,-0.09143095739272444,-0.21829199065741228
S31,4.8,-0.08923653018950783,-0.2101069497476701
S31,4.84,-0.08706850942619601,-0.20300273172414235
S31,4.88,-0.08452799669473571,-0.1960412718729999
S31,4.92,-0.08136673965835885,-0.18826325509225653
S31,4.96,-0.07847765956353964,-0.1810903904416501
S31,5.0,-0.07827946222678707,-0.17925895943936096
S31,5.04,-0.08371364044169093,-0.18847479740230005
S31,5.08,-0.09507460637744258,-0.20841207787711638
S31,5.12,-0.10478394456217432,-0.2233997277961537
S31,5.16,-0.09369384252842357,-0.19795444877878865
S31,5.2,-0.03481240228262911,-0.07542549476595745
S31,5.24,0.09411787764969903,0.2073002515399963
S31,5.28,0.29601755783415673,0.5755546373212631
S31,5.32,0.548050628008441,0.809727915906111
S31,5.36,0.8086821603075782,0.9052787641255953
S32,-0.4,-0.04714431626896776,-0.14702763837749708
S32,-0.36,-0.1905462428702814,-0.40200967338857446
S32,-0.32,-0.42408554655246794,-0.633719650740067
S32,-0.28,-0.7144505298620464,-0.7827198769297488
S32,-0.24,-1.000637568335839,-0.8628201164588635
S32,-0.2,-1.2198362643580585,-0.9038426273509378
S32,-0.16,-1.3345382004365354,-0.9236281239880642
S32,-0.12,-1.3463155476001571,-0.930550461039279
S32,-0.08,-1.287362148860641,-0.9288291626854446
S32,-0.04,-1.1971517959734208,-0.9214463585471198
S32,0.0,-1.1025585744619653,-0.9104634014343679
S32,0.04,-1.0131871355641513,-0.8958902661450544
S32,0.08,-0.9288185941167894,-0.8757272944151286
S32,0.12,-0.848222977631264,-0.8480962077757631
S32,0.16,-0.7725342057684927,-0.8137257342155129
S32,0.2,-0.7037813522359009,-0.7764144645001552
S32,0.24,-0.6423838169853836,-0.7404405859428373
S32,0.28,-0.586205678160566,-0.7071337095752579
S32,0.32,-0.5314919053294646,-0.6737638632035774
S32,0.36,-0.4746474520291123,-0.6349565949728422
S32,0.4,-0.41379905688019,-0.5851524881847421
S32,0.44,-0.3495430362035041,-0.5213619696515239
S32,0.48,-0.28447490290567123,-0.4450286306752049
S32,0.52,-0.22182987986535144,-0.36125577802837516
S32,0.56,-0.16420725884775605,-0.275968098617586
S32,0.6,-0.1128808842138611,-0.19374150608884086
S32,0.64,-0.06766014827048476,-0.11725796603100709
S32,0.68,-0.027358725767082023,-0.04745155849531403
S32,0.72,0.00942900080984681,0.01631518515859401
S32,0.76,0.04388202772339176,0.07592656544344463
S32,0.8,0.07681575545061085,0.13337949147407152
S32,0.84,0.10869649520042515,0.18931510809332178
S32,0.88,0.13986664735300497,0.24271123122203445
S32,0.92,0.17060665379256662,0.29198933177855607
S32,0.96,0.2007050338568608,0.33625517018375267
S32,1.0,0.2291835329523146,0.3757784016334264
S32,1.04,0.254893050519339,0.41160695310255024
S32,1.08,0.2774382993925218,0.44428561109595965
S32,1.12,0.2973620624417295,0.4725638675338101
S32,1.16,0.3155256757859868,0.49412023969864916
S32,1.2,0.3325435556528794,0.5083792224515721
S32,1.24,0.34829902431910414,0.5174208852330133
S32,1.28,0.3616223166467908,0.5237648573188831
S32,1.32,0.3710086004527296,0.5287320263751637
S32,1.36,0.37597332726900334,0.5326333783516445
S32,1.4,0.3775430705105119,0.5352404678053423
S32,1.44,0.3777544270422472,0.5364449084045319
S32,1.48,0.3787741857255588,0.5370826462657668
S32,1.52,0.3819220853860702,0.5387581803546023
S32,1.56,0.3873306366157952,0.5428198304703902
S32,1.6,0.394421061379435,0.5495308418124653
S32,1.64,0.40225648261146396,0.5577520358146314
S32,1.68,0.4093431520293546,0.565320332081443
S32,1.72,0.4137093977503965,0.5701777544601603
S32,1.76,0.41374234045404246,0.5713616234710998
S32,1.8,0.40903612839722003,0.5691142325804284
S32,1.84,0.4006544225394204,0.5645597909950479
S32,1.88,0.39094412201390477,0.5594469070198947
S32,1.92,0.3829147668187347,0.555670508180969
S32,1.96,0.3790165430745732,0.5545004231282776
S32,2.0,0.3800370887282177,0.5563672166534747
S32,2.04,0.3849689099296908,0.5611788489089877
S32,2.08,0.391627539938999,0.5681705229758971
S32,2.12,0.3975095217078705,0.5757376244963299
S32,2.16,0.40060787995972197,0.5821191399078033
S32,2.2,0.3997845905310336,0.586125085295185
S32,2.24,0.39455450696649635,0.5870516201209133
S32,2.28,0.38502297186600637,0.5845263839150089
S32,2.32,0.3721527440731173,0.578775438458105
S32,2.36,0.3575649662676991,0.5705940942757921
S32,2.4,0.34293520536546795,0.561084336033538
S32,2.44,0.32971861249682954,0.5516926035784481
S32,2.48,0.3189327165877466,0.5436834323363983
S32,2.52,0.31065950180018537,0.536829559554029
S32,2.56,0.30403387622375083,0.5292328602460988
S32,2.6,0.2978110212385378,0.5185266126638376
S32,2.64,0.2907460406459095,0.5029562260930003
S32,2.68,0.2818516846999415,0.48229911410680887
S32,2.72,0.2707673250637376,0.4583616663325075
S32,2.76,0.2578217968760729,0.4339179857858735
S32,2.8,0.24386858345152107,0.4111990675982201
S32,2.84,0.23010608825736403,0.39142690257753926
S32,2.88,0.2176647871158531,0.3747879252363914
S32,2.92,0.2070408832669865,0.36021457411938773
S32,2.96,0.19791967784290967,0.3457371162994817
S32,3.0,0.18954078239132668,0.32982152030561523
S32,3.04,0.181281664329742,0.31268338395908785
S32,3.08,0.1730437530191686,0.29626582030398363
S32,3.12,0.16515347515217174,0.2828033999252837
S32,3.16,0.1579811771119848,0.27334387872087
S32,3.2,0.15161262764027095,0.26714260170827847
S32,3.24,0.14583637830150878,0.2620804646852206
S32,3.28,0.14041716648493444,0.2559719201043847
S32,3.32,0.1353434524843457,0.2480197480057646
S32,3.36,0.13076550229618006,0.23911029831500505
S32,3.4,0.12668385956843353,0.23056478628589033
S32,3.44,0.12264281063738713,0.22257165982527455
S32,3.48,0.11766425654473858,0.21366176710482718
S32,3.52,0.11061876177216756,0.2016091967816312
S32,3.56,0.10080161412963741,0.1848161781077344
S32,3.6,0.08815010814294476,0.16279229062937464
S32,3.64,0.07316687698522413,0.13601208488393307
S32,3.68,0.05696255132014336,0.10623601444784472
S32,3.72,0.041069532660104546,0.07644267719680227
S32,3.76,0.02673164529105365,0.04939301148743448
S32,3.8,0.014193399392337614,0.025950478731397324
S32,3.84,0.0026519021739231864,0.004800534075964993
S32,3.88,-0.008969639527795732,-0.01615284316219545
S32,3.92,-0.02100150755517262,-0.03789589778865374
S32,3.96,-0.03271059577002827,-0.05953674203853716
S32,4.0,-0.042825364929529854,-0.07891198654211434
S32,4.04,-0.05032572776692074,-0.09389045957969028
S32,4.08,-0.055163098953839446,-0.10398489293304214
S32,4.12,-0.058428166718547885,-0.11105979261770754
S32,4.16,-0.06170904225589075,-0.11823906351552814
S32,4.2,-0.06603065641147574,-0.12774333930599888
S32,4.24,-0.0711564348469344,-0.13929001950425757
S32,4.28,-0.07590717754808436,-0.15040613338255737
S32,4.32,-0.07921514026655073,-0.15845035474275004
S32,4.36,-0.0807562995022219,-0.16229529857865602
S32,4.4,-0.08083535900218823,-0.16258164477599002
S32,4.44,-0.08009281840624376,-0.161170149840772
S32,4.48,-0.07914986004334248,-0.16003508069406702
S32,4.52,-0.07826386122025072,-0.16001302473700635
S32,4.56,-0.07743385495483258,-0.16067608109959747
S32,4.6,-0.07674184198588889,-0.1612668877967818
S32,4.64,-0.07636448741249496,-0.16141262559263236
S32,4.68,-0.0763814435076947,-0.16120584666657845
S32,4.72,-0.07664862986791723,-0.16088582105773624
S32,4.76,-0.07666452218471614,-0.16018057808334582
S32,4.8,-0.07580339211154555,-0.158393963787447
S32,4.84,-0.07411120134532903,-0.15578977537983296
S32,4.88,-0.07284175572863455,-0.15465334232197503
S32,4.92,-0.07394317075529226,-0.15852206146866177
S32,4.96,-0.07860255098987655,-0.16950113870254271
S32,5.0,-0.0859896472374543,-0.18565044017867746
S32,5.04,-0.09400956833023641,-0.20235306253819796
S32,5.08,-0.10214222070356836,-0.21791255386518169
S32,5.12,-0.11296651531688687,-0.2362758135715911
S32,5.16,-0.12848594733355587,-0.25930204001784224
S32,5.2,-0.14179646034359572,-0.27275577294643355
S32,5.24,-0.13111371598004884,-0.24204556050353343
S32,5.28,-0.06510622698880891,-0.11825595385194329
S32,5.32,0.07916563054893343,0.14045837994668342
S32,5.36,0.2969321185691461,0.4660104303452004
S33,-0.4,-0.1781634018122436,-0.8591860448648125
S33,-0.36,-0.34303241511772137,-0.9310508970616459
S33,-0.32,-0.5448371212025175,-0.9668001039921452
S33,-0.28,-0.7439617221472035,-0.9826538760439455
S33,-0.24,-0.8955844613208408,-0.9898273996074085
S33,-0.2,-0.9689652804105684,-0.9932202364239922
S33,-0.16,-0.9614943549466399,-0.994674066771744
S33,-0.12,-0.8972818046209056,-0.9948538474149393
S33,-0.08,-0.8105707360202986,-0.9941079778065551
S33,-0.04,-0.7276388910810044,-0.992838165177295
S33,0.0,-0.6590803525032117,-0.9914529290829497
S33,0.04,-0.6031539461403316,-0.9900675250130461
S33,0.08,-0.5536741862557196,-0.9884095749679956
S33,0.12,-0.5060708052510069,-0.9859744028450861
S33,0.16,-0.4592087371995215,-0.9820934533939517
S33,0.2,-0.41411062395403647,-0.9759984613790622
S33,0.24,-0.3718557700673624,-0.9671138747559281
S33,0.28,-0.33210239463616625,-0.9551446256001099
S33,0.32,-0.29306387227201264,-0.9392820103519123
S33,0.36,-0.2530010633299,-0.9167438739043263
S33,0.4,-0.2117336634865946,-0.8814332896317842
S33,0.44,-0.17069191622180768,-0.8234653740591737
S33,0.48,-0.1319112742757762,-0.7318827531402035
S33,0.52,-0.09694417330566536,-0.6025908929791464
S33,0.56,-0.06624840268087635,-0.444689105613738
S33,0.6,-0.03938266337623891,-0.27555638615066214
S33,0.64,-0.015654426847551986,-0.11109105318852588
S33,0.68,0.005444357487163017,0.03844703102741551
S33,0.72,0.024205519521477915,0.1679293974885314
S33,0.76,0.04104832740655122,0.2771597747597162
S33,0.8,0.05683073441214736,0.36983795663030616
S33,0.84,0.07252160840008388,0.4489327204662467
S33,0.88,0.08845514543272126,0.5133408203954493
S33,0.92,0.10400895465614617,0.5605038956052094
S33,0.96,0.11794498515201718,0.5905035419029141
S33,1.0,0.12920545029830907,0.6070356323809804
S33,1.04,0.13771971675014283,0.6162359068437165
S33,1.08,0.14447366330457223,0.6247520227160178
S33,1.12,0.15065204802374424,0.6369125646469586
S33,1.16,0.15669169684178608,0.6525072367115232
S33,1.2,0.1618998565761168,0.6671822324657838
S33,1.24,0.16478050557801846,0.6750667843393253
S33,1.28,0.1640905674061252,0.6718212612151055
S33,1.32,0.1600314420140244,0.6571966955618115
S33,1.36,0.15455798360694745,0.6366777751638139
S33,1.4,0.15052650305179593,0.6203621682189534
S33,1.44,0.1502181449304558,0.6177407946541571
S33,1.48,0.15399624162386824,0.6313280763730589
S33,1.52,0.15995531768295285,0.6546507795893213
S33,1.56,0.1650350882349484,0.676585918023841
S33,1.6,0.16694082333280222,0.6881531555368974
S33,1.64,0.16541633828402694,0.6865590023863417
S33,1.68,0.1620020534244825,0.6747978346567339
S33,1.72,0.15874489202143366,0.6586929569096485
S33,1.76,0.15690181086097624,0.6440087343837544
S33,1.8,0.1563448920636569,0.6344285670084449
S33,1.84,0.15586721729333786,0.6303857159759905
S33,1.88,0.15417465883958736,0.6294710525399034
S33,1.92,0.15077387533860845,0.6280356723520233
S33,1.96,0.1459294537593241,0.6224913790652485
S33,2.0,0.13993403248762917,0.6099188514264898
S33,2.04,0.13268003490407926,0.5886039089221166
S33,2.08,0.1239796586943362,0.5586507264548968
S33,2.12,0.11427119947600974,0.522714461591979
S33,2.16,0.10503441830206914,0.486759486767104
S33,2.2,0.09837580789314947,0.45916772603823375
S33,2.24,0.09592343411444595,0.446749299937365
S33,2.28,0.09780013084677208,0.4499412538795997
S33,2.32,0.10237062206556319,0.46198538594158856
S33,2.36,0.10695191635169218,0.47316345668546644
S33,2.4,0.10911307262633842,0.47598191858115274
S33,2.44,0.10776825354612862,0.4676887657235753
S33,2.48,0.10336485176073656,0.4499868462756146
S33,2.52,0.09715759432147643,0.42686824820543146
S33,2.56,0.09031835813536408,0.40186665479016537
S33,2.6,0.08353168957219814,0.37655656063842236
S33,2.64,0.0770753120059517,0.3512155754141152
S33,2.68,0.07107686166688518,0.326564567217796
S33,2.72,0.06560749190661634,0.3040922928070414
S33,2.76,0.0605255165221567,0.2843741173416281
S33,2.8,0.05539913829120355,0.26576615878841847
S33,2.84,0.04979207272763064,0.24545617568986294
S33,2.88,0.04359803704983976,0.221357102133301
S33,2.92,0.03722985508671017,0.19384652886887294
S33,2.96,0.031696985500814324,0.16751287962794315
S33,3.0,0.028284678987723005,0.1500649844504706
S33,3.04,0.02775883787041456,0.14693443669937595
S33,3.08,0.029789506212763463,0.15704938866561613
S33,3.12,0.033038956772026125,0.17327266380061326
S33,3.16,0.035476822632696414,0.18465808559225544
S33,3.2,0.034904121255055556,0.1800590653204814
S33,3.24,0.029976820250478767,0.15343331477449618
S33,3.28,0.021032215538936756,0.10705202341582729
S33,3.32,0.009795280280052214,0.049656744172854844
S33,3.36,-0.0015521861257994105,-0.00784457798314378
S33,3.4,-0.01116053148612371,-0.05635965689093314
S33,3.44,-0.01814121783381259,-0.09205484946611225
S33,3.48,-0.022894873154086715,-0.1177656804453615
S33,3.52,-0.02665053547651431,-0.14013152124589787
S33,3.56,-0.030416694231741287,-0.16398006211749894
S33,3.6,-0.03421698725616025,-0.18827197886825736
S33,3.64,-0.03717143732240311,-0.20684426486741248
S33,3.68,-0.03827636672603745,-0.21353557160328993
S33,3.72,-0.03729892328347689,-0.20757206375196807
S33,3.76,-0.03512457721326826,-0.19485471838017215
S33,3.8,-0.03326955007369979,-0.18429407382345414
S33,3.84,-0.03294413694464412,-0.18237339821951762
S33,3.88,-0.03437686632912093,-0.1897874479301686
S33,3.92,-0.03687207591640707,-0.2021427536258496
S33,3.96,-0.03948104279865387,-0.21407739735687573
S33,4.0,-0.04182406139012824,-0.22394528790888105
S33,4.04,-0.04444585895518143,-0.2353341391454883
S33,4.08,-0.04830468270167479,-0.25364045158186654
S33,4.12,-0.05386326358793363,-0.28075795112442814
S33,4.16,-0.06064759738852362,-0.31269406691380336
S33,4.2,-0.06748536263852555,-0.34185261282140966
S33,4.24,-0.07320008766338003,-0.36249084891192723
S33,4.28,-0.077308694836673,-0.37441464606388963
S33,4.32,-0.08012612240401232,-0.381633941482443
S33,4.36,-0.08232787361045572,-0.38895553884029865
S33,4.4,-0.08445912048785094,-0.3993468398904651
S33,4.44,-0.08665438049875421,-0.4125598194404
S33,4.48,-0.08875697414944396,-0.4260136676677765
S33,4.52,-0.09068786761731909,-0.4374548299996908
S33,4.56,-0.09254102431430716,-0.4464085270665216
S33,4.6,-0.09450422065572366,-0.4541427312464448
S33,4.64,-0.09695132935326876,-0.46356353230250946
S33,4.68,-0.10033548646883178,-0.47779355936835444
S33,4.72,-0.10474802480022033,-0.49746012037908316
S33,4.76,-0.109785949681384,-0.5201232470505512
S33,4.8,-0.11486715203802166,-0.5427290557555491
S33,4.84,-0.11938088883090088,-0.5632497433385318
S33,4.88,-0.12257516096552114,-0.5794720621109014
S33,4.92,-0.12357780843522236,-0.5880290647369306
S33,4.96,-0.1218596221463003,-0.5865085795340749
S33,5.0,-0.11814931559067332,-0.577095137530795
S33,5.04,-0.1151122317879122,-0.5688229747802864
S33,5.08,-0.11641376066262929,-0.5741746087707508
S33,5.12,-0.12324321501319312,-0.5957734036749784
S33,5.16,-0.12937435737721012,-0.6125788834777494
S33,5.2,-0.11862965573699398,-0.5772544876002615
S33,5.24,-0.06955151291369571,-0.3815324160757926
S33,5.28,0.03260352652658429,0.18682946913784967
S33,5.32,0.18428299801383183,0.7121532317493836
S33,5.36,0.3621345573361808,0.8742451120755153
S34,-0.4,-0.2164662425945086,-0.6572450175900137
S34,-0.36,-0.4567423107588684,-0.8240976683134278
S34,-0.32,-0.7454456249252657,-0.909118255618945
S34,-0.28,-0.992059878421207,-0.9416247880933661
S34,-0.24,-1.1230323268719824,-0.950317554979882
S34,-0.2,-1.1118827468723267,-0.944914333336095
S34,-0.16,-0.9852761045071912,-0.9252005651818958
S34,-0.12,-0.8008245859584399,-0.8854039263390656
S34,-0.08,-0.6126950755960964,-0.8172513947912188
S34,-0.04,-0.4502304721402625,-0.715407806068003
S34,0.0,-0.31850749658725475,-0.5820874858398158
S34,0.04,-0.21131998917436334,-0.4262761962649257
S34,0.08,-0.12225270240274676,-0.26212577204801807
S34,0.12,-0.047832616149350256,-0.10595022148406502
S34,0.16,0.013982687992087853,0.03145428865815858
S34,0.2,0.06544986505201357,0.14800184391849822
S34,0.24,0.10924939878199275,0.2459919876227324
S34,0.28,0.14790151016452183,0.3282436317727332
S34,0.32,0.1832214060916175,0.3973596037178573
S34,0.36,0.21620148062640338,0.45580786981445487
S34,0.4,0.24724096518762242,0.5057741117809177
S34,0.44,0.27638141455368515,0.5490623426817111
S34,0.48,0.3031189585858151,0.5870014056815623
S34,0.52,0.3263130683511216,0.6205205571543224
S34,0.56,0.344815548989193,0.6503643933860196
S34,0.6,0.3580679436522533,0.6767432908463815
S34,0.64,0.3660996608365758,0.698746501955472
S34,0.68,0.3693152356550633,0.7142142537564938
S34,0.72,0.36832955261745387,0.7207203624374562
S34,0.76,0.3636764134251927,0.717438701858036
S34,0.8,0.355575593323868,0.7056134417157921
S34,0.84,0.34401070384802923,0.6866905022679889
S34,0.88,0.3290403238665158,0.661170361083784
S34,0.92,0.31129766547552995,0.6302106257195509
S34,0.96,0.29238451820478034,0.5976813313081062
S34,1.0,0.2748677782649418,0.5697300100000321
S34,1.04,0.26171037683994575,0.5517597710940622
S34,1.08,0.2551203335873978,0.5451267843463123
S34,1.12,0.2553160302177121,0.5459782247066892
S34,1.16,0.26022980353811104,0.547963289586876
S34,1.2,0.2667270100957052,0.5473456150114768
S34,1.24,0.2721596709253597,0.5450003917693894
S34,1.28,0.27453770072080347,0.5428919795963758
S34,1.32,0.27062287168038407,0.5370033152846885
S34,1.36,0.2539745216551251,0.5110842058549276
S34,1.4,0.21631555247762857,0.4375171561104244
S34,1.44,0.15319510133562111,0.29792774808887124
S34,1.48,0.0696542466626138,0.12185058374051072
S34,1.52,-0.019716820770529563,-0.02991686782310654
S34,1.56,-0.09588258454931901,-0.12843874570464608
S34,1.6,-0.14283643830534143,-0.1777971636646734
S34,1.64,-0.155540755941789,-0.19073902078092725
S34,1.68,-0.14416821022838033,-0.1826553270534031
S34,1.72,-0.1295164519438661,-0.17435909400083788
S34,1.76,-0.1313772323354378,-0.1893723900463808
S34,1.8,-0.15756111864725028,-0.24036876807267576
S34,1.84,-0.20084760754099149,-0.31582896800573573
S34,1.88,-0.2448912745028,-0.387092562325416
S34,1.92,-0.27338087686224466,-0.4322391816285178
S34,1.96,-0.2772774296591301,-0.4467286463083311
S34,2.0,-0.25765191090855377,-0.4364110236450342
S34,2.04,-0.2229343276055161,-0.4096704329753691
S34,2.08,-0.18236598516372524,-0.37270034728334617
S34,2.12,-0.14079569685720783,-0.3249645694681321
S34,2.16,-0.09859135552326971,-0.25762007648180674
S34,2.2,-0.05524121472760669,-0.16081765167919523
S34,2.24,-0.012279801417393052,-0.0384483840345253
S34,2.28,0.02683807062397839,0.086623414354327
S34,2.32,0.05903837150289776,0.19038894206505216
S34,2.36,0.08383958482714297,0.26689087686552826
S34,2.4,0.10316561411812036,0.32448105458939963
S34,2.44,0.11924713947247673,0.37159324614020656
S34,2.48,0.13332004975713488,0.4110029847207524
S34,2.52,0.14556179133814556,0.4424064106740237
S34,2.56,0.15539629968310484,0.46530899167001616
S34,2.6,0.16204940704776793,0.4798131504226313
S34,2.64,0.16529480935442034,0.48664451804114456
S34,2.68,0.16594302739230324,0.4870396211948443
S34,2.72,0.16557014916918447,0.48291339600098043
S34,2.76,0.16553147817777006,0.4772809150484287
S34,2.8,0.16669574622296404,0.47483297311882827
S34,2.84,0.1699381827923214,0.4806582603117599
S34,2.88,0.1754385038489832,0.49582905216494066
S34,2.92,0.18172840342807833,0.5152150569703695
S34,2.96,0.18673946549439585,0.5313359644116701
S34,3.0,0.18956039294047589,0.5391787053676247
S34,3.04,0.19089456582057301,0.5378540243108996
S34,3.08,0.19266203641089333,0.5315965915110047
S34,3.12,0.1969900162359452,0.5285213803403156
S34,3.16,0.20438324140108938,0.5340172782808216
S34,3.2,0.21263328900410453,0.5454128520925925
S34,3.24,0.2179406766160113,0.5541142300364923
S34,3.28,0.21733540158392883,0.5517471943926526
S34,3.32,0.21023076343368083,0.5346821853884315
S34,3.36,0.1983375002207741,0.5053141514456765
S34,3.4,0.18462658471605525,0.4709005149255139
S34,3.44,0.17181501402945873,0.4399065904649551
S34,3.48,0.16121445270232054,0.41745551389355606
S34,3.52,0.15307099369816782,0.40430701425886967
S34,3.56,0.14756271404278362,0.39886483558010094
S34,3.6,0.1447754753429053,0.39807354068272044
S34,3.64,0.14407794683397848,0.3979049677154291
S34,3.68,0.1442841536050394,0.39511505136322383
S34,3.72,0.1445188737006004,0.3884443175989013
S34,3.76,0.14476461865309698,0.3786694650430144
S34,3.8,0.14542166583728774,0.36763496090237524
S34,3.84,0.1464376416611092,0.35638354590287996
S34,3.88,0.14686988850192512,0.3442974630132167
S34,3.92,0.1453054298705494,0.33033512553848904
S34,3.96,0.14092428214985875,0.3148249247770519
S34,4.0,0.13427621035966786,0.29983233633384093
S34,4.04,0.12711078223247077,0.2884525092146101
S34,4.08,0.12127577195543535,0.283437934239338
S34,4.12,0.117708257211187,0.2859262283311685
S34,4.16,0.11630441747591093,0.29477774033823956
S34,4.2,0.11655274298563566,0.3071065162292692
S34,4.24,0.11809071904410287,0.31970833048680775
S34,4.28,0.1207866571187435,0.3305191100906672
S34,4.32,0.12441172131324067,0.3387014367648968
S34,4.36,0.12836522332235095,0.34425577753667197
S34,4.4,0.13202912983090917,0.348766935994001
S34,4.44,0.13562012974969898,0.35595774287425
S34,4.48,0.14043488219466282,0.3700178965422879
S34,4.52,0.14742831169140008,0.39143406415146126
S34,4.56,0.1554618473216957,0.4141601625860276
S34,4.6,0.16141635724619005,0.42815395230566383
S34,4.64,0.16213066099628862,0.4256107426735934
S34,4.68,0.15650504226261114,0.4060595356670525
S34,4.72,0.146267261947738,0.3765302006695802
S34,4.76,0.1347251786377269,0.3462583627530343
S34,4.8,0.12452372469648629,0.32087435278614923
S34,4.84,0.11637068964953882,0.30071679903661985
S34,4.88,0.10966790394429593,0.28325765432357575
S34,4.92,0.10415950498862367,0.26711823583326394
S34,4.96,0.10095079148259055,0.25476971766069795
S34,5.0,0.10148069750343376,0.2502010292955595
S34,5.04,0.10491054563865623,0.25218482002350173
S34,5.08,0.1068340752151629,0.2513757812542715
S34,5.12,0.10283852846662465,0.2389879389069146
S34,5.16,0.09636726664164467,0.2235182748242405
S34,5.2,0.10519421799454935,0.24438617172335858
S34,5.24,0.15863117570928326,0.35975709205594836
S34,5.28,0.2822535149404968,0.56892165916227
S34,5.32,0.4787993496110062,0.7576848387902818
S34,5.36,0.7214279765888172,0.861754376687873
S35,-0.4,-0.1664123150182271,-0.4450516297430208
S35,-0.36,-0.4298700149069548,-0.6963925933059224
S35,-0.32,-0.8067291713910013,-0.8471154062212809
S35,-0.28,-1.2281682403798813,-0.9154985669466149
S35,-0.24,-1.6114188944791388,-0.9438110860802846
S35,-0.2,-1.8919744402999306,-0.9539766457986522
S35,-0.16,-2.046319678787071,-0.9551588539308484
S35,-0.12,-2.0914449638058197,-0.9516729823656496
S35,-0.08,-2.063136383005653,-0.9460972221134001
S35,-0.04,-1.9931360638392377,-0.9398590222213361
S35,0.0,-1.9001566691519154,-0.9331827747569165
S35,0.04,-1.7932295973748287,-0.9253259301046919
S35,0.08,-1.6778471382598745,-0.9151728273732165
S35,0.12,-1.559017581575819,-0.9018622095177702
S35,0.16,-1.4411319544182113,-0.8851396852145413
S35,0.2,-1.3268030908535253,-0.8653036136067279
S35,0.24,-1.216322690306044,-0.8427533630369503
S35,0.28,-1.1083340816685012,-0.8174242428498595
S35,0.32,-1.0010651673772297,-0.788477011692531
S35,0.36,-0.8933456786306361,-0.75434585261023
S35,0.4,-0.7851266930576943,-0.7129772771599544
S35,0.44,-0.6775211541795767,-0.6622171481618586
S35,0.48,-0.5723744159299489,-0.6004261015382699
S35,0.52,-0.47138285429949855,-0.5271140455511241
S35,0.56,-0.3751207302192273,-0.4428770632951425
S35,0.6,-0.28271128141486085,-0.34863247465877945
S35,0.64,-0.1925204519569715,-0.24532193568482735
S35,0.68,-0.10348235921614704,-0.13481846222118377
S35,0.72,-0.016069501246956306,-0.02116917557597521
S35,0.76,0.06780828060974638,0.08925886215285048
S35,0.8,0.14579505006561128,0.1895782123620889
S35,0.84,0.2163083735438081,0.2754063252775552
S35,0.88,0.2793040051684498,0.3465969086957633
S35,0.92,0.335955967312596,0.4060198565130926
S35,0.96,0.38746635110202293,0.4567915247728389
S35,1.0,0.4343357717691219,0.5005279067493122
S35,1.04,0.4765407333110544,0.5373595239326656
S35,1.08,0.5139736798956597,0.5669783579863679
S35,1.12,0.5466270461009473,0.5896316420354917
S35,1.16,0.5744785845942408,0.6063775855905561
S35,1.2,0.5974085944411878,0.6187356338995895
S35,1.24,0.6155920575190281,0.6282859818776992
S35,1.28,0.6299870741806085,0.6363738959022864
S35,1.32,0.6421699977709001,0.6439213483012824
S35,1.36,0.6535579613622278,0.6514896302633101
S35,1.4,0.6647123103999799,0.6593705804196627
S35,1.44,0.6753094061984452,0.6674218902858242
S35,1.48,0.6847628345632863,0.6750094906224406
S35,1.52,0.6928473081516868,0.6813958818101025
S35,1.56,0.7000170327277287,0.6863894698045855
S35,1.6,0.7074118017413229,0.690682776023708
S35,1.64,0.7162839861971059,0.6954125329655474
S35,1.68,0.726938003595514,0.7012921398176097
S35,1.72,0.7380541876998816,0.7080532908002336
S35,1.76,0.7471107814728029,0.7144628409923797
S35,1.8,0.7517023631659725,0.7188903407774299
S35,1.84,0.750860794592855,0.7202877742710173
S35,1.88,0.7455566312097285,0.71897609891075
S35,1.92,0.7382808556995502,0.716651495730564
S35,1.96,0.7318663056079696,0.715486161896239
S35,2.0,0.7278755484465212,0.7166888776877357
S35,2.04,0.7255833445403638,0.7194975643421072
S35,2.08,0.722677694108018,0.7216172166317155
S35,2.12,0.7171257693814508,0.7207275443887015
S35,2.16,0.7085406899727086,0.7158008327337818
S35,2.2,0.6980337727304673,0.7076526128754999
S35,2.24,0.6869925422835669,0.698534854300977
S35,2.28,0.6760451096765702,0.6908723360780477
S35,2.32,0.664971612705209,0.6861058997562808
S35,2.36,0.653195965492181,0.6842846578041778
S35,2.4,0.6401818431604681,0.6841139248127458
S35,2.44,0.6256862026388192,0.6835681281653696
S35,2.48,0.6097962066191236,0.6809997014104602
S35,2.52,0.5927772595714993,0.6758967467083017
S35,2.56,0.5750317488619342,0.6689171866297616
S35,2.6,0.5572939679843145,0.6615495190819217
S35,2.64,0.540574034389887,0.6553532638751954
S35,2.68,0.5255347479288338,0.6509057025610401
S35,2.72,0.5119253684269027,0.647389378474374
S35,2.76,0.49868492667271364,0.643215400178283
S35,2.8,0.4846126774479392,0.6370123758722497
S35,2.84,0.468882231006934,0.6280065462157559
S35,2.88,0.4510708856122647,0.6155485127220501
S35,2.92,0.43108524602916687,0.5987650251612245
S35,2.96,0.4091786605105937,0.5771066438387816
S35,3.0,0.3859525903514263,0.5511430158491151
S35,3.04,0.3623574946934694,0.5228529763078572
S35,3.08,0.33980859369571687,0.49553400757429583
S35,3.12,0.3199139538821582,0.4727243945699229
S35,3.16,0.3036104137090857,0.4560865398479223
S35,3.2,0.29054260965379514,0.4441848397275951
S35,3.24,0.2793121625582228,0.43346589876626584
S35,3.28,0.26816946850211265,0.42031303635521355
S35,3.32,0.255629762769926,0.4025816461930965
S35,3.36,0.2409459746902647,0.38017114951418723
S35,3.4,0.2241562520104476,0.35448131971527885
S35,3.44,0.20568083842065293,0.3269126759225971
S35,3.48,0.18596193167461483,0.2977454999098311
S35,3.52,0.1654669422258058,0.26663819494154267
S35,3.56,0.14494980419383335,0.2341507288817799
S35,3.6,0.1255746386848159,0.20245018240877127
S35,3.64,0.10857856633774024,0.1743316362179123
S35,3.68,0.09463691345761238,0.15152360480994917
S35,3.72,0.08339598872614065,0.13362473560582924
S35,3.76,0.0735171728361911,0.11824683597749168
S35,3.8,0.06347124752040789,0.1025363172336605
S35,3.84,0.05255154669865308,0.08510599229819393
S35,3.88,0.04121836516524529,0.0667685562140533
S35,3.92,0.030625142379193292,0.04961689899690616
S35,3.96,0.021788852353711308,0.03541649738263111
S35,4.0,0.014845888359405774,0.024343043447319718
S35,4.04,0.008952904140160863,0.01489551988107951
S35,4.08,0.0028417316043517276,0.004815390138362005
S35,4.12,-0.004632060472157439,-0.007997753741026528
S35,4.16,-0.014345135975070325,-0.02518716223122268
S35,4.2,-0.026801430041672715,-0.0477149951677526
S35,4.24,-0.04176992277707553,-0.0751196713324936
S35,4.28,-0.057947344354721333,-0.10474954518206654
S35,4.32,-0.07324453752508231,-0.13237524716280222
S35,4.36,-0.08561681198028884,-0.15406536906436213
S35,4.4,-0.09385877863463929,-0.16784137492638868
S35,4.44,-0.0979643162165044,-0.17415544074907757
S35,4.48,-0.09887308530807144,-0.17502500212559297
S35,4.52,-0.0977060488721065,-0.17236379075504007
S35,4.56,-0.09504671944117495,-0.16678760522837366
S35,4.6,-0.09100998989242401,-0.15818210055546525
S35,4.64,-0.0861066541915932,-0.14764358758226487
S35,4.68,-0.08231784462517944,-0.13922558351081074
S35,4.72,-0.08304464463094617,-0.13932268840196294
S35,4.76,-0.09090056915407367,-0.1527695426112059
S35,4.8,-0.10468448165623834,-0.1778869448214822
S35,4.84,-0.11833078256295898,-0.2042231928571513
S35,4.88,-0.12351204921982621,-0.21647712371124372
S35,4.92,-0.11599484706181794,-0.20580941206973197
S35,4.96,-0.10294572612708733,-0.18340450821316295
S35,5.0,-0.10357608095540212,-0.18254515643634378
S35,5.04,-0.13483601265885387,-0.2305699654770592
S35,5.08,-0.18328014330103165,-0.300102756305411
S35,5.12,-0.1817368171128248,-0.29302500005391513
S35,5.16,-0.019936640862075507,-0.033543584444752396
S35,5.2,0.3992704931268224,0.5644811601726005
S35,5.24,1.0895416987916977,0.8866479088179556
S35,5.28,1.9515319016057042,0.9615459115962292
S35,5.32,2.8099291608338977,0.9806252518514296
S35,5.36,3.4938107046620273,0.9861277212295669
