reference,window,channel,x,y,dist_cz,row_acc,col_acc,pattern,row_p,col_p,row_null_mean
vertex,prestim_-0.50_to_0.00s,FP1,-0.1924464496629584,0.5922892699155132,0.6227697931378249,0.2725,0.13916666666666666,0.9537149123168019,nan,nan,nan
vertex,prestim_-0.50_to_0.00s,FPZ,0.0,0.622769793137825,0.622769793137825,0.2841666666666667,0.115,1.0,nan,nan,nan
vertex,prestim_-0.50_to_0.00s,FP2,0.1924464496629584,0.5922892699155132,0.6227697931378249,0.2708333333333333,0.14916666666666667,0.9105666071535589,nan,nan,nan
vertex,prestim_-0.50_to_0.00s,AF3,-0.19572631237744492,0.46110229606836256,0.500923264379275,0.2608333333333333,0.1475,0.9103447290186187,nan,nan,nan
vertex,prestim_-0.50_to_0.00s,AF4,0.19572631237744492,0.46110229606836256,0.500923264379275,0.26,0.16416666666666666,0.7876704283418018,nan,nan,nan
vertex,prestim_-0.50_to_0.00s,F7,-0.5038313462318709,0.36605489997964774,0.6227697931378249,0.20666666666666667,0.27,0.25418581209153535,nan,nan,nan
vertex,prestim_-0.50_to_0.00s,F5,-0.38316449267044905,0.3330798118805041,0.5076979313782504,0.21916666666666668,0.27,0.3590327414444738,nan,nan,nan
vertex,prestim_-0.50_to_0.00s,F3,-0.2555991277378157,0.31563863605626796,0.4061510343108748,0.23333333333333334,0.22416666666666665,0.6673952487234295,nan,nan,nan
vertex,prestim_-0.50_to_0.00s,F1,-0.12679132837194124,0.31381954998058037,0.3384652875855003,0.25166666666666665,0.1425,0.7729878013311656,nan,nan,nan
vertex,prestim_-0.50_to_0.00s,FZ,0.0,0.31139098889535044,0.31139098889535044,0.25416666666666665,0.13416666666666666,0.9893285186674432,nan,nan,nan
vertex,prestim_-0.50_to_0.00s,F2,0.12679132837194124,0.31381954998058037,0.3384652875855003,0.24166666666666667,0.15416666666666667,0.8638251411352266,nan,nan,nan
vertex,prestim_-0.50_to_0.00s,F4,0.2555991277378157,0.31563863605626796,0.4061510343108748,0.23916666666666667,0.22333333333333333,0.7240403123245481,nan,nan,nan
vertex,prestim_-0.50_to_0.00s,F6,0.38316449267044905,0.3330798118805041,0.5076979313782504,0.22416666666666665,0.26416666666666666,0.4717281593185256,nan,nan,nan
vertex,prestim_-0.50_to_0.00s,F8,0.5038313462318709,0.36605489997964774,0.6227697931378249,0.19583333333333333,0.3408333333333333,0.1295077940948088,nan,nan,nan
vertex,prestim_-0.50_to_0.00s,FT7,-0.5922892699155132,0.19244644966295846,0.622769793137825,0.225,0.27,0.2971705446625531,nan,nan,nan
vertex,prestim_-0.50_to_0.00s,FC5,-0.4486894406361628,0.17223573916038115,0.4806114480352247,0.205,0.2725,0.24964286734533872,nan,nan,nan
vertex,prestim_-0.50_to_0.00s,FC3,-0.2988471109399219,0.15889982751154078,0.33846528758550026,0.21666666666666667,0.20583333333333334,0.5533212621524776,nan,nan,nan
vertex,prestim_-0.50_to_0.00s,FC1,-0.15317259329874983,0.15317259329874983,0.21661875882695025,0.23666666666666666,0.16583333333333333,0.6830386884299098,nan,nan,nan
vertex,prestim_-0.50_to_0.00s,FCz,0.0,0.15569549444767522,0.15569549444767522,0.25833333333333336,0.13,0.8060539690126649,nan,nan,nan
vertex,prestim_-0.50_to_0.00s,FC2,0.15317259329874983,0.15317259329874983,0.21661875882695025,0.22833333333333333,0.18416666666666667,0.667840480365086,nan,nan,nan
vertex,prestim_-0.50_to_0.00s,FC4,0.2988471109399219,0.15889982751154078,0.33846528758550026,0.22083333333333333,0.2575,0.6494756172277403,nan,nan,nan
vertex,prestim_-0.50_to_0.00s,FC6,0.4486894406361628,0.17223573916038115,0.4806114480352247,0.19,0.3225,0.1286503529427332,nan,nan,nan
vertex,prestim_-0.50_to_0.00s,FT8,0.5922892699155132,0.19244644966295846,0.622769793137825,0.21583333333333332,0.33916666666666667,0.2596661825891344,nan,nan,nan
vertex,prestim_-0.50_to_0.00s,T7,-0.622769793137825,3.8133651688594835e-17,0.622769793137825,0.23416666666666666,0.2575,0.5723875366963262,nan,nan,nan
vertex,prestim_-0.50_to_0.00s,C5,-0.4670742986901498,2.860005224274434e-17,0.4670742986901498,0.22333333333333333,0.2675,0.22529576582968777,nan,nan,nan
vertex,prestim_-0.50_to_0.00s,C3,-0.31139098889535044,1.9067198891700998e-17,0.31139098889535044,0.22333333333333333,0.25666666666666665,0.05056504407360344,nan,nan,nan
vertex,prestim_-0.50_to_0.00s,C1,-0.15569549444767522,9.533599445850499e-18,0.15569549444767522,0.21916666666666668,0.19166666666666668,0.2884712175237946,nan,nan,nan
vertex,prestim_-0.50_to_0.00s,Cz,0.0,0.0,0.0,0.2375,0.12583333333333332,0.37022611170559006,nan,nan,nan
vertex,prestim_-0.50_to_0.00s,C2,0.15569549444767522,9.533599445850499e-18,0.15569549444767522,0.22916666666666666,0.23666666666666666,0.38177549377958775,nan,nan,nan
vertex,prestim_-0.50_to_0.00s,C4,0.31139098889535044,1.9067198891700998e-17,0.31139098889535044,0.19916666666666666,0.2975,0.2415460015311458,nan,nan,nan
vertex,prestim_-0.50_to_0.00s,C6,0.4670742986901498,2.860005224274434e-17,0.4670742986901498,0.19833333333333333,0.2975,0.32507517307339223,nan,nan,nan
vertex,prestim_-0.50_to_0.00s,T8,0.622769793137825,3.8133651688594835e-17,0.622769793137825,0.22,0.2975,0.46082128283577417,nan,nan,nan
vertex,prestim_-0.50_to_0.00s,M1,0.8664628506549251,5.305554783173226e-17,0.8664628506549251,0.29,0.18416666666666667,0.912540528292438,nan,nan,nan
vertex,prestim_-0.50_to_0.00s,TP7,-0.5922892699155132,-0.19244644966295837,0.6227697931378249,0.2608333333333333,0.22,0.8494551755133428,nan,nan,nan
vertex,prestim_-0.50_to_0.00s,CP5,-0.4486894406361628,-0.17223573916038112,0.4806114480352247,0.23,0.23916666666666667,0.6849335552502744,nan,nan,nan
vertex,prestim_-0.50_to_0.00s,CP3,-0.2988471109399219,-0.15889982751154083,0.33846528758550026,0.22666666666666666,0.23083333333333333,0.27581992325289834,nan,nan,nan
vertex,prestim_-0.50_to_0.00s,CP1,-0.15317259329874983,-0.1531725932987498,0.21661875882695023,0.23,0.23083333333333333,0.2158659267258948,nan,nan,nan
vertex,prestim_-0.50_to_0.00s,CPZ,1.9067198891700998e-17,-0.15569549444767522,0.15569549444767522,0.20833333333333334,0.15083333333333335,0.19660929973020264,nan,nan,nan
vertex,prestim_-0.50_to_0.00s,CP2,0.15317259329874983,-0.1531725932987498,0.21661875882695023,0.205,0.21,0.3153690755979962,nan,nan,nan
vertex,prestim_-0.50_to_0.00s,CP4,0.2988471109399219,-0.15889982751154083,0.33846528758550026,0.21666666666666667,0.22583333333333333,0.31927528707486913,nan,nan,nan
vertex,prestim_-0.50_to_0.00s,CP6,0.4486894406361628,-0.17223573916038112,0.4806114480352247,0.23,0.25,0.5396352930175798,nan,nan,nan
vertex,prestim_-0.50_to_0.00s,TP8,0.5922892699155132,-0.19244644966295837,0.6227697931378249,0.24083333333333334,0.23083333333333333,0.5787723609266846,nan,nan,nan
vertex,prestim_-0.50_to_0.00s,M2,-0.8664628506549251,5.305554783173226e-17,0.8664628506549251,0.2875,0.1825,0.5425057860932769,nan,nan,nan
vertex,prestim_-0.50_to_0.00s,P7,-0.5038313462318709,-0.3660548999796477,0.6227697931378249,0.275,0.2175,0.9429599346432538,nan,nan,nan
vertex,prestim_-0.50_to_0.00s,P5,-0.3831644926704491,-0.33307981188050406,0.5076979313782504,0.25416666666666665,0.2,0.7797334029209917,nan,nan,nan
vertex,prestim_-0.50_to_0.00s,P3,-0.2555991277378157,-0.31563863605626796,0.4061510343108748,0.25416666666666665,0.18416666666666667,0.7235324447268715,nan,nan,nan
vertex,prestim_-0.50_to_0.00s,P1,-0.12679132837194132,-0.3138195499805803,0.33846528758550026,0.24333333333333335,0.17583333333333334,0.6246687160793956,nan,nan,nan
vertex,prestim_-0.50_to_0.00s,PZ,3.8134397783401996e-17,-0.31139098889535044,0.31139098889535044,0.2625,0.145,0.6605143055771332,nan,nan,nan
vertex,prestim_-0.50_to_0.00s,P2,0.12679132837194132,-0.3138195499805803,0.33846528758550026,0.23916666666666667,0.18,0.48716312842466203,nan,nan,nan
vertex,prestim_-0.50_to_0.00s,P4,0.2555991277378157,-0.31563863605626796,0.4061510343108748,0.24166666666666667,0.1825,0.569165582533972,nan,nan,nan
vertex,prestim_-0.50_to_0.00s,P6,0.3831644926704491,-0.33307981188050406,0.5076979313782504,0.24916666666666668,0.1825,0.726775909188088,nan,nan,nan
vertex,prestim_-0.50_to_0.00s,P8,0.5038313462318709,-0.3660548999796477,0.6227697931378249,0.265,0.18166666666666667,0.4212768867999759,nan,nan,nan
vertex,prestim_-0.50_to_0.00s,PO7,-0.3660548999796478,-0.5038313462318709,0.622769793137825,0.26,0.17,0.8258234320873354,nan,nan,nan
vertex,prestim_-0.50_to_0.00s,PO5,-0.3202971422372838,-0.4408511957539812,0.5449220459139874,0.26,0.16916666666666666,0.7939607497758879,nan,nan,nan
vertex,prestim_-0.50_to_0.00s,PO3,-0.19572631237744492,-0.46110229606836256,0.500923264379275,0.25666666666666665,0.17833333333333334,0.7416372379400333,nan,nan,nan
vertex,prestim_-0.50_to_0.00s,POz,5.720010448548868e-17,-0.4670742986901498,0.4670742986901498,0.265,0.1525,0.5421589822156927,nan,nan,nan
vertex,prestim_-0.50_to_0.00s,PO4,0.19572631237744492,-0.46110229606836256,0.500923264379275,0.2625,0.15083333333333335,0.5775137289507031,nan,nan,nan
vertex,prestim_-0.50_to_0.00s,PO6,0.3202971422372838,-0.4408511957539812,0.5449220459139874,0.2658333333333333,0.16333333333333333,0.6291046078268725,nan,nan,nan
vertex,prestim_-0.50_to_0.00s,PO8,0.3660548999796478,-0.5038313462318709,0.622769793137825,0.2675,0.1675,0.5598616120282659,nan,nan,nan
vertex,prestim_-0.50_to_0.00s,CB1,-0.6222539674441618,-0.6222539674441617,0.88,0.2966666666666667,0.14583333333333334,0.8493153745130908,nan,nan,nan
vertex,prestim_-0.50_to_0.00s,O1,-0.19244644966295849,-0.5922892699155132,0.622769793137825,0.2658333333333333,0.15333333333333332,0.6028861000689768,nan,nan,nan
vertex,prestim_-0.50_to_0.00s,Oz,7.626730337718967e-17,-0.622769793137825,0.622769793137825,0.2675,0.15583333333333332,0.7152441154942225,nan,nan,nan
vertex,prestim_-0.50_to_0.00s,O2,0.19244644966295849,-0.5922892699155132,0.622769793137825,0.2725,0.15083333333333335,0.7155576562354351,nan,nan,nan
vertex,prestim_-0.50_to_0.00s,CB2,0.6222539674441618,-0.6222539674441617,0.88,0.30083333333333334,0.15083333333333335,0.7177165089200254,nan,nan,nan
vertex,prestimTRIM_-0.50_to_-0.10s,FP1,-0.1924464496629584,0.5922892699155132,0.6227697931378249,0.26416666666666666,0.13833333333333334,0.9646510959178969,nan,nan,nan
vertex,prestimTRIM_-0.50_to_-0.10s,FPZ,0.0,0.622769793137825,0.622769793137825,0.2708333333333333,0.1275,1.0,nan,nan,nan
vertex,prestimTRIM_-0.50_to_-0.10s,FP2,0.1924464496629584,0.5922892699155132,0.6227697931378249,0.2608333333333333,0.14583333333333334,0.8849647648810985,nan,nan,nan
vertex,prestimTRIM_-0.50_to_-0.10s,AF3,-0.19572631237744492,0.46110229606836256,0.500923264379275,0.26,0.1475,0.9373328215807653,nan,nan,nan
vertex,prestimTRIM_-0.50_to_-0.10s,AF4,0.19572631237744492,0.46110229606836256,0.500923264379275,0.2608333333333333,0.15666666666666668,0.7555338551012128,nan,nan,nan
vertex,prestimTRIM_-0.50_to_-0.10s,F7,-0.5038313462318709,0.36605489997964774,0.6227697931378249,0.20416666666666666,0.29083333333333333,0.34979966311448735,nan,nan,nan
vertex,prestimTRIM_-0.50_to_-0.10s,F5,-0.38316449267044905,0.3330798118805041,0.5076979313782504,0.21916666666666668,0.2733333333333333,0.4220993304458348,nan,nan,nan
vertex,prestimTRIM_-0.50_to_-0.10s,F3,-0.2555991277378157,0.31563863605626796,0.4061510343108748,0.2325,0.22666666666666666,0.7006693121966177,nan,nan,nan
vertex,prestimTRIM_-0.50_to_-0.10s,F1,-0.12679132837194124,0.31381954998058037,0.3384652875855003,0.25416666666666665,0.1525,0.7519631089215985,nan,nan,nan
vertex,prestimTRIM_-0.50_to_-0.10s,FZ,0.0,0.31139098889535044,0.31139098889535044,0.24916666666666668,0.13,0.9623653738778153,nan,nan,nan
vertex,prestimTRIM_-0.50_to_-0.10s,F2,0.12679132837194124,0.31381954998058037,0.3384652875855003,0.24583333333333332,0.15416666666666667,0.8275669199080288,nan,nan,nan
vertex,prestimTRIM_-0.50_to_-0.10s,F4,0.2555991277378157,0.31563863605626796,0.4061510343108748,0.23833333333333334,0.22833333333333333,0.6740676493547338,nan,nan,nan
vertex,prestimTRIM_-0.50_to_-0.10s,F6,0.38316449267044905,0.3330798118805041,0.5076979313782504,0.21166666666666667,0.2775,0.46169554121468226,nan,nan,nan
vertex,prestimTRIM_-0.50_to_-0.10s,F8,0.5038313462318709,0.36605489997964774,0.6227697931378249,0.20083333333333334,0.3516666666666667,0.17667141047112006,nan,nan,nan
vertex,prestimTRIM_-0.50_to_-0.10s,FT7,-0.5922892699155132,0.19244644966295846,0.622769793137825,0.225,0.27666666666666667,0.36267540017102046,nan,nan,nan
vertex,prestimTRIM_-0.50_to_-0.10s,FC5,-0.4486894406361628,0.17223573916038115,0.4806114480352247,0.19416666666666665,0.2758333333333333,0.3526006096230254,nan,nan,nan
vertex,prestimTRIM_-0.50_to_-0.10s,FC3,-0.2988471109399219,0.15889982751154078,0.33846528758550026,0.23916666666666667,0.21416666666666667,0.5773551229677274,nan,nan,nan
vertex,prestimTRIM_-0.50_to_-0.10s,FC1,-0.15317259329874983,0.15317259329874983,0.21661875882695025,0.2525,0.1825,0.6732584307686793,nan,nan,nan
vertex,prestimTRIM_-0.50_to_-0.10s,FCz,0.0,0.15569549444767522,0.15569549444767522,0.25333333333333335,0.1175,0.7678150527864765,nan,nan,nan
vertex,prestimTRIM_-0.50_to_-0.10s,FC2,0.15317259329874983,0.15317259329874983,0.21661875882695025,0.22583333333333333,0.19416666666666665,0.6340039153561239,nan,nan,nan
vertex,prestimTRIM_-0.50_to_-0.10s,FC4,0.2988471109399219,0.15889982751154078,0.33846528758550026,0.21833333333333332,0.24666666666666667,0.6622538230215003,nan,nan,nan
vertex,prestimTRIM_-0.50_to_-0.10s,FC6,0.4486894406361628,0.17223573916038115,0.4806114480352247,0.195,0.3225,0.18186755620665368,nan,nan,nan
vertex,prestimTRIM_-0.50_to_-0.10s,FT8,0.5922892699155132,0.19244644966295846,0.622769793137825,0.22083333333333333,0.3333333333333333,0.3172435910096521,nan,nan,nan
vertex,prestimTRIM_-0.50_to_-0.10s,T7,-0.622769793137825,3.8133651688594835e-17,0.622769793137825,0.2325,0.2708333333333333,0.5859421315452128,nan,nan,nan
vertex,prestimTRIM_-0.50_to_-0.10s,C5,-0.4670742986901498,2.860005224274434e-17,0.4670742986901498,0.2025,0.2783333333333333,0.25056130940905075,nan,nan,nan
vertex,prestimTRIM_-0.50_to_-0.10s,C3,-0.31139098889535044,1.9067198891700998e-17,0.31139098889535044,0.2075,0.25416666666666665,0.12449320816433582,nan,nan,nan
vertex,prestimTRIM_-0.50_to_-0.10s,C1,-0.15569549444767522,9.533599445850499e-18,0.15569549444767522,0.22666666666666666,0.19333333333333333,0.2780790139543043,nan,nan,nan
vertex,prestimTRIM_-0.50_to_-0.10s,Cz,0.0,0.0,0.0,0.24083333333333334,0.11833333333333333,0.36259226526330457,nan,nan,nan
vertex,prestimTRIM_-0.50_to_-0.10s,C2,0.15569549444767522,9.533599445850499e-18,0.15569549444767522,0.22416666666666665,0.24,0.43631449073123196,nan,nan,nan
vertex,prestimTRIM_-0.50_to_-0.10s,C4,0.31139098889535044,1.9067198891700998e-17,0.31139098889535044,0.19,0.295,0.3282572049096339,nan,nan,nan
vertex,prestimTRIM_-0.50_to_-0.10s,C6,0.4670742986901498,2.860005224274434e-17,0.4670742986901498,0.20166666666666666,0.30083333333333334,0.39637371713734754,nan,nan,nan
vertex,prestimTRIM_-0.50_to_-0.10s,T8,0.622769793137825,3.8133651688594835e-17,0.622769793137825,0.22833333333333333,0.30833333333333335,0.5048402158280236,nan,nan,nan
vertex,prestimTRIM_-0.50_to_-0.10s,M1,0.8664628506549251,5.305554783173226e-17,0.8664628506549251,0.3075,0.18416666666666667,0.9326494199377418,nan,nan,nan
vertex,prestimTRIM_-0.50_to_-0.10s,TP7,-0.5922892699155132,-0.19244644966295837,0.6227697931378249,0.2475,0.215,0.841816189928141,nan,nan,nan
vertex,prestimTRIM_-0.50_to_-0.10s,CP5,-0.4486894406361628,-0.17223573916038112,0.4806114480352247,0.23833333333333334,0.2475,0.6718549493390696,nan,nan,nan
vertex,prestimTRIM_-0.50_to_-0.10s,CP3,-0.2988471109399219,-0.15889982751154083,0.33846528758550026,0.23083333333333333,0.24333333333333335,0.2876901140512505,nan,nan,nan
vertex,prestimTRIM_-0.50_to_-0.10s,CP1,-0.15317259329874983,-0.1531725932987498,0.21661875882695023,0.2225,0.21666666666666667,0.19049766312102462,nan,nan,nan
vertex,prestimTRIM_-0.50_to_-0.10s,CPZ,1.9067198891700998e-17,-0.15569549444767522,0.15569549444767522,0.20583333333333334,0.1375,0.18901964408996796,nan,nan,nan
vertex,prestimTRIM_-0.50_to_-0.10s,CP2,0.15317259329874983,-0.1531725932987498,0.21661875882695023,0.2025,0.20166666666666666,0.3645955430186222,nan,nan,nan
vertex,prestimTRIM_-0.50_to_-0.10s,CP4,0.2988471109399219,-0.15889982751154083,0.33846528758550026,0.21416666666666667,0.22166666666666668,0.33626578838174154,nan,nan,nan
vertex,prestimTRIM_-0.50_to_-0.10s,CP6,0.4486894406361628,-0.17223573916038112,0.4806114480352247,0.22833333333333333,0.2225,0.5885689721316782,nan,nan,nan
vertex,prestimTRIM_-0.50_to_-0.10s,TP8,0.5922892699155132,-0.19244644966295837,0.6227697931378249,0.245,0.225,0.6102418890358755,nan,nan,nan
vertex,prestimTRIM_-0.50_to_-0.10s,M2,-0.8664628506549251,5.305554783173226e-17,0.8664628506549251,0.30333333333333334,0.17583333333333334,0.5550090356065696,nan,nan,nan
vertex,prestimTRIM_-0.50_to_-0.10s,P7,-0.5038313462318709,-0.3660548999796477,0.6227697931378249,0.26916666666666667,0.2025,0.9110871785105517,nan,nan,nan
vertex,prestimTRIM_-0.50_to_-0.10s,P5,-0.3831644926704491,-0.33307981188050406,0.5076979313782504,0.255,0.18166666666666667,0.741417608010639,nan,nan,nan
vertex,prestimTRIM_-0.50_to_-0.10s,P3,-0.2555991277378157,-0.31563863605626796,0.4061510343108748,0.2608333333333333,0.185,0.6891090919350104,nan,nan,nan
vertex,prestimTRIM_-0.50_to_-0.10s,P1,-0.12679132837194132,-0.3138195499805803,0.33846528758550026,0.2525,0.15666666666666668,0.600127287578119,nan,nan,nan
vertex,prestimTRIM_-0.50_to_-0.10s,PZ,3.8134397783401996e-17,-0.31139098889535044,0.31139098889535044,0.25666666666666665,0.13166666666666665,0.581399232402397,nan,nan,nan
vertex,prestimTRIM_-0.50_to_-0.10s,P2,0.12679132837194132,-0.3138195499805803,0.33846528758550026,0.2425,0.17166666666666666,0.44053362116142486,nan,nan,nan
vertex,prestimTRIM_-0.50_to_-0.10s,P4,0.2555991277378157,-0.31563863605626796,0.4061510343108748,0.24666666666666667,0.17083333333333334,0.5590404746516141,nan,nan,nan
vertex,prestimTRIM_-0.50_to_-0.10s,P6,0.3831644926704491,-0.33307981188050406,0.5076979313782504,0.2475,0.18166666666666667,0.7335910105807734,nan,nan,nan
vertex,prestimTRIM_-0.50_to_-0.10s,P8,0.5038313462318709,-0.3660548999796477,0.6227697931378249,0.24416666666666667,0.18583333333333332,0.4129510034509436,nan,nan,nan
vertex,prestimTRIM_-0.50_to_-0.10s,PO7,-0.3660548999796478,-0.5038313462318709,0.622769793137825,0.2791666666666667,0.17166666666666666,0.8049557698813707,nan,nan,nan
vertex,prestimTRIM_-0.50_to_-0.10s,PO5,-0.3202971422372838,-0.4408511957539812,0.5449220459139874,0.26916666666666667,0.1675,0.7686611127007021,nan,nan,nan
vertex,prestimTRIM_-0.50_to_-0.10s,PO3,-0.19572631237744492,-0.46110229606836256,0.500923264379275,0.2708333333333333,0.16,0.7034342391195998,nan,nan,nan
vertex,prestimTRIM_-0.50_to_-0.10s,POz,5.720010448548868e-17,-0.4670742986901498,0.4670742986901498,0.2658333333333333,0.1375,0.4913251803269846,nan,nan,nan
vertex,prestimTRIM_-0.50_to_-0.10s,PO4,0.19572631237744492,-0.46110229606836256,0.500923264379275,0.27,0.15083333333333335,0.5383666395347751,nan,nan,nan
vertex,prestimTRIM_-0.50_to_-0.10s,PO6,0.3202971422372838,-0.4408511957539812,0.5449220459139874,0.2758333333333333,0.14416666666666667,0.5992545687374001,nan,nan,nan
vertex,prestimTRIM_-0.50_to_-0.10s,PO8,0.3660548999796478,-0.5038313462318709,0.622769793137825,0.2675,0.14666666666666667,0.5302718964069241,nan,nan,nan
vertex,prestimTRIM_-0.50_to_-0.10s,CB1,-0.6222539674441618,-0.6222539674441617,0.88,0.3,0.1325,0.851418178851596,nan,nan,nan
vertex,prestimTRIM_-0.50_to_-0.10s,O1,-0.19244644966295849,-0.5922892699155132,0.622769793137825,0.2733333333333333,0.14083333333333334,0.6149036041682389,nan,nan,nan
vertex,prestimTRIM_-0.50_to_-0.10s,Oz,7.626730337718967e-17,-0.622769793137825,0.622769793137825,0.2758333333333333,0.14416666666666667,0.7064400087419498,nan,nan,nan
vertex,prestimTRIM_-0.50_to_-0.10s,O2,0.19244644966295849,-0.5922892699155132,0.622769793137825,0.27666666666666667,0.13916666666666666,0.689047792017622,nan,nan,nan
vertex,prestimTRIM_-0.50_to_-0.10s,CB2,0.6222539674441618,-0.6222539674441617,0.88,0.3,0.1275,0.7106945627468916,nan,nan,nan
vertex,stim_0.14_to_0.64s,FP1,-0.1924464496629584,0.5922892699155132,0.6227697931378249,0.25333333333333335,nan,0.2880401555363255,nan,nan,nan
vertex,stim_0.14_to_0.64s,FPZ,0.0,0.622769793137825,0.622769793137825,0.2658333333333333,nan,0.36492183448924354,nan,nan,nan
vertex,stim_0.14_to_0.64s,FP2,0.1924464496629584,0.5922892699155132,0.6227697931378249,0.2625,nan,0.381815625069067,nan,nan,nan
vertex,stim_0.14_to_0.64s,AF3,-0.19572631237744492,0.46110229606836256,0.500923264379275,0.24583333333333332,nan,0.25804688964166256,nan,nan,nan
vertex,stim_0.14_to_0.64s,AF4,0.19572631237744492,0.46110229606836256,0.500923264379275,0.25666666666666665,nan,0.29353256773183817,nan,nan,nan
vertex,stim_0.14_to_0.64s,F7,-0.5038313462318709,0.36605489997964774,0.6227697931378249,0.21166666666666667,nan,0.34035264643464835,nan,nan,nan
vertex,stim_0.14_to_0.64s,F5,-0.38316449267044905,0.3330798118805041,0.5076979313782504,0.21833333333333332,nan,0.3880566031082046,nan,nan,nan
vertex,stim_0.14_to_0.64s,F3,-0.2555991277378157,0.31563863605626796,0.4061510343108748,0.2375,nan,0.28573778476378814,nan,nan,nan
vertex,stim_0.14_to_0.64s,F1,-0.12679132837194124,0.31381954998058037,0.3384652875855003,0.24583333333333332,nan,0.19235202917395863,nan,nan,nan
vertex,stim_0.14_to_0.64s,FZ,0.0,0.31139098889535044,0.31139098889535044,0.2783333333333333,nan,0.2786668866289397,nan,nan,nan
vertex,stim_0.14_to_0.64s,F2,0.12679132837194124,0.31381954998058037,0.3384652875855003,0.25416666666666665,nan,0.23387744507155922,nan,nan,nan
vertex,stim_0.14_to_0.64s,F4,0.2555991277378157,0.31563863605626796,0.4061510343108748,0.27,nan,0.31753327757191946,nan,nan,nan
vertex,stim_0.14_to_0.64s,F6,0.38316449267044905,0.3330798118805041,0.5076979313782504,0.235,nan,0.41475798898761945,nan,nan,nan
vertex,stim_0.14_to_0.64s,F8,0.5038313462318709,0.36605489997964774,0.6227697931378249,0.20416666666666666,nan,0.36550191828284373,nan,nan,nan
vertex,stim_0.14_to_0.64s,FT7,-0.5922892699155132,0.19244644966295846,0.622769793137825,0.2125,nan,0.37662439352478827,nan,nan,nan
vertex,stim_0.14_to_0.64s,FC5,-0.4486894406361628,0.17223573916038115,0.4806114480352247,0.22166666666666668,nan,0.42320795214133006,nan,nan,nan
vertex,stim_0.14_to_0.64s,FC3,-0.2988471109399219,0.15889982751154078,0.33846528758550026,0.22416666666666665,nan,0.3669503412253617,nan,nan,nan
vertex,stim_0.14_to_0.64s,FC1,-0.15317259329874983,0.15317259329874983,0.21661875882695025,0.22833333333333333,nan,0.22702240723374703,nan,nan,nan
vertex,stim_0.14_to_0.64s,FCz,0.0,0.15569549444767522,0.15569549444767522,0.2608333333333333,nan,0.2498805116854485,nan,nan,nan
vertex,stim_0.14_to_0.64s,FC2,0.15317259329874983,0.15317259329874983,0.21661875882695025,0.255,nan,0.18882241196808877,nan,nan,nan
vertex,stim_0.14_to_0.64s,FC4,0.2988471109399219,0.15889982751154078,0.33846528758550026,0.24,nan,0.30837520659287326,nan,nan,nan
vertex,stim_0.14_to_0.64s,FC6,0.4486894406361628,0.17223573916038115,0.4806114480352247,0.22083333333333333,nan,0.3278585399369021,nan,nan,nan
vertex,stim_0.14_to_0.64s,FT8,0.5922892699155132,0.19244644966295846,0.622769793137825,0.2175,nan,0.353305677705718,nan,nan,nan
vertex,stim_0.14_to_0.64s,T7,-0.622769793137825,3.8133651688594835e-17,0.622769793137825,0.22583333333333333,nan,0.479310809175706,nan,nan,nan
vertex,stim_0.14_to_0.64s,C5,-0.4670742986901498,2.860005224274434e-17,0.4670742986901498,0.23,nan,0.5437440155238481,nan,nan,nan
vertex,stim_0.14_to_0.64s,C3,-0.31139098889535044,1.9067198891700998e-17,0.31139098889535044,0.21,nan,0.4305712269596053,nan,nan,nan
vertex,stim_0.14_to_0.64s,C1,-0.15569549444767522,9.533599445850499e-18,0.15569549444767522,0.19833333333333333,nan,0.3896329863517483,nan,nan,nan
vertex,stim_0.14_to_0.64s,Cz,0.0,0.0,0.0,0.20833333333333334,nan,0.13523588959995592,nan,nan,nan
vertex,stim_0.14_to_0.64s,C2,0.15569549444767522,9.533599445850499e-18,0.15569549444767522,0.22166666666666668,nan,0.23112288427946898,nan,nan,nan
vertex,stim_0.14_to_0.64s,C4,0.31139098889535044,1.9067198891700998e-17,0.31139098889535044,0.21666666666666667,nan,0.246077261753261,nan,nan,nan
vertex,stim_0.14_to_0.64s,C6,0.4670742986901498,2.860005224274434e-17,0.4670742986901498,0.22083333333333333,nan,0.268868882656859,nan,nan,nan
vertex,stim_0.14_to_0.64s,T8,0.622769793137825,3.8133651688594835e-17,0.622769793137825,0.22833333333333333,nan,0.447365195802627,nan,nan,nan
vertex,stim_0.14_to_0.64s,M1,0.8664628506549251,5.305554783173226e-17,0.8664628506549251,0.26916666666666667,nan,0.43523394452303305,nan,nan,nan
vertex,stim_0.14_to_0.64s,TP7,-0.5922892699155132,-0.19244644966295837,0.6227697931378249,0.23583333333333334,nan,0.6465738399092977,nan,nan,nan
vertex,stim_0.14_to_0.64s,CP5,-0.4486894406361628,-0.17223573916038112,0.4806114480352247,0.24333333333333335,nan,0.7683493551189515,nan,nan,nan
vertex,stim_0.14_to_0.64s,CP3,-0.2988471109399219,-0.15889982751154083,0.33846528758550026,0.21916666666666668,nan,0.40204947373130656,nan,nan,nan
vertex,stim_0.14_to_0.64s,CP1,-0.15317259329874983,-0.1531725932987498,0.21661875882695023,0.2225,nan,0.36802408564793665,nan,nan,nan
vertex,stim_0.14_to_0.64s,CPZ,1.9067198891700998e-17,-0.15569549444767522,0.15569549444767522,0.21583333333333332,nan,0.3405923339492897,nan,nan,nan
vertex,stim_0.14_to_0.64s,CP2,0.15317259329874983,-0.1531725932987498,0.21661875882695023,0.2225,nan,0.3620794089713066,nan,nan,nan
vertex,stim_0.14_to_0.64s,CP4,0.2988471109399219,-0.15889982751154083,0.33846528758550026,0.21083333333333334,nan,0.2834676197372117,nan,nan,nan
vertex,stim_0.14_to_0.64s,CP6,0.4486894406361628,-0.17223573916038112,0.4806114480352247,0.23333333333333334,nan,0.32586705935587074,nan,nan,nan
vertex,stim_0.14_to_0.64s,TP8,0.5922892699155132,-0.19244644966295837,0.6227697931378249,0.235,nan,0.3077364187721525,nan,nan,nan
vertex,stim_0.14_to_0.64s,M2,-0.8664628506549251,5.305554783173226e-17,0.8664628506549251,0.23916666666666667,nan,0.3427797753151241,nan,nan,nan
vertex,stim_0.14_to_0.64s,P7,-0.5038313462318709,-0.3660548999796477,0.6227697931378249,0.24083333333333334,nan,0.7849571325269257,nan,nan,nan
vertex,stim_0.14_to_0.64s,P5,-0.3831644926704491,-0.33307981188050406,0.5076979313782504,0.23,nan,0.8033917068340022,nan,nan,nan
vertex,stim_0.14_to_0.64s,P3,-0.2555991277378157,-0.31563863605626796,0.4061510343108748,0.2325,nan,0.7501847553285079,nan,nan,nan
vertex,stim_0.14_to_0.64s,P1,-0.12679132837194132,-0.3138195499805803,0.33846528758550026,0.24416666666666667,nan,0.6916675574051879,nan,nan,nan
vertex,stim_0.14_to_0.64s,PZ,3.8134397783401996e-17,-0.31139098889535044,0.31139098889535044,0.24083333333333334,nan,1.0,nan,nan,nan
vertex,stim_0.14_to_0.64s,P2,0.12679132837194132,-0.3138195499805803,0.33846528758550026,0.235,nan,0.4527619004228438,nan,nan,nan
vertex,stim_0.14_to_0.64s,P4,0.2555991277378157,-0.31563863605626796,0.4061510343108748,0.23916666666666667,nan,0.4547150918248174,nan,nan,nan
vertex,stim_0.14_to_0.64s,P6,0.3831644926704491,-0.33307981188050406,0.5076979313782504,0.24916666666666668,nan,0.5255368044682642,nan,nan,nan
vertex,stim_0.14_to_0.64s,P8,0.5038313462318709,-0.3660548999796477,0.6227697931378249,0.225,nan,0.38800447312605685,nan,nan,nan
vertex,stim_0.14_to_0.64s,PO7,-0.3660548999796478,-0.5038313462318709,0.622769793137825,0.2475,nan,0.6948892141343048,nan,nan,nan
vertex,stim_0.14_to_0.64s,PO5,-0.3202971422372838,-0.4408511957539812,0.5449220459139874,0.25,nan,0.6940822585998051,nan,nan,nan
vertex,stim_0.14_to_0.64s,PO3,-0.19572631237744492,-0.46110229606836256,0.500923264379275,0.2425,nan,0.7096324875712544,nan,nan,nan
vertex,stim_0.14_to_0.64s,POz,5.720010448548868e-17,-0.4670742986901498,0.4670742986901498,0.23583333333333334,nan,0.764075177550584,nan,nan,nan
vertex,stim_0.14_to_0.64s,PO4,0.19572631237744492,-0.46110229606836256,0.500923264379275,0.23666666666666666,nan,0.5564394747165117,nan,nan,nan
vertex,stim_0.14_to_0.64s,PO6,0.3202971422372838,-0.4408511957539812,0.5449220459139874,0.24083333333333334,nan,0.5912311289602634,nan,nan,nan
vertex,stim_0.14_to_0.64s,PO8,0.3660548999796478,-0.5038313462318709,0.622769793137825,0.245,nan,0.5529263906452111,nan,nan,nan
vertex,stim_0.14_to_0.64s,CB1,-0.6222539674441618,-0.6222539674441617,0.88,0.24416666666666667,nan,0.629849229684503,nan,nan,nan
vertex,stim_0.14_to_0.64s,O1,-0.19244644966295849,-0.5922892699155132,0.622769793137825,0.245,nan,0.4727575313008249,nan,nan,nan
vertex,stim_0.14_to_0.64s,Oz,7.626730337718967e-17,-0.622769793137825,0.622769793137825,0.24166666666666667,nan,0.5086663302132288,nan,nan,nan
vertex,stim_0.14_to_0.64s,O2,0.19244644966295849,-0.5922892699155132,0.622769793137825,0.24666666666666667,nan,0.6826838711006386,nan,nan,nan
vertex,stim_0.14_to_0.64s,CB2,0.6222539674441618,-0.6222539674441617,0.88,0.24,nan,0.48623787903215365,nan,nan,nan
vertex,late_1.14_to_2.64s,FP1,-0.1924464496629584,0.5922892699155132,0.6227697931378249,0.235,nan,1.0,nan,nan,nan
vertex,late_1.14_to_2.64s,FPZ,0.0,0.622769793137825,0.622769793137825,0.2425,nan,0.9394688142239918,nan,nan,nan
vertex,late_1.14_to_2.64s,FP2,0.1924464496629584,0.5922892699155132,0.6227697931378249,0.24666666666666667,nan,0.9125964562810817,nan,nan,nan
vertex,late_1.14_to_2.64s,AF3,-0.19572631237744492,0.46110229606836256,0.500923264379275,0.22666666666666666,nan,0.8891177901457481,nan,nan,nan
vertex,late_1.14_to_2.64s,AF4,0.19572631237744492,0.46110229606836256,0.500923264379275,0.20333333333333334,nan,0.5191918853420148,nan,nan,nan
vertex,late_1.14_to_2.64s,F7,-0.5038313462318709,0.36605489997964774,0.6227697931378249,0.19666666666666666,nan,0.2271132583752888,nan,nan,nan
vertex,late_1.14_to_2.64s,F5,-0.38316449267044905,0.3330798118805041,0.5076979313782504,0.20416666666666666,nan,0.44084988796728797,nan,nan,nan
vertex,late_1.14_to_2.64s,F3,-0.2555991277378157,0.31563863605626796,0.4061510343108748,0.22916666666666666,nan,0.6726944162806423,nan,nan,nan
vertex,late_1.14_to_2.64s,F1,-0.12679132837194124,0.31381954998058037,0.3384652875855003,0.21416666666666667,nan,0.5258390722708585,nan,nan,nan
vertex,late_1.14_to_2.64s,FZ,0.0,0.31139098889535044,0.31139098889535044,0.21583333333333332,nan,0.8178526109384812,nan,nan,nan
vertex,late_1.14_to_2.64s,F2,0.12679132837194124,0.31381954998058037,0.3384652875855003,0.1975,nan,0.44701257589500043,nan,nan,nan
vertex,late_1.14_to_2.64s,F4,0.2555991277378157,0.31563863605626796,0.4061510343108748,0.21,nan,0.40502405800802443,nan,nan,nan
vertex,late_1.14_to_2.64s,F6,0.38316449267044905,0.3330798118805041,0.5076979313782504,0.21,nan,0.3847052967181016,nan,nan,nan
vertex,late_1.14_to_2.64s,F8,0.5038313462318709,0.36605489997964774,0.6227697931378249,0.18833333333333332,nan,0.3646540219018826,nan,nan,nan
vertex,late_1.14_to_2.64s,FT7,-0.5922892699155132,0.19244644966295846,0.622769793137825,0.215,nan,0.2865884960513272,nan,nan,nan
vertex,late_1.14_to_2.64s,FC5,-0.4486894406361628,0.17223573916038115,0.4806114480352247,0.22,nan,0.29297861249451623,nan,nan,nan
vertex,late_1.14_to_2.64s,FC3,-0.2988471109399219,0.15889982751154078,0.33846528758550026,0.20833333333333334,nan,0.3164029234355253,nan,nan,nan
vertex,late_1.14_to_2.64s,FC1,-0.15317259329874983,0.15317259329874983,0.21661875882695025,0.2275,nan,0.5657626644040507,nan,nan,nan
vertex,late_1.14_to_2.64s,FCz,0.0,0.15569549444767522,0.15569549444767522,0.20666666666666667,nan,0.44902900441079985,nan,nan,nan
vertex,late_1.14_to_2.64s,FC2,0.15317259329874983,0.15317259329874983,0.21661875882695025,0.1975,nan,0.2375191666268617,nan,nan,nan
vertex,late_1.14_to_2.64s,FC4,0.2988471109399219,0.15889982751154078,0.33846528758550026,0.215,nan,0.2923240836496491,nan,nan,nan
vertex,late_1.14_to_2.64s,FC6,0.4486894406361628,0.17223573916038115,0.4806114480352247,0.195,nan,0.2476108153907282,nan,nan,nan
vertex,late_1.14_to_2.64s,FT8,0.5922892699155132,0.19244644966295846,0.622769793137825,0.2025,nan,0.5091140588671117,nan,nan,nan
vertex,late_1.14_to_2.64s,T7,-0.622769793137825,3.8133651688594835e-17,0.622769793137825,0.2125,nan,0.47344403751055775,nan,nan,nan
vertex,late_1.14_to_2.64s,C5,-0.4670742986901498,2.860005224274434e-17,0.4670742986901498,0.215,nan,0.33572657318593707,nan,nan,nan
vertex,late_1.14_to_2.64s,C3,-0.31139098889535044,1.9067198891700998e-17,0.31139098889535044,0.22833333333333333,nan,0.4754215577867123,nan,nan,nan
vertex,late_1.14_to_2.64s,C1,-0.15569549444767522,9.533599445850499e-18,0.15569549444767522,0.22083333333333333,nan,0.28176566724366153,nan,nan,nan
vertex,late_1.14_to_2.64s,Cz,0.0,0.0,0.0,0.19,nan,0.3352794124245891,nan,nan,nan
vertex,late_1.14_to_2.64s,C2,0.15569549444767522,9.533599445850499e-18,0.15569549444767522,0.1875,nan,0.16131723916076707,nan,nan,nan
vertex,late_1.14_to_2.64s,C4,0.31139098889535044,1.9067198891700998e-17,0.31139098889535044,0.21166666666666667,nan,0.3516645476981187,nan,nan,nan
vertex,late_1.14_to_2.64s,C6,0.4670742986901498,2.860005224274434e-17,0.4670742986901498,0.1975,nan,0.4826210682339105,nan,nan,nan
vertex,late_1.14_to_2.64s,T8,0.622769793137825,3.8133651688594835e-17,0.622769793137825,0.19916666666666666,nan,0.6248315307881288,nan,nan,nan
vertex,late_1.14_to_2.64s,M1,0.8664628506549251,5.305554783173226e-17,0.8664628506549251,0.23833333333333334,nan,0.665587077029297,nan,nan,nan
vertex,late_1.14_to_2.64s,TP7,-0.5922892699155132,-0.19244644966295837,0.6227697931378249,0.2175,nan,0.5835822804169828,nan,nan,nan
vertex,late_1.14_to_2.64s,CP5,-0.4486894406361628,-0.17223573916038112,0.4806114480352247,0.19166666666666668,nan,0.6587570975197958,nan,nan,nan
vertex,late_1.14_to_2.64s,CP3,-0.2988471109399219,-0.15889982751154083,0.33846528758550026,0.18416666666666667,nan,0.25259037330613887,nan,nan,nan
vertex,late_1.14_to_2.64s,CP1,-0.15317259329874983,-0.1531725932987498,0.21661875882695023,0.20166666666666666,nan,0.20554230777288482,nan,nan,nan
vertex,late_1.14_to_2.64s,CPZ,1.9067198891700998e-17,-0.15569549444767522,0.15569549444767522,0.18166666666666667,nan,0.22528507813926668,nan,nan,nan
vertex,late_1.14_to_2.64s,CP2,0.15317259329874983,-0.1531725932987498,0.21661875882695023,0.18833333333333332,nan,0.11315417216658287,nan,nan,nan
vertex,late_1.14_to_2.64s,CP4,0.2988471109399219,-0.15889982751154083,0.33846528758550026,0.19583333333333333,nan,0.2908889561163458,nan,nan,nan
vertex,late_1.14_to_2.64s,CP6,0.4486894406361628,-0.17223573916038112,0.4806114480352247,0.2075,nan,0.6229631345361633,nan,nan,nan
vertex,late_1.14_to_2.64s,TP8,0.5922892699155132,-0.19244644966295837,0.6227697931378249,0.19166666666666668,nan,0.6693990778784781,nan,nan,nan
vertex,late_1.14_to_2.64s,M2,-0.8664628506549251,5.305554783173226e-17,0.8664628506549251,0.235,nan,0.7070130787211081,nan,nan,nan
vertex,late_1.14_to_2.64s,P7,-0.5038313462318709,-0.3660548999796477,0.6227697931378249,0.195,nan,0.8262304212823003,nan,nan,nan
vertex,late_1.14_to_2.64s,P5,-0.3831644926704491,-0.33307981188050406,0.5076979313782504,0.1925,nan,0.7067565499893,nan,nan,nan
vertex,late_1.14_to_2.64s,P3,-0.2555991277378157,-0.31563863605626796,0.4061510343108748,0.19833333333333333,nan,0.6883849687998255,nan,nan,nan
vertex,late_1.14_to_2.64s,P1,-0.12679132837194132,-0.3138195499805803,0.33846528758550026,0.21083333333333334,nan,0.5163672989037411,nan,nan,nan
vertex,late_1.14_to_2.64s,PZ,3.8134397783401996e-17,-0.31139098889535044,0.31139098889535044,0.1975,nan,0.8328543746920519,nan,nan,nan
vertex,late_1.14_to_2.64s,P2,0.12679132837194132,-0.3138195499805803,0.33846528758550026,0.18666666666666668,nan,0.3612026079621812,nan,nan,nan
vertex,late_1.14_to_2.64s,P4,0.2555991277378157,-0.31563863605626796,0.4061510343108748,0.19416666666666665,nan,0.5423268725567233,nan,nan,nan
vertex,late_1.14_to_2.64s,P6,0.3831644926704491,-0.33307981188050406,0.5076979313782504,0.2125,nan,0.6495403229095055,nan,nan,nan
vertex,late_1.14_to_2.64s,P8,0.5038313462318709,-0.3660548999796477,0.6227697931378249,0.20083333333333334,nan,0.5930251883002621,nan,nan,nan
vertex,late_1.14_to_2.64s,PO7,-0.3660548999796478,-0.5038313462318709,0.622769793137825,0.20416666666666666,nan,0.7832926798514981,nan,nan,nan
vertex,late_1.14_to_2.64s,PO5,-0.3202971422372838,-0.4408511957539812,0.5449220459139874,0.205,nan,0.8009932815374547,nan,nan,nan
vertex,late_1.14_to_2.64s,PO3,-0.19572631237744492,-0.46110229606836256,0.500923264379275,0.20666666666666667,nan,0.7951888929371111,nan,nan,nan
vertex,late_1.14_to_2.64s,POz,5.720010448548868e-17,-0.4670742986901498,0.4670742986901498,0.2075,nan,0.5173756654844739,nan,nan,nan
vertex,late_1.14_to_2.64s,PO4,0.19572631237744492,-0.46110229606836256,0.500923264379275,0.21,nan,0.7775099048446997,nan,nan,nan
vertex,late_1.14_to_2.64s,PO6,0.3202971422372838,-0.4408511957539812,0.5449220459139874,0.20416666666666666,nan,0.8071697108795123,nan,nan,nan
vertex,late_1.14_to_2.64s,PO8,0.3660548999796478,-0.5038313462318709,0.622769793137825,0.20416666666666666,nan,0.6756357784033228,nan,nan,nan
vertex,late_1.14_to_2.64s,CB1,-0.6222539674441618,-0.6222539674441617,0.88,0.22166666666666668,nan,0.7548798621161033,nan,nan,nan
vertex,late_1.14_to_2.64s,O1,-0.19244644966295849,-0.5922892699155132,0.622769793137825,0.215,nan,0.5747332875734508,nan,nan,nan
vertex,late_1.14_to_2.64s,Oz,7.626730337718967e-17,-0.622769793137825,0.622769793137825,0.20916666666666667,nan,0.6618002981078227,nan,nan,nan
vertex,late_1.14_to_2.64s,O2,0.19244644966295849,-0.5922892699155132,0.622769793137825,0.22666666666666666,nan,0.8430403985262863,nan,nan,nan
vertex,late_1.14_to_2.64s,CB2,0.6222539674441618,-0.6222539674441617,0.88,0.22666666666666666,nan,0.7214354444880453,nan,nan,nan
average,prestim_-0.50_to_0.00s,FP1,-0.1924464496629584,0.5922892699155132,0.6227697931378249,0.2775,0.12916666666666668,0.8507878412962471,nan,nan,nan
average,prestim_-0.50_to_0.00s,FPZ,0.0,0.622769793137825,0.622769793137825,0.2925,0.11166666666666666,0.9267819647292451,nan,nan,nan
average,prestim_-0.50_to_0.00s,FP2,0.1924464496629584,0.5922892699155132,0.6227697931378249,0.2708333333333333,0.1525,0.8291556600161033,nan,nan,nan
average,prestim_-0.50_to_0.00s,AF3,-0.19572631237744492,0.46110229606836256,0.500923264379275,0.2775,0.1475,0.8600877675196577,nan,nan,nan
average,prestim_-0.50_to_0.00s,AF4,0.19572631237744492,0.46110229606836256,0.500923264379275,0.2816666666666667,0.1775,0.7868450793102978,nan,nan,nan
average,prestim_-0.50_to_0.00s,F7,-0.5038313462318709,0.36605489997964774,0.6227697931378249,0.19833333333333333,0.2816666666666667,0.21295277962079778,nan,nan,nan
average,prestim_-0.50_to_0.00s,F5,-0.38316449267044905,0.3330798118805041,0.5076979313782504,0.22083333333333333,0.2875,0.2977716984365943,nan,nan,nan
average,prestim_-0.50_to_0.00s,F3,-0.2555991277378157,0.31563863605626796,0.4061510343108748,0.255,0.24666666666666667,0.5920468334789406,nan,nan,nan
average,prestim_-0.50_to_0.00s,F1,-0.12679132837194124,0.31381954998058037,0.3384652875855003,0.29083333333333333,0.165,0.8083420670732209,nan,nan,nan
average,prestim_-0.50_to_0.00s,FZ,0.0,0.31139098889535044,0.31139098889535044,0.30833333333333335,0.145,0.9157426745798347,nan,nan,nan
average,prestim_-0.50_to_0.00s,F2,0.12679132837194124,0.31381954998058037,0.3384652875855003,0.2841666666666667,0.18416666666666667,1.0,nan,nan,nan
average,prestim_-0.50_to_0.00s,F4,0.2555991277378157,0.31563863605626796,0.4061510343108748,0.265,0.255,0.693239362253815,nan,nan,nan
average,prestim_-0.50_to_0.00s,F6,0.38316449267044905,0.3330798118805041,0.5076979313782504,0.235,0.30083333333333334,0.39781872118069145,nan,nan,nan
average,prestim_-0.50_to_0.00s,F8,0.5038313462318709,0.36605489997964774,0.6227697931378249,0.20833333333333334,0.3591666666666667,0.1379452187163455,nan,nan,nan
average,prestim_-0.50_to_0.00s,FT7,-0.5922892699155132,0.19244644966295846,0.622769793137825,0.2225,0.3175,0.3206014870446068,nan,nan,nan
average,prestim_-0.50_to_0.00s,FC5,-0.4486894406361628,0.17223573916038115,0.4806114480352247,0.19583333333333333,0.31916666666666665,0.18642260909343827,nan,nan,nan
average,prestim_-0.50_to_0.00s,FC3,-0.2988471109399219,0.15889982751154078,0.33846528758550026,0.22916666666666666,0.2525,0.4950262705653193,nan,nan,nan
average,prestim_-0.50_to_0.00s,FC1,-0.15317259329874983,0.15317259329874983,0.21661875882695025,0.25916666666666666,0.20166666666666666,0.5297896422932251,nan,nan,nan
average,prestim_-0.50_to_0.00s,FCz,0.0,0.15569549444767522,0.15569549444767522,0.2575,0.1575,0.5952897959363156,nan,nan,nan
average,prestim_-0.50_to_0.00s,FC2,0.15317259329874983,0.15317259329874983,0.21661875882695025,0.23416666666666666,0.2225,0.5973046184643874,nan,nan,nan
average,prestim_-0.50_to_0.00s,FC4,0.2988471109399219,0.15889982751154078,0.33846528758550026,0.24083333333333334,0.26,0.5984147523900196,nan,nan,nan
average,prestim_-0.50_to_0.00s,FC6,0.4486894406361628,0.17223573916038115,0.4806114480352247,0.2075,0.3333333333333333,0.15870937425806564,nan,nan,nan
average,prestim_-0.50_to_0.00s,FT8,0.5922892699155132,0.19244644966295846,0.622769793137825,0.2175,0.34,0.3227433225595435,nan,nan,nan
average,prestim_-0.50_to_0.00s,T7,-0.622769793137825,3.8133651688594835e-17,0.622769793137825,0.24166666666666667,0.2841666666666667,0.6550236305443153,nan,nan,nan
average,prestim_-0.50_to_0.00s,C5,-0.4670742986901498,2.860005224274434e-17,0.4670742986901498,0.22416666666666665,0.31416666666666665,0.22227461617815528,nan,nan,nan
average,prestim_-0.50_to_0.00s,C3,-0.31139098889535044,1.9067198891700998e-17,0.31139098889535044,0.19333333333333333,0.2675,0.12030794753220794,nan,nan,nan
average,prestim_-0.50_to_0.00s,C1,-0.15569549444767522,9.533599445850499e-18,0.15569549444767522,0.19166666666666668,0.205,0.10923018029759907,nan,nan,nan
average,prestim_-0.50_to_0.00s,Cz,0.0,0.0,0.0,0.18833333333333332,0.16,0.13478046880446326,nan,nan,nan
average,prestim_-0.50_to_0.00s,C2,0.15569549444767522,9.533599445850499e-18,0.15569549444767522,0.19583333333333333,0.2075,0.3222301019431543,nan,nan,nan
average,prestim_-0.50_to_0.00s,C4,0.31139098889535044,1.9067198891700998e-17,0.31139098889535044,0.20083333333333334,0.2725,0.30206823836843233,nan,nan,nan
average,prestim_-0.50_to_0.00s,C6,0.4670742986901498,2.860005224274434e-17,0.4670742986901498,0.2175,0.30333333333333334,0.4194825518739009,nan,nan,nan
average,prestim_-0.50_to_0.00s,T8,0.622769793137825,3.8133651688594835e-17,0.622769793137825,0.22916666666666666,0.30416666666666664,0.5545461308117502,nan,nan,nan
average,prestim_-0.50_to_0.00s,M1,0.8664628506549251,5.305554783173226e-17,0.8664628506549251,0.32,0.17916666666666667,0.9593019550349628,nan,nan,nan
average,prestim_-0.50_to_0.00s,TP7,-0.5922892699155132,-0.19244644966295837,0.6227697931378249,0.26416666666666666,0.23083333333333333,0.8926419971792484,nan,nan,nan
average,prestim_-0.50_to_0.00s,CP5,-0.4486894406361628,-0.17223573916038112,0.4806114480352247,0.26166666666666666,0.27416666666666667,0.6208147749569297,nan,nan,nan
average,prestim_-0.50_to_0.00s,CP3,-0.2988471109399219,-0.15889982751154083,0.33846528758550026,0.22333333333333333,0.2175,0.26527461466139185,nan,nan,nan
average,prestim_-0.50_to_0.00s,CP1,-0.15317259329874983,-0.1531725932987498,0.21661875882695023,0.185,0.18583333333333332,0.19331815372340203,nan,nan,nan
average,prestim_-0.50_to_0.00s,CPZ,1.9067198891700998e-17,-0.15569549444767522,0.15569549444767522,0.18416666666666667,0.14833333333333334,0.12028960882006183,nan,nan,nan
average,prestim_-0.50_to_0.00s,CP2,0.15317259329874983,-0.1531725932987498,0.21661875882695023,0.1925,0.1625,0.24890732864921628,nan,nan,nan
average,prestim_-0.50_to_0.00s,CP4,0.2988471109399219,-0.15889982751154083,0.33846528758550026,0.19666666666666666,0.185,0.29168395717961954,nan,nan,nan
average,prestim_-0.50_to_0.00s,CP6,0.4486894406361628,-0.17223573916038112,0.4806114480352247,0.21916666666666668,0.24333333333333335,0.5816195768245517,nan,nan,nan
average,prestim_-0.50_to_0.00s,TP8,0.5922892699155132,-0.19244644966295837,0.6227697931378249,0.23583333333333334,0.245,0.6435727773556627,nan,nan,nan
average,prestim_-0.50_to_0.00s,M2,-0.8664628506549251,5.305554783173226e-17,0.8664628506549251,0.2991666666666667,0.17416666666666666,0.5642191697323033,nan,nan,nan
average,prestim_-0.50_to_0.00s,P7,-0.5038313462318709,-0.3660548999796477,0.6227697931378249,0.2875,0.2025,0.7505562883275791,nan,nan,nan
average,prestim_-0.50_to_0.00s,P5,-0.3831644926704491,-0.33307981188050406,0.5076979313782504,0.25166666666666665,0.20833333333333334,0.555812101815588,nan,nan,nan
average,prestim_-0.50_to_0.00s,P3,-0.2555991277378157,-0.31563863605626796,0.4061510343108748,0.24916666666666668,0.19416666666666665,0.5082338560368401,nan,nan,nan
average,prestim_-0.50_to_0.00s,P1,-0.12679132837194132,-0.3138195499805803,0.33846528758550026,0.2175,0.1425,0.3549534200554197,nan,nan,nan
average,prestim_-0.50_to_0.00s,PZ,3.8134397783401996e-17,-0.31139098889535044,0.31139098889535044,0.24666666666666667,0.11333333333333333,0.40768331133086905,nan,nan,nan
average,prestim_-0.50_to_0.00s,P2,0.12679132837194132,-0.3138195499805803,0.33846528758550026,0.23083333333333333,0.12833333333333333,0.3933502473293816,nan,nan,nan
average,prestim_-0.50_to_0.00s,P4,0.2555991277378157,-0.31563863605626796,0.4061510343108748,0.24333333333333335,0.1725,0.48009758633215444,nan,nan,nan
average,prestim_-0.50_to_0.00s,P6,0.3831644926704491,-0.33307981188050406,0.5076979313782504,0.26416666666666666,0.18666666666666668,0.6158225242636627,nan,nan,nan
average,prestim_-0.50_to_0.00s,P8,0.5038313462318709,-0.3660548999796477,0.6227697931378249,0.26,0.18666666666666668,0.4965740826814184,nan,nan,nan
average,prestim_-0.50_to_0.00s,PO7,-0.3660548999796478,-0.5038313462318709,0.622769793137825,0.26,0.16833333333333333,0.9203972189496042,nan,nan,nan
average,prestim_-0.50_to_0.00s,PO5,-0.3202971422372838,-0.4408511957539812,0.5449220459139874,0.25666666666666665,0.175,0.8805924402832666,nan,nan,nan
average,prestim_-0.50_to_0.00s,PO3,-0.19572631237744492,-0.46110229606836256,0.500923264379275,0.25583333333333336,0.16416666666666666,0.7448302923455513,nan,nan,nan
average,prestim_-0.50_to_0.00s,POz,5.720010448548868e-17,-0.4670742986901498,0.4670742986901498,0.2658333333333333,0.1375,0.48088353245925386,nan,nan,nan
average,prestim_-0.50_to_0.00s,PO4,0.19572631237744492,-0.46110229606836256,0.500923264379275,0.2608333333333333,0.15666666666666668,0.6093139490361335,nan,nan,nan
average,prestim_-0.50_to_0.00s,PO6,0.3202971422372838,-0.4408511957539812,0.5449220459139874,0.25833333333333336,0.14916666666666667,0.691231254704165,nan,nan,nan
average,prestim_-0.50_to_0.00s,PO8,0.3660548999796478,-0.5038313462318709,0.622769793137825,0.2575,0.15333333333333332,0.6206350766556695,nan,nan,nan
average,prestim_-0.50_to_0.00s,CB1,-0.6222539674441618,-0.6222539674441617,0.88,0.3025,0.14,0.9141170761901,nan,nan,nan
average,prestim_-0.50_to_0.00s,O1,-0.19244644966295849,-0.5922892699155132,0.622769793137825,0.295,0.14333333333333334,0.669019319843989,nan,nan,nan
average,prestim_-0.50_to_0.00s,Oz,7.626730337718967e-17,-0.622769793137825,0.622769793137825,0.2808333333333333,0.15083333333333335,0.7661084163056052,nan,nan,nan
average,prestim_-0.50_to_0.00s,O2,0.19244644966295849,-0.5922892699155132,0.622769793137825,0.2841666666666667,0.14166666666666666,0.7606897892921278,nan,nan,nan
average,prestim_-0.50_to_0.00s,CB2,0.6222539674441618,-0.6222539674441617,0.88,0.30833333333333335,0.13416666666666666,0.762910302988359,nan,nan,nan
average,prestimTRIM_-0.50_to_-0.10s,FP1,-0.1924464496629584,0.5922892699155132,0.6227697931378249,0.2708333333333333,0.12916666666666668,0.879575513604597,nan,nan,nan
average,prestimTRIM_-0.50_to_-0.10s,FPZ,0.0,0.622769793137825,0.622769793137825,0.2808333333333333,0.12166666666666667,0.9447271330469919,nan,nan,nan
average,prestimTRIM_-0.50_to_-0.10s,FP2,0.1924464496629584,0.5922892699155132,0.6227697931378249,0.2725,0.14583333333333334,0.8202409151720597,nan,nan,nan
average,prestimTRIM_-0.50_to_-0.10s,AF3,-0.19572631237744492,0.46110229606836256,0.500923264379275,0.27166666666666667,0.15083333333333335,0.9052400375745687,nan,nan,nan
average,prestimTRIM_-0.50_to_-0.10s,AF4,0.19572631237744492,0.46110229606836256,0.500923264379275,0.2825,0.1625,0.7604604081812771,nan,nan,nan
average,prestimTRIM_-0.50_to_-0.10s,F7,-0.5038313462318709,0.36605489997964774,0.6227697931378249,0.2,0.28833333333333333,0.30746183587707193,nan,nan,nan
average,prestimTRIM_-0.50_to_-0.10s,F5,-0.38316449267044905,0.3330798118805041,0.5076979313782504,0.21166666666666667,0.2825,0.3583350584711202,nan,nan,nan
average,prestimTRIM_-0.50_to_-0.10s,F3,-0.2555991277378157,0.31563863605626796,0.4061510343108748,0.255,0.2425,0.6329422812171001,nan,nan,nan
average,prestimTRIM_-0.50_to_-0.10s,F1,-0.12679132837194124,0.31381954998058037,0.3384652875855003,0.28583333333333333,0.16166666666666665,0.7913059273356232,nan,nan,nan
average,prestimTRIM_-0.50_to_-0.10s,FZ,0.0,0.31139098889535044,0.31139098889535044,0.29333333333333333,0.13916666666666666,0.9085673042464337,nan,nan,nan
average,prestimTRIM_-0.50_to_-0.10s,F2,0.12679132837194124,0.31381954998058037,0.3384652875855003,0.2833333333333333,0.17333333333333334,0.962954998153069,nan,nan,nan
average,prestimTRIM_-0.50_to_-0.10s,F4,0.2555991277378157,0.31563863605626796,0.4061510343108748,0.24833333333333332,0.25916666666666666,0.6556200322001244,nan,nan,nan
average,prestimTRIM_-0.50_to_-0.10s,F6,0.38316449267044905,0.3330798118805041,0.5076979313782504,0.22416666666666665,0.3025,0.40594128707291616,nan,nan,nan
average,prestimTRIM_-0.50_to_-0.10s,F8,0.5038313462318709,0.36605489997964774,0.6227697931378249,0.20166666666666666,0.3566666666666667,0.19679339475386706,nan,nan,nan
average,prestimTRIM_-0.50_to_-0.10s,FT7,-0.5922892699155132,0.19244644966295846,0.622769793137825,0.2225,0.31916666666666665,0.38070097275687387,nan,nan,nan
average,prestimTRIM_-0.50_to_-0.10s,FC5,-0.4486894406361628,0.17223573916038115,0.4806114480352247,0.2,0.3333333333333333,0.2908367494029607,nan,nan,nan
average,prestimTRIM_-0.50_to_-0.10s,FC3,-0.2988471109399219,0.15889982751154078,0.33846528758550026,0.22333333333333333,0.25833333333333336,0.5149091601592626,nan,nan,nan
average,prestimTRIM_-0.50_to_-0.10s,FC1,-0.15317259329874983,0.15317259329874983,0.21661875882695025,0.25333333333333335,0.19833333333333333,0.5144568913123732,nan,nan,nan
average,prestimTRIM_-0.50_to_-0.10s,FCz,0.0,0.15569549444767522,0.15569549444767522,0.2683333333333333,0.13333333333333333,0.5828962027201564,nan,nan,nan
average,prestimTRIM_-0.50_to_-0.10s,FC2,0.15317259329874983,0.15317259329874983,0.21661875882695025,0.23333333333333334,0.22666666666666666,0.5843451911176311,nan,nan,nan
average,prestimTRIM_-0.50_to_-0.10s,FC4,0.2988471109399219,0.15889982751154078,0.33846528758550026,0.23416666666666666,0.26916666666666667,0.6465346612980668,nan,nan,nan
average,prestimTRIM_-0.50_to_-0.10s,FC6,0.4486894406361628,0.17223573916038115,0.4806114480352247,0.20416666666666666,0.3375,0.22211319767002347,nan,nan,nan
average,prestimTRIM_-0.50_to_-0.10s,FT8,0.5922892699155132,0.19244644966295846,0.622769793137825,0.22,0.3525,0.39537889872415255,nan,nan,nan
average,prestimTRIM_-0.50_to_-0.10s,T7,-0.622769793137825,3.8133651688594835e-17,0.622769793137825,0.25,0.2966666666666667,0.6752367662405692,nan,nan,nan
average,prestimTRIM_-0.50_to_-0.10s,C5,-0.4670742986901498,2.860005224274434e-17,0.4670742986901498,0.20083333333333334,0.325,0.23309861532530293,nan,nan,nan
average,prestimTRIM_-0.50_to_-0.10s,C3,-0.31139098889535044,1.9067198891700998e-17,0.31139098889535044,0.19416666666666665,0.2758333333333333,0.14668550514251116,nan,nan,nan
average,prestimTRIM_-0.50_to_-0.10s,C1,-0.15569549444767522,9.533599445850499e-18,0.15569549444767522,0.18916666666666668,0.20583333333333334,0.08742812308821883,nan,nan,nan
average,prestimTRIM_-0.50_to_-0.10s,Cz,0.0,0.0,0.0,0.20333333333333334,0.12416666666666666,0.14539665659659226,nan,nan,nan
average,prestimTRIM_-0.50_to_-0.10s,C2,0.15569549444767522,9.533599445850499e-18,0.15569549444767522,0.21333333333333335,0.20583333333333334,0.40474315764373936,nan,nan,nan
average,prestimTRIM_-0.50_to_-0.10s,C4,0.31139098889535044,1.9067198891700998e-17,0.31139098889535044,0.19916666666666666,0.2783333333333333,0.40233985210531964,nan,nan,nan
average,prestimTRIM_-0.50_to_-0.10s,C6,0.4670742986901498,2.860005224274434e-17,0.4670742986901498,0.225,0.31666666666666665,0.5187317796358075,nan,nan,nan
average,prestimTRIM_-0.50_to_-0.10s,T8,0.622769793137825,3.8133651688594835e-17,0.622769793137825,0.22666666666666666,0.30666666666666664,0.623900907450876,nan,nan,nan
average,prestimTRIM_-0.50_to_-0.10s,M1,0.8664628506549251,5.305554783173226e-17,0.8664628506549251,0.32083333333333336,0.18,1.0,nan,nan,nan
average,prestimTRIM_-0.50_to_-0.10s,TP7,-0.5922892699155132,-0.19244644966295837,0.6227697931378249,0.2575,0.24166666666666667,0.8955778110245263,nan,nan,nan
average,prestimTRIM_-0.50_to_-0.10s,CP5,-0.4486894406361628,-0.17223573916038112,0.4806114480352247,0.24083333333333334,0.275,0.618264129506427,nan,nan,nan
average,prestimTRIM_-0.50_to_-0.10s,CP3,-0.2988471109399219,-0.15889982751154083,0.33846528758550026,0.19666666666666666,0.23416666666666666,0.27137662657866507,nan,nan,nan
average,prestimTRIM_-0.50_to_-0.10s,CP1,-0.15317259329874983,-0.1531725932987498,0.21661875882695023,0.18166666666666667,0.1725,0.20681880109464737,nan,nan,nan
average,prestimTRIM_-0.50_to_-0.10s,CPZ,1.9067198891700998e-17,-0.15569549444767522,0.15569549444767522,0.1875,0.1225,0.14780764692638737,nan,nan,nan
average,prestimTRIM_-0.50_to_-0.10s,CP2,0.15317259329874983,-0.1531725932987498,0.21661875882695023,0.19583333333333333,0.1575,0.29557444649547554,nan,nan,nan
average,prestimTRIM_-0.50_to_-0.10s,CP4,0.2988471109399219,-0.15889982751154083,0.33846528758550026,0.205,0.1925,0.3280683049233727,nan,nan,nan
average,prestimTRIM_-0.50_to_-0.10s,CP6,0.4486894406361628,-0.17223573916038112,0.4806114480352247,0.235,0.2475,0.6550867656527056,nan,nan,nan
average,prestimTRIM_-0.50_to_-0.10s,TP8,0.5922892699155132,-0.19244644966295837,0.6227697931378249,0.24583333333333332,0.24,0.7030600287016133,nan,nan,nan
average,prestimTRIM_-0.50_to_-0.10s,M2,-0.8664628506549251,5.305554783173226e-17,0.8664628506549251,0.30333333333333334,0.17666666666666667,0.5899246281242164,nan,nan,nan
average,prestimTRIM_-0.50_to_-0.10s,P7,-0.5038313462318709,-0.3660548999796477,0.6227697931378249,0.28583333333333333,0.2,0.7476179884240765,nan,nan,nan
average,prestimTRIM_-0.50_to_-0.10s,P5,-0.3831644926704491,-0.33307981188050406,0.5076979313782504,0.23916666666666667,0.1975,0.549095675911101,nan,nan,nan
average,prestimTRIM_-0.50_to_-0.10s,P3,-0.2555991277378157,-0.31563863605626796,0.4061510343108748,0.23833333333333334,0.19416666666666665,0.5007012482979344,nan,nan,nan
average,prestimTRIM_-0.50_to_-0.10s,P1,-0.12679132837194132,-0.3138195499805803,0.33846528758550026,0.2125,0.15916666666666668,0.35404642586776625,nan,nan,nan
average,prestimTRIM_-0.50_to_-0.10s,PZ,3.8134397783401996e-17,-0.31139098889535044,0.31139098889535044,0.22833333333333333,0.11916666666666667,0.38715179673983624,nan,nan,nan
average,prestimTRIM_-0.50_to_-0.10s,P2,0.12679132837194132,-0.3138195499805803,0.33846528758550026,0.22583333333333333,0.13333333333333333,0.38537239609848445,nan,nan,nan
average,prestimTRIM_-0.50_to_-0.10s,P4,0.2555991277378157,-0.31563863605626796,0.4061510343108748,0.25416666666666665,0.17,0.4937104018883633,nan,nan,nan
average,prestimTRIM_-0.50_to_-0.10s,P6,0.3831644926704491,-0.33307981188050406,0.5076979313782504,0.2658333333333333,0.17666666666666667,0.6458279366314715,nan,nan,nan
average,prestimTRIM_-0.50_to_-0.10s,P8,0.5038313462318709,-0.3660548999796477,0.6227697931378249,0.25666666666666665,0.17,0.5054444069393996,nan,nan,nan
average,prestimTRIM_-0.50_to_-0.10s,PO7,-0.3660548999796478,-0.5038313462318709,0.622769793137825,0.27,0.16916666666666666,0.8931126999744715,nan,nan,nan
average,prestimTRIM_-0.50_to_-0.10s,PO5,-0.3202971422372838,-0.4408511957539812,0.5449220459139874,0.2683333333333333,0.1725,0.8516485842329363,nan,nan,nan
average,prestimTRIM_-0.50_to_-0.10s,PO3,-0.19572631237744492,-0.46110229606836256,0.500923264379275,0.25416666666666665,0.15166666666666667,0.7066174381541847,nan,nan,nan
average,prestimTRIM_-0.50_to_-0.10s,POz,5.720010448548868e-17,-0.4670742986901498,0.4670742986901498,0.2633333333333333,0.12416666666666666,0.4456668298373544,nan,nan,nan
average,prestimTRIM_-0.50_to_-0.10s,PO4,0.19572631237744492,-0.46110229606836256,0.500923264379275,0.2575,0.15416666666666667,0.5755687392748491,nan,nan,nan
average,prestimTRIM_-0.50_to_-0.10s,PO6,0.3202971422372838,-0.4408511957539812,0.5449220459139874,0.2575,0.15166666666666667,0.6652403891424943,nan,nan,nan
average,prestimTRIM_-0.50_to_-0.10s,PO8,0.3660548999796478,-0.5038313462318709,0.622769793137825,0.2608333333333333,0.15166666666666667,0.5997528459732849,nan,nan,nan
average,prestimTRIM_-0.50_to_-0.10s,CB1,-0.6222539674441618,-0.6222539674441617,0.88,0.29833333333333334,0.13416666666666666,0.930371953511545,nan,nan,nan
average,prestimTRIM_-0.50_to_-0.10s,O1,-0.19244644966295849,-0.5922892699155132,0.622769793137825,0.2808333333333333,0.14166666666666666,0.6965206265960542,nan,nan,nan
average,prestimTRIM_-0.50_to_-0.10s,Oz,7.626730337718967e-17,-0.622769793137825,0.622769793137825,0.2816666666666667,0.13833333333333334,0.759184319807976,nan,nan,nan
average,prestimTRIM_-0.50_to_-0.10s,O2,0.19244644966295849,-0.5922892699155132,0.622769793137825,0.285,0.13666666666666666,0.7402613793801918,nan,nan,nan
average,prestimTRIM_-0.50_to_-0.10s,CB2,0.6222539674441618,-0.6222539674441617,0.88,0.32083333333333336,0.14416666666666667,0.7697810336924094,nan,nan,nan
average,stim_0.14_to_0.64s,FP1,-0.1924464496629584,0.5922892699155132,0.6227697931378249,0.2525,nan,0.4926766269114813,nan,nan,nan
average,stim_0.14_to_0.64s,FPZ,0.0,0.622769793137825,0.622769793137825,0.27416666666666667,nan,0.6316040658801837,nan,nan,nan
average,stim_0.14_to_0.64s,FP2,0.1924464496629584,0.5922892699155132,0.6227697931378249,0.2683333333333333,nan,0.6596417472195581,nan,nan,nan
average,stim_0.14_to_0.64s,AF3,-0.19572631237744492,0.46110229606836256,0.500923264379275,0.245,nan,0.4651706614891132,nan,nan,nan
average,stim_0.14_to_0.64s,AF4,0.19572631237744492,0.46110229606836256,0.500923264379275,0.265,nan,0.6671544065024724,nan,nan,nan
average,stim_0.14_to_0.64s,F7,-0.5038313462318709,0.36605489997964774,0.6227697931378249,0.20833333333333334,nan,0.45367917767400356,nan,nan,nan
average,stim_0.14_to_0.64s,F5,-0.38316449267044905,0.3330798118805041,0.5076979313782504,0.21833333333333332,nan,0.5312553270959731,nan,nan,nan
average,stim_0.14_to_0.64s,F3,-0.2555991277378157,0.31563863605626796,0.4061510343108748,0.21333333333333335,nan,0.3742704414582969,nan,nan,nan
average,stim_0.14_to_0.64s,F1,-0.12679132837194124,0.31381954998058037,0.3384652875855003,0.24166666666666667,nan,0.5398694259604708,nan,nan,nan
average,stim_0.14_to_0.64s,FZ,0.0,0.31139098889535044,0.31139098889535044,0.24,nan,0.6423800242333748,nan,nan,nan
average,stim_0.14_to_0.64s,F2,0.12679132837194124,0.31381954998058037,0.3384652875855003,0.2575,nan,0.8638012438095486,nan,nan,nan
average,stim_0.14_to_0.64s,F4,0.2555991277378157,0.31563863605626796,0.4061510343108748,0.2675,nan,0.6790239068781592,nan,nan,nan
average,stim_0.14_to_0.64s,F6,0.38316449267044905,0.3330798118805041,0.5076979313782504,0.2375,nan,0.7280364533536118,nan,nan,nan
average,stim_0.14_to_0.64s,F8,0.5038313462318709,0.36605489997964774,0.6227697931378249,0.19833333333333333,nan,0.4989987224108794,nan,nan,nan
average,stim_0.14_to_0.64s,FT7,-0.5922892699155132,0.19244644966295846,0.622769793137825,0.21,nan,0.41914241764373766,nan,nan,nan
average,stim_0.14_to_0.64s,FC5,-0.4486894406361628,0.17223573916038115,0.4806114480352247,0.20083333333333334,nan,0.5024936064588535,nan,nan,nan
average,stim_0.14_to_0.64s,FC3,-0.2988471109399219,0.15889982751154078,0.33846528758550026,0.22916666666666666,nan,0.728965783820729,nan,nan,nan
average,stim_0.14_to_0.64s,FC1,-0.15317259329874983,0.15317259329874983,0.21661875882695025,0.2125,nan,0.5986582022383127,nan,nan,nan
average,stim_0.14_to_0.64s,FCz,0.0,0.15569549444767522,0.15569549444767522,0.24166666666666667,nan,0.7347147488827346,nan,nan,nan
average,stim_0.14_to_0.64s,FC2,0.15317259329874983,0.15317259329874983,0.21661875882695025,0.23333333333333334,nan,0.8245021576116006,nan,nan,nan
average,stim_0.14_to_0.64s,FC4,0.2988471109399219,0.15889982751154078,0.33846528758550026,0.21833333333333332,nan,0.880292605503347,nan,nan,nan
average,stim_0.14_to_0.64s,FC6,0.4486894406361628,0.17223573916038115,0.4806114480352247,0.205,nan,0.3614242213438163,nan,nan,nan
average,stim_0.14_to_0.64s,FT8,0.5922892699155132,0.19244644966295846,0.622769793137825,0.20833333333333334,nan,0.4238298217479418,nan,nan,nan
average,stim_0.14_to_0.64s,T7,-0.622769793137825,3.8133651688594835e-17,0.622769793137825,0.24333333333333335,nan,0.6830986572501434,nan,nan,nan
average,stim_0.14_to_0.64s,C5,-0.4670742986901498,2.860005224274434e-17,0.4670742986901498,0.2125,nan,0.5275034707286732,nan,nan,nan
average,stim_0.14_to_0.64s,C3,-0.31139098889535044,1.9067198891700998e-17,0.31139098889535044,0.215,nan,0.4611219530330273,nan,nan,nan
average,stim_0.14_to_0.64s,C1,-0.15569549444767522,9.533599445850499e-18,0.15569549444767522,0.21916666666666668,nan,0.5960741858025081,nan,nan,nan
average,stim_0.14_to_0.64s,Cz,0.0,0.0,0.0,0.21083333333333334,nan,0.5611714978240558,nan,nan,nan
average,stim_0.14_to_0.64s,C2,0.15569549444767522,9.533599445850499e-18,0.15569549444767522,0.20666666666666667,nan,0.7973772453113809,nan,nan,nan
average,stim_0.14_to_0.64s,C4,0.31139098889535044,1.9067198891700998e-17,0.31139098889535044,0.19083333333333333,nan,0.45483099489654966,nan,nan,nan
average,stim_0.14_to_0.64s,C6,0.4670742986901498,2.860005224274434e-17,0.4670742986901498,0.1975,nan,0.2083362276847915,nan,nan,nan
average,stim_0.14_to_0.64s,T8,0.622769793137825,3.8133651688594835e-17,0.622769793137825,0.2225,nan,0.5000392402293895,nan,nan,nan
average,stim_0.14_to_0.64s,M1,0.8664628506549251,5.305554783173226e-17,0.8664628506549251,0.2733333333333333,nan,0.5738752484637794,nan,nan,nan
average,stim_0.14_to_0.64s,TP7,-0.5922892699155132,-0.19244644966295837,0.6227697931378249,0.24916666666666668,nan,0.9112622371844237,nan,nan,nan
average,stim_0.14_to_0.64s,CP5,-0.4486894406361628,-0.17223573916038112,0.4806114480352247,0.2475,nan,0.7902412782112069,nan,nan,nan
average,stim_0.14_to_0.64s,CP3,-0.2988471109399219,-0.15889982751154083,0.33846528758550026,0.20833333333333334,nan,0.41510261329824977,nan,nan,nan
average,stim_0.14_to_0.64s,CP1,-0.15317259329874983,-0.1531725932987498,0.21661875882695023,0.20666666666666667,nan,0.49303337306686656,nan,nan,nan
average,stim_0.14_to_0.64s,CPZ,1.9067198891700998e-17,-0.15569549444767522,0.15569549444767522,0.205,nan,0.47836361582362374,nan,nan,nan
average,stim_0.14_to_0.64s,CP2,0.15317259329874983,-0.1531725932987498,0.21661875882695023,0.205,nan,0.5256076285893639,nan,nan,nan
average,stim_0.14_to_0.64s,CP4,0.2988471109399219,-0.15889982751154083,0.33846528758550026,0.21583333333333332,nan,0.16145804817501067,nan,nan,nan
average,stim_0.14_to_0.64s,CP6,0.4486894406361628,-0.17223573916038112,0.4806114480352247,0.22416666666666665,nan,0.24311897789978126,nan,nan,nan
average,stim_0.14_to_0.64s,TP8,0.5922892699155132,-0.19244644966295837,0.6227697931378249,0.22416666666666665,nan,0.14854067168427437,nan,nan,nan
average,stim_0.14_to_0.64s,M2,-0.8664628506549251,5.305554783173226e-17,0.8664628506549251,0.23333333333333334,nan,0.4426676561695928,nan,nan,nan
average,stim_0.14_to_0.64s,P7,-0.5038313462318709,-0.3660548999796477,0.6227697931378249,0.24333333333333335,nan,0.7681392734915512,nan,nan,nan
average,stim_0.14_to_0.64s,P5,-0.3831644926704491,-0.33307981188050406,0.5076979313782504,0.2475,nan,0.6084993551543313,nan,nan,nan
average,stim_0.14_to_0.64s,P3,-0.2555991277378157,-0.31563863605626796,0.4061510343108748,0.24416666666666667,nan,0.565511355150249,nan,nan,nan
average,stim_0.14_to_0.64s,P1,-0.12679132837194132,-0.3138195499805803,0.33846528758550026,0.23083333333333333,nan,0.2492784356601382,nan,nan,nan
average,stim_0.14_to_0.64s,PZ,3.8134397783401996e-17,-0.31139098889535044,0.31139098889535044,0.22166666666666668,nan,0.8329285992398727,nan,nan,nan
average,stim_0.14_to_0.64s,P2,0.12679132837194132,-0.3138195499805803,0.33846528758550026,0.22416666666666665,nan,0.29253868014992407,nan,nan,nan
average,stim_0.14_to_0.64s,P4,0.2555991277378157,-0.31563863605626796,0.4061510343108748,0.22916666666666666,nan,0.3657637227385656,nan,nan,nan
average,stim_0.14_to_0.64s,P6,0.3831644926704491,-0.33307981188050406,0.5076979313782504,0.2175,nan,0.3670924967489231,nan,nan,nan
average,stim_0.14_to_0.64s,P8,0.5038313462318709,-0.3660548999796477,0.6227697931378249,0.225,nan,0.5345662352986397,nan,nan,nan
average,stim_0.14_to_0.64s,PO7,-0.3660548999796478,-0.5038313462318709,0.622769793137825,0.23916666666666667,nan,0.922420593956843,nan,nan,nan
average,stim_0.14_to_0.64s,PO5,-0.3202971422372838,-0.4408511957539812,0.5449220459139874,0.23916666666666667,nan,0.9196373739440711,nan,nan,nan
average,stim_0.14_to_0.64s,PO3,-0.19572631237744492,-0.46110229606836256,0.500923264379275,0.24166666666666667,nan,0.9118470599913695,nan,nan,nan
average,stim_0.14_to_0.64s,POz,5.720010448548868e-17,-0.4670742986901498,0.4670742986901498,0.2275,nan,1.0,nan,nan,nan
average,stim_0.14_to_0.64s,PO4,0.19572631237744492,-0.46110229606836256,0.500923264379275,0.23166666666666666,nan,0.7301171149304831,nan,nan,nan
average,stim_0.14_to_0.64s,PO6,0.3202971422372838,-0.4408511957539812,0.5449220459139874,0.23916666666666667,nan,0.794415304696305,nan,nan,nan
average,stim_0.14_to_0.64s,PO8,0.3660548999796478,-0.5038313462318709,0.622769793137825,0.23583333333333334,nan,0.7264387899171175,nan,nan,nan
average,stim_0.14_to_0.64s,CB1,-0.6222539674441618,-0.6222539674441617,0.88,0.23333333333333334,nan,0.7816166264114282,nan,nan,nan
average,stim_0.14_to_0.64s,O1,-0.19244644966295849,-0.5922892699155132,0.622769793137825,0.24416666666666667,nan,0.6121276793866524,nan,nan,nan
average,stim_0.14_to_0.64s,Oz,7.626730337718967e-17,-0.622769793137825,0.622769793137825,0.2475,nan,0.693703798557786,nan,nan,nan
average,stim_0.14_to_0.64s,O2,0.19244644966295849,-0.5922892699155132,0.622769793137825,0.2325,nan,0.9187555935891177,nan,nan,nan
average,stim_0.14_to_0.64s,CB2,0.6222539674441618,-0.6222539674441617,0.88,0.2325,nan,0.5051941877442988,nan,nan,nan
average,late_1.14_to_2.64s,FP1,-0.1924464496629584,0.5922892699155132,0.6227697931378249,0.23666666666666666,nan,0.9832040386216533,nan,nan,nan
average,late_1.14_to_2.64s,FPZ,0.0,0.622769793137825,0.622769793137825,0.25166666666666665,nan,0.9107866249148575,nan,nan,nan
average,late_1.14_to_2.64s,FP2,0.1924464496629584,0.5922892699155132,0.6227697931378249,0.24583333333333332,nan,0.8924329072577426,nan,nan,nan
average,late_1.14_to_2.64s,AF3,-0.19572631237744492,0.46110229606836256,0.500923264379275,0.23,nan,1.0,nan,nan,nan
average,late_1.14_to_2.64s,AF4,0.19572631237744492,0.46110229606836256,0.500923264379275,0.21,nan,0.6771240682356461,nan,nan,nan
average,late_1.14_to_2.64s,F7,-0.5038313462318709,0.36605489997964774,0.6227697931378249,0.18583333333333332,nan,0.24524055637687037,nan,nan,nan
average,late_1.14_to_2.64s,F5,-0.38316449267044905,0.3330798118805041,0.5076979313782504,0.2225,nan,0.48813458411835486,nan,nan,nan
average,late_1.14_to_2.64s,F3,-0.2555991277378157,0.31563863605626796,0.4061510343108748,0.22916666666666666,nan,0.6968268419291958,nan,nan,nan
average,late_1.14_to_2.64s,F1,-0.12679132837194124,0.31381954998058037,0.3384652875855003,0.23833333333333334,nan,0.7370744479826357,nan,nan,nan
average,late_1.14_to_2.64s,FZ,0.0,0.31139098889535044,0.31139098889535044,0.225,nan,0.7714444633825221,nan,nan,nan
average,late_1.14_to_2.64s,F2,0.12679132837194124,0.31381954998058037,0.3384652875855003,0.225,nan,0.7483210577753769,nan,nan,nan
average,late_1.14_to_2.64s,F4,0.2555991277378157,0.31563863605626796,0.4061510343108748,0.2175,nan,0.568935348236586,nan,nan,nan
average,late_1.14_to_2.64s,F6,0.38316449267044905,0.3330798118805041,0.5076979313782504,0.21,nan,0.45310521465982406,nan,nan,nan
average,late_1.14_to_2.64s,F8,0.5038313462318709,0.36605489997964774,0.6227697931378249,0.18583333333333332,nan,0.35092702553473964,nan,nan,nan
average,late_1.14_to_2.64s,FT7,-0.5922892699155132,0.19244644966295846,0.622769793137825,0.21,nan,0.22969180168907558,nan,nan,nan
average,late_1.14_to_2.64s,FC5,-0.4486894406361628,0.17223573916038115,0.4806114480352247,0.21083333333333334,nan,0.2647790782589895,nan,nan,nan
average,late_1.14_to_2.64s,FC3,-0.2988471109399219,0.15889982751154078,0.33846528758550026,0.215,nan,0.4350473018947933,nan,nan,nan
average,late_1.14_to_2.64s,FC1,-0.15317259329874983,0.15317259329874983,0.21661875882695025,0.20583333333333334,nan,0.5781575190598821,nan,nan,nan
average,late_1.14_to_2.64s,FCz,0.0,0.15569549444767522,0.15569549444767522,0.18416666666666667,nan,0.40758631500279835,nan,nan,nan
average,late_1.14_to_2.64s,FC2,0.15317259329874983,0.15317259329874983,0.21661875882695025,0.1975,nan,0.4035557092341533,nan,nan,nan
average,late_1.14_to_2.64s,FC4,0.2988471109399219,0.15889982751154078,0.33846528758550026,0.1525,nan,0.2316792357263037,nan,nan,nan
average,late_1.14_to_2.64s,FC6,0.4486894406361628,0.17223573916038115,0.4806114480352247,0.19666666666666666,nan,0.23212240197272616,nan,nan,nan
average,late_1.14_to_2.64s,FT8,0.5922892699155132,0.19244644966295846,0.622769793137825,0.20666666666666667,nan,0.48432530897594517,nan,nan,nan
average,late_1.14_to_2.64s,T7,-0.622769793137825,3.8133651688594835e-17,0.622769793137825,0.2075,nan,0.3934339826821122,nan,nan,nan
average,late_1.14_to_2.64s,C5,-0.4670742986901498,2.860005224274434e-17,0.4670742986901498,0.18416666666666667,nan,0.2417899958931993,nan,nan,nan
average,late_1.14_to_2.64s,C3,-0.31139098889535044,1.9067198891700998e-17,0.31139098889535044,0.21916666666666668,nan,0.23357069320666454,nan,nan,nan
average,late_1.14_to_2.64s,C1,-0.15569549444767522,9.533599445850499e-18,0.15569549444767522,0.19916666666666666,nan,0.23085601004603704,nan,nan,nan
average,late_1.14_to_2.64s,Cz,0.0,0.0,0.0,0.19416666666666665,nan,0.23995589503684636,nan,nan,nan
average,late_1.14_to_2.64s,C2,0.15569549444767522,9.533599445850499e-18,0.15569549444767522,0.18333333333333332,nan,0.21206833763110775,nan,nan,nan
average,late_1.14_to_2.64s,C4,0.31139098889535044,1.9067198891700998e-17,0.31139098889535044,0.1975,nan,0.22958046449868103,nan,nan,nan
average,late_1.14_to_2.64s,C6,0.4670742986901498,2.860005224274434e-17,0.4670742986901498,0.2075,nan,0.40092937821201396,nan,nan,nan
average,late_1.14_to_2.64s,T8,0.622769793137825,3.8133651688594835e-17,0.622769793137825,0.2125,nan,0.6244202646109276,nan,nan,nan
average,late_1.14_to_2.64s,M1,0.8664628506549251,5.305554783173226e-17,0.8664628506549251,0.24166666666666667,nan,0.562832789191485,nan,nan,nan
average,late_1.14_to_2.64s,TP7,-0.5922892699155132,-0.19244644966295837,0.6227697931378249,0.19916666666666666,nan,0.5208175618554602,nan,nan,nan
average,late_1.14_to_2.64s,CP5,-0.4486894406361628,-0.17223573916038112,0.4806114480352247,0.19666666666666666,nan,0.4234924122957998,nan,nan,nan
average,late_1.14_to_2.64s,CP3,-0.2988471109399219,-0.15889982751154083,0.33846528758550026,0.1975,nan,0.09217191300385923,nan,nan,nan
average,late_1.14_to_2.64s,CP1,-0.15317259329874983,-0.1531725932987498,0.21661875882695023,0.19916666666666666,nan,0.19752489133371673,nan,nan,nan
average,late_1.14_to_2.64s,CPZ,1.9067198891700998e-17,-0.15569549444767522,0.15569549444767522,0.2025,nan,0.20641867154841034,nan,nan,nan
average,late_1.14_to_2.64s,CP2,0.15317259329874983,-0.1531725932987498,0.21661875882695023,0.1925,nan,0.2102847249555291,nan,nan,nan
average,late_1.14_to_2.64s,CP4,0.2988471109399219,-0.15889982751154083,0.33846528758550026,0.1825,nan,0.12615919298213926,nan,nan,nan
average,late_1.14_to_2.64s,CP6,0.4486894406361628,-0.17223573916038112,0.4806114480352247,0.225,nan,0.4365548504732844,nan,nan,nan
average,late_1.14_to_2.64s,TP8,0.5922892699155132,-0.19244644966295837,0.6227697931378249,0.21416666666666667,nan,0.6442203319191068,nan,nan,nan
average,late_1.14_to_2.64s,M2,-0.8664628506549251,5.305554783173226e-17,0.8664628506549251,0.21083333333333334,nan,0.5822241799430041,nan,nan,nan
average,late_1.14_to_2.64s,P7,-0.5038313462318709,-0.3660548999796477,0.6227697931378249,0.2,nan,0.5515608194723932,nan,nan,nan
average,late_1.14_to_2.64s,P5,-0.3831644926704491,-0.33307981188050406,0.5076979313782504,0.1975,nan,0.32240141683424595,nan,nan,nan
average,late_1.14_to_2.64s,P3,-0.2555991277378157,-0.31563863605626796,0.4061510343108748,0.20583333333333334,nan,0.3127030536743389,nan,nan,nan
average,late_1.14_to_2.64s,P1,-0.12679132837194132,-0.3138195499805803,0.33846528758550026,0.20416666666666666,nan,0.1715160204716272,nan,nan,nan
average,late_1.14_to_2.64s,PZ,3.8134397783401996e-17,-0.31139098889535044,0.31139098889535044,0.21,nan,0.28647287247376196,nan,nan,nan
average,late_1.14_to_2.64s,P2,0.12679132837194132,-0.3138195499805803,0.33846528758550026,0.20583333333333334,nan,0.1489346019793322,nan,nan,nan
average,late_1.14_to_2.64s,P4,0.2555991277378157,-0.31563863605626796,0.4061510343108748,0.205,nan,0.32076967537741785,nan,nan,nan
average,late_1.14_to_2.64s,P6,0.3831644926704491,-0.33307981188050406,0.5076979313782504,0.20583333333333334,nan,0.4641120593513223,nan,nan,nan
average,late_1.14_to_2.64s,P8,0.5038313462318709,-0.3660548999796477,0.6227697931378249,0.21083333333333334,nan,0.548689275479992,nan,nan,nan
average,late_1.14_to_2.64s,PO7,-0.3660548999796478,-0.5038313462318709,0.622769793137825,0.22916666666666666,nan,0.8411917603255789,nan,nan,nan
average,late_1.14_to_2.64s,PO5,-0.3202971422372838,-0.4408511957539812,0.5449220459139874,0.23666666666666666,nan,0.8402427520810174,nan,nan,nan
average,late_1.14_to_2.64s,PO3,-0.19572631237744492,-0.46110229606836256,0.500923264379275,0.24,nan,0.8157833883273392,nan,nan,nan
average,late_1.14_to_2.64s,POz,5.720010448548868e-17,-0.4670742986901498,0.4670742986901498,0.20833333333333334,nan,0.3300425698519093,nan,nan,nan
average,late_1.14_to_2.64s,PO4,0.19572631237744492,-0.46110229606836256,0.500923264379275,0.23666666666666666,nan,0.8268729470219773,nan,nan,nan
average,late_1.14_to_2.64s,PO6,0.3202971422372838,-0.4408511957539812,0.5449220459139874,0.23416666666666666,nan,0.8659731279748204,nan,nan,nan
average,late_1.14_to_2.64s,PO8,0.3660548999796478,-0.5038313462318709,0.622769793137825,0.235,nan,0.6516378843515904,nan,nan,nan
average,late_1.14_to_2.64s,CB1,-0.6222539674441618,-0.6222539674441617,0.88,0.22166666666666668,nan,0.7164542979132051,nan,nan,nan
average,late_1.14_to_2.64s,O1,-0.19244644966295849,-0.5922892699155132,0.622769793137825,0.24,nan,0.5026886398542706,nan,nan,nan
average,late_1.14_to_2.64s,Oz,7.626730337718967e-17,-0.622769793137825,0.622769793137825,0.23,nan,0.6145070058311664,nan,nan,nan
average,late_1.14_to_2.64s,O2,0.19244644966295849,-0.5922892699155132,0.622769793137825,0.25166666666666665,nan,0.8190194991428366,nan,nan,nan
average,late_1.14_to_2.64s,CB2,0.6222539674441618,-0.6222539674441617,0.88,0.24166666666666667,nan,0.641012951674414,nan,nan,nan
mastoid,prestim_-0.50_to_0.00s,FP1,-0.1924464496629584,0.5922892699155132,0.6227697931378249,0.2916666666666667,0.1375,0.9173551310995424,nan,nan,nan
mastoid,prestim_-0.50_to_0.00s,FPZ,0.0,0.622769793137825,0.622769793137825,0.3225,0.125,1.0,nan,nan,nan
mastoid,prestim_-0.50_to_0.00s,FP2,0.1924464496629584,0.5922892699155132,0.6227697931378249,0.30083333333333334,0.135,0.957136183260941,nan,nan,nan
mastoid,prestim_-0.50_to_0.00s,AF3,-0.19572631237744492,0.46110229606836256,0.500923264379275,0.315,0.15333333333333332,0.9162270588648027,nan,nan,nan
mastoid,prestim_-0.50_to_0.00s,AF4,0.19572631237744492,0.46110229606836256,0.500923264379275,0.315,0.16083333333333333,0.9946839582417695,nan,nan,nan
mastoid,prestim_-0.50_to_0.00s,F7,-0.5038313462318709,0.36605489997964774,0.6227697931378249,0.22583333333333333,0.25916666666666666,0.5116869164647129,nan,nan,nan
mastoid,prestim_-0.50_to_0.00s,F5,-0.38316449267044905,0.3330798118805041,0.5076979313782504,0.27,0.22583333333333333,0.6009796034726096,nan,nan,nan
mastoid,prestim_-0.50_to_0.00s,F3,-0.2555991277378157,0.31563863605626796,0.4061510343108748,0.3175,0.19,0.7522794791790827,nan,nan,nan
mastoid,prestim_-0.50_to_0.00s,F1,-0.12679132837194124,0.31381954998058037,0.3384652875855003,0.33,0.15583333333333332,0.8496610646966007,nan,nan,nan
mastoid,prestim_-0.50_to_0.00s,FZ,0.0,0.31139098889535044,0.31139098889535044,0.3308333333333333,0.13833333333333334,0.8621635593797051,nan,nan,nan
mastoid,prestim_-0.50_to_0.00s,F2,0.12679132837194124,0.31381954998058037,0.3384652875855003,0.3258333333333333,0.1525,0.9432639845850362,nan,nan,nan
mastoid,prestim_-0.50_to_0.00s,F4,0.2555991277378157,0.31563863605626796,0.4061510343108748,0.3233333333333333,0.17916666666666667,0.8268360739768612,nan,nan,nan
mastoid,prestim_-0.50_to_0.00s,F6,0.38316449267044905,0.3330798118805041,0.5076979313782504,0.28,0.22583333333333333,0.7262028217094073,nan,nan,nan
mastoid,prestim_-0.50_to_0.00s,F8,0.5038313462318709,0.36605489997964774,0.6227697931378249,0.24583333333333332,0.2966666666666667,0.6057264749938596,nan,nan,nan
mastoid,prestim_-0.50_to_0.00s,FT7,-0.5922892699155132,0.19244644966295846,0.622769793137825,0.23416666666666666,0.24916666666666668,0.5168625053924597,nan,nan,nan
mastoid,prestim_-0.50_to_0.00s,FC5,-0.4486894406361628,0.17223573916038115,0.4806114480352247,0.2683333333333333,0.2325,0.6184136169195971,nan,nan,nan
mastoid,prestim_-0.50_to_0.00s,FC3,-0.2988471109399219,0.15889982751154078,0.33846528758550026,0.3283333333333333,0.15916666666666668,0.6940887890941031,nan,nan,nan
mastoid,prestim_-0.50_to_0.00s,FC1,-0.15317259329874983,0.15317259329874983,0.21661875882695025,0.3408333333333333,0.15333333333333332,0.7248716517681681,nan,nan,nan
mastoid,prestim_-0.50_to_0.00s,FCz,0.0,0.15569549444767522,0.15569549444767522,0.3516666666666667,0.14416666666666667,0.7557872791697896,nan,nan,nan
mastoid,prestim_-0.50_to_0.00s,FC2,0.15317259329874983,0.15317259329874983,0.21661875882695025,0.3333333333333333,0.14833333333333334,0.7908393349074038,nan,nan,nan
mastoid,prestim_-0.50_to_0.00s,FC4,0.2988471109399219,0.15889982751154078,0.33846528758550026,0.335,0.16333333333333333,0.7201703681552962,nan,nan,nan
mastoid,prestim_-0.50_to_0.00s,FC6,0.4486894406361628,0.17223573916038115,0.4806114480352247,0.2758333333333333,0.22416666666666665,0.5888800261938113,nan,nan,nan
mastoid,prestim_-0.50_to_0.00s,FT8,0.5922892699155132,0.19244644966295846,0.622769793137825,0.25666666666666665,0.28833333333333333,0.5652793830794098,nan,nan,nan
mastoid,prestim_-0.50_to_0.00s,T7,-0.622769793137825,3.8133651688594835e-17,0.622769793137825,0.24166666666666667,0.27,0.39721278662676707,nan,nan,nan
mastoid,prestim_-0.50_to_0.00s,C5,-0.4670742986901498,2.860005224274434e-17,0.4670742986901498,0.29,0.215,0.5078904360988046,nan,nan,nan
mastoid,prestim_-0.50_to_0.00s,C3,-0.31139098889535044,1.9067198891700998e-17,0.31139098889535044,0.31833333333333336,0.1725,0.5801568681951654,nan,nan,nan
mastoid,prestim_-0.50_to_0.00s,C1,-0.15569549444767522,9.533599445850499e-18,0.15569549444767522,0.33,0.14583333333333334,0.620882101699157,nan,nan,nan
mastoid,prestim_-0.50_to_0.00s,Cz,0.0,0.0,0.0,0.32166666666666666,0.14083333333333334,0.6485836974351802,nan,nan,nan
mastoid,prestim_-0.50_to_0.00s,C2,0.15569549444767522,9.533599445850499e-18,0.15569549444767522,0.3225,0.14416666666666667,0.6995571289980236,nan,nan,nan
mastoid,prestim_-0.50_to_0.00s,C4,0.31139098889535044,1.9067198891700998e-17,0.31139098889535044,0.3258333333333333,0.16083333333333333,0.6223322957876599,nan,nan,nan
mastoid,prestim_-0.50_to_0.00s,C6,0.4670742986901498,2.860005224274434e-17,0.4670742986901498,0.2816666666666667,0.19916666666666666,0.6399126936332452,nan,nan,nan
mastoid,prestim_-0.50_to_0.00s,T8,0.622769793137825,3.8133651688594835e-17,0.622769793137825,0.2625,0.2525,0.5389906436378382,nan,nan,nan
mastoid,prestim_-0.50_to_0.00s,M1,0.8664628506549251,5.305554783173226e-17,0.8664628506549251,0.215,0.30333333333333334,0.11018148415366541,nan,nan,nan
mastoid,prestim_-0.50_to_0.00s,TP7,-0.5922892699155132,-0.19244644966295837,0.6227697931378249,0.2683333333333333,0.22416666666666665,0.3889655992576821,nan,nan,nan
mastoid,prestim_-0.50_to_0.00s,CP5,-0.4486894406361628,-0.17223573916038112,0.4806114480352247,0.31083333333333335,0.18,0.478466973306206,nan,nan,nan
mastoid,prestim_-0.50_to_0.00s,CP3,-0.2988471109399219,-0.15889982751154083,0.33846528758550026,0.32416666666666666,0.14416666666666667,0.5370746947235555,nan,nan,nan
mastoid,prestim_-0.50_to_0.00s,CP1,-0.15317259329874983,-0.1531725932987498,0.21661875882695023,0.3225,0.1375,0.5770214527343732,nan,nan,nan
mastoid,prestim_-0.50_to_0.00s,CPZ,1.9067198891700998e-17,-0.15569549444767522,0.15569549444767522,0.31833333333333336,0.135,0.6154039962564715,nan,nan,nan
mastoid,prestim_-0.50_to_0.00s,CP2,0.15317259329874983,-0.1531725932987498,0.21661875882695023,0.31833333333333336,0.13083333333333333,0.5892159146122911,nan,nan,nan
mastoid,prestim_-0.50_to_0.00s,CP4,0.2988471109399219,-0.15889982751154083,0.33846528758550026,0.315,0.15166666666666667,0.5278776222757467,nan,nan,nan
mastoid,prestim_-0.50_to_0.00s,CP6,0.4486894406361628,-0.17223573916038112,0.4806114480352247,0.30583333333333335,0.17333333333333334,0.5829195111756713,nan,nan,nan
mastoid,prestim_-0.50_to_0.00s,TP8,0.5922892699155132,-0.19244644966295837,0.6227697931378249,0.2783333333333333,0.21083333333333334,0.5093119200410572,nan,nan,nan
mastoid,prestim_-0.50_to_0.00s,M2,-0.8664628506549251,5.305554783173226e-17,0.8664628506549251,0.215,0.30333333333333334,0.11018149135848852,nan,nan,nan
mastoid,prestim_-0.50_to_0.00s,P7,-0.5038313462318709,-0.3660548999796477,0.6227697931378249,0.2816666666666667,0.1925,0.35994400437932234,nan,nan,nan
mastoid,prestim_-0.50_to_0.00s,P5,-0.3831644926704491,-0.33307981188050406,0.5076979313782504,0.30333333333333334,0.15166666666666667,0.44811296196170314,nan,nan,nan
mastoid,prestim_-0.50_to_0.00s,P3,-0.2555991277378157,-0.31563863605626796,0.4061510343108748,0.30083333333333334,0.14833333333333334,0.45386137734071275,nan,nan,nan
mastoid,prestim_-0.50_to_0.00s,P1,-0.12679132837194132,-0.3138195499805803,0.33846528758550026,0.3225,0.12833333333333333,0.4830305519766943,nan,nan,nan
mastoid,prestim_-0.50_to_0.00s,PZ,3.8134397783401996e-17,-0.31139098889535044,0.31139098889535044,0.31,0.11583333333333333,0.5120821747025179,nan,nan,nan
mastoid,prestim_-0.50_to_0.00s,P2,0.12679132837194132,-0.3138195499805803,0.33846528758550026,0.32916666666666666,0.12166666666666667,0.5134171109498402,nan,nan,nan
mastoid,prestim_-0.50_to_0.00s,P4,0.2555991277378157,-0.31563863605626796,0.4061510343108748,0.31916666666666665,0.1325,0.5193873506062897,nan,nan,nan
mastoid,prestim_-0.50_to_0.00s,P6,0.3831644926704491,-0.33307981188050406,0.5076979313782504,0.31416666666666665,0.14,0.4630829082582191,nan,nan,nan
mastoid,prestim_-0.50_to_0.00s,P8,0.5038313462318709,-0.3660548999796477,0.6227697931378249,0.30333333333333334,0.1525,0.6017271116183731,nan,nan,nan
mastoid,prestim_-0.50_to_0.00s,PO7,-0.3660548999796478,-0.5038313462318709,0.622769793137825,0.2891666666666667,0.15416666666666667,0.45770881312963335,nan,nan,nan
mastoid,prestim_-0.50_to_0.00s,PO5,-0.3202971422372838,-0.4408511957539812,0.5449220459139874,0.29333333333333333,0.165,0.4717476959977697,nan,nan,nan
mastoid,prestim_-0.50_to_0.00s,PO3,-0.19572631237744492,-0.46110229606836256,0.500923264379275,0.2941666666666667,0.11666666666666667,0.4621146288318337,nan,nan,nan
mastoid,prestim_-0.50_to_0.00s,POz,5.720010448548868e-17,-0.4670742986901498,0.4670742986901498,0.31583333333333335,0.10666666666666667,0.48713674753578584,nan,nan,nan
mastoid,prestim_-0.50_to_0.00s,PO4,0.19572631237744492,-0.46110229606836256,0.500923264379275,0.315,0.1225,0.5068396345212048,nan,nan,nan
mastoid,prestim_-0.50_to_0.00s,PO6,0.3202971422372838,-0.4408511957539812,0.5449220459139874,0.30666666666666664,0.13166666666666665,0.5068578889820721,nan,nan,nan
mastoid,prestim_-0.50_to_0.00s,PO8,0.3660548999796478,-0.5038313462318709,0.622769793137825,0.29583333333333334,0.135,0.5172594745617921,nan,nan,nan
mastoid,prestim_-0.50_to_0.00s,CB1,-0.6222539674441618,-0.6222539674441617,0.88,0.28,0.13166666666666665,0.3730756688333499,nan,nan,nan
mastoid,prestim_-0.50_to_0.00s,O1,-0.19244644966295849,-0.5922892699155132,0.622769793137825,0.2866666666666667,0.13333333333333333,0.47913888393111315,nan,nan,nan
mastoid,prestim_-0.50_to_0.00s,Oz,7.626730337718967e-17,-0.622769793137825,0.622769793137825,0.2991666666666667,0.12166666666666667,0.46966893111143876,nan,nan,nan
mastoid,prestim_-0.50_to_0.00s,O2,0.19244644966295849,-0.5922892699155132,0.622769793137825,0.29583333333333334,0.13833333333333334,0.4486878100157777,nan,nan,nan
mastoid,prestim_-0.50_to_0.00s,CB2,0.6222539674441618,-0.6222539674441617,0.88,0.2633333333333333,0.14416666666666667,0.4317890233281506,nan,nan,nan
mastoid,prestimTRIM_-0.50_to_-0.10s,FP1,-0.1924464496629584,0.5922892699155132,0.6227697931378249,0.2841666666666667,0.12583333333333332,0.9295439608117948,nan,nan,nan
mastoid,prestimTRIM_-0.50_to_-0.10s,FPZ,0.0,0.622769793137825,0.622769793137825,0.31333333333333335,0.12833333333333333,1.0,nan,nan,nan
mastoid,prestimTRIM_-0.50_to_-0.10s,FP2,0.1924464496629584,0.5922892699155132,0.6227697931378249,0.30083333333333334,0.1375,0.9287759613966691,nan,nan,nan
mastoid,prestimTRIM_-0.50_to_-0.10s,AF3,-0.19572631237744492,0.46110229606836256,0.500923264379275,0.31333333333333335,0.15083333333333335,0.9406030873722093,nan,nan,nan
mastoid,prestimTRIM_-0.50_to_-0.10s,AF4,0.19572631237744492,0.46110229606836256,0.500923264379275,0.3175,0.15583333333333332,0.9712410585961978,nan,nan,nan
mastoid,prestimTRIM_-0.50_to_-0.10s,F7,-0.5038313462318709,0.36605489997964774,0.6227697931378249,0.22666666666666666,0.26166666666666666,0.5617365091354168,nan,nan,nan
mastoid,prestimTRIM_-0.50_to_-0.10s,F5,-0.38316449267044905,0.3330798118805041,0.5076979313782504,0.2783333333333333,0.22,0.6358657960706171,nan,nan,nan
mastoid,prestimTRIM_-0.50_to_-0.10s,F3,-0.2555991277378157,0.31563863605626796,0.4061510343108748,0.3125,0.18666666666666668,0.781777184905385,nan,nan,nan
mastoid,prestimTRIM_-0.50_to_-0.10s,F1,-0.12679132837194124,0.31381954998058037,0.3384652875855003,0.32916666666666666,0.14583333333333334,0.867188070974883,nan,nan,nan
mastoid,prestimTRIM_-0.50_to_-0.10s,FZ,0.0,0.31139098889535044,0.31139098889535044,0.3325,0.12166666666666667,0.8801137186551088,nan,nan,nan
mastoid,prestimTRIM_-0.50_to_-0.10s,F2,0.12679132837194124,0.31381954998058037,0.3384652875855003,0.3325,0.14333333333333334,0.9517971050481109,nan,nan,nan
mastoid,prestimTRIM_-0.50_to_-0.10s,F4,0.2555991277378157,0.31563863605626796,0.4061510343108748,0.3175,0.18416666666666667,0.8248948199247799,nan,nan,nan
mastoid,prestimTRIM_-0.50_to_-0.10s,F6,0.38316449267044905,0.3330798118805041,0.5076979313782504,0.2791666666666667,0.22166666666666668,0.7232364781612528,nan,nan,nan
mastoid,prestimTRIM_-0.50_to_-0.10s,F8,0.5038313462318709,0.36605489997964774,0.6227697931378249,0.24833333333333332,0.29583333333333334,0.5929270482497974,nan,nan,nan
mastoid,prestimTRIM_-0.50_to_-0.10s,FT7,-0.5922892699155132,0.19244644966295846,0.622769793137825,0.2325,0.25166666666666665,0.5721574258085235,nan,nan,nan
mastoid,prestimTRIM_-0.50_to_-0.10s,FC5,-0.4486894406361628,0.17223573916038115,0.4806114480352247,0.275,0.22833333333333333,0.6595912576221026,nan,nan,nan
mastoid,prestimTRIM_-0.50_to_-0.10s,FC3,-0.2988471109399219,0.15889982751154078,0.33846528758550026,0.3433333333333333,0.1625,0.7208295957029209,nan,nan,nan
mastoid,prestimTRIM_-0.50_to_-0.10s,FC1,-0.15317259329874983,0.15317259329874983,0.21661875882695025,0.33666666666666667,0.13666666666666666,0.7460831465569622,nan,nan,nan
mastoid,prestimTRIM_-0.50_to_-0.10s,FCz,0.0,0.15569549444767522,0.15569549444767522,0.3358333333333333,0.13416666666666666,0.774088731627202,nan,nan,nan
mastoid,prestimTRIM_-0.50_to_-0.10s,FC2,0.15317259329874983,0.15317259329874983,0.21661875882695025,0.3416666666666667,0.14333333333333334,0.8054018928352845,nan,nan,nan
mastoid,prestimTRIM_-0.50_to_-0.10s,FC4,0.2988471109399219,0.15889982751154078,0.33846528758550026,0.33166666666666667,0.15833333333333333,0.7307031504560043,nan,nan,nan
mastoid,prestimTRIM_-0.50_to_-0.10s,FC6,0.4486894406361628,0.17223573916038115,0.4806114480352247,0.2758333333333333,0.22416666666666665,0.5945003717345528,nan,nan,nan
mastoid,prestimTRIM_-0.50_to_-0.10s,FT8,0.5922892699155132,0.19244644966295846,0.622769793137825,0.25583333333333336,0.2791666666666667,0.5619898560891504,nan,nan,nan
mastoid,prestimTRIM_-0.50_to_-0.10s,T7,-0.622769793137825,3.8133651688594835e-17,0.622769793137825,0.23333333333333334,0.27416666666666667,0.4327422654292252,nan,nan,nan
mastoid,prestimTRIM_-0.50_to_-0.10s,C5,-0.4670742986901498,2.860005224274434e-17,0.4670742986901498,0.2841666666666667,0.21583333333333332,0.5338739659419626,nan,nan,nan
mastoid,prestimTRIM_-0.50_to_-0.10s,C3,-0.31139098889535044,1.9067198891700998e-17,0.31139098889535044,0.33,0.1725,0.6003171515809951,nan,nan,nan
mastoid,prestimTRIM_-0.50_to_-0.10s,C1,-0.15569549444767522,9.533599445850499e-18,0.15569549444767522,0.34,0.13583333333333333,0.6400150578540722,nan,nan,nan
mastoid,prestimTRIM_-0.50_to_-0.10s,Cz,0.0,0.0,0.0,0.335,0.11,0.66437585746126,nan,nan,nan
mastoid,prestimTRIM_-0.50_to_-0.10s,C2,0.15569549444767522,9.533599445850499e-18,0.15569549444767522,0.3325,0.145,0.7167471066694114,nan,nan,nan
mastoid,prestimTRIM_-0.50_to_-0.10s,C4,0.31139098889535044,1.9067198891700998e-17,0.31139098889535044,0.3175,0.17333333333333334,0.6331603217901174,nan,nan,nan
mastoid,prestimTRIM_-0.50_to_-0.10s,C6,0.4670742986901498,2.860005224274434e-17,0.4670742986901498,0.2833333333333333,0.20666666666666667,0.6537028592568347,nan,nan,nan
mastoid,prestimTRIM_-0.50_to_-0.10s,T8,0.622769793137825,3.8133651688594835e-17,0.622769793137825,0.2525,0.25166666666666665,0.539821192695611,nan,nan,nan
mastoid,prestimTRIM_-0.50_to_-0.10s,M1,0.8664628506549251,5.305554783173226e-17,0.8664628506549251,0.19916666666666666,0.31,0.1341266311938454,nan,nan,nan
mastoid,prestimTRIM_-0.50_to_-0.10s,TP7,-0.5922892699155132,-0.19244644966295837,0.6227697931378249,0.265,0.225,0.41201918041325747,nan,nan,nan
mastoid,prestimTRIM_-0.50_to_-0.10s,CP5,-0.4486894406361628,-0.17223573916038112,0.4806114480352247,0.31,0.18416666666666667,0.4964586031959256,nan,nan,nan
mastoid,prestimTRIM_-0.50_to_-0.10s,CP3,-0.2988471109399219,-0.15889982751154083,0.33846528758550026,0.335,0.15166666666666667,0.5567431875726334,nan,nan,nan
mastoid,prestimTRIM_-0.50_to_-0.10s,CP1,-0.15317259329874983,-0.1531725932987498,0.21661875882695023,0.33166666666666667,0.11916666666666667,0.5936666938006431,nan,nan,nan
mastoid,prestimTRIM_-0.50_to_-0.10s,CPZ,1.9067198891700998e-17,-0.15569549444767522,0.15569549444767522,0.33166666666666667,0.11416666666666667,0.6339557960775765,nan,nan,nan
mastoid,prestimTRIM_-0.50_to_-0.10s,CP2,0.15317259329874983,-0.1531725932987498,0.21661875882695023,0.3375,0.12833333333333333,0.6038025183512309,nan,nan,nan
mastoid,prestimTRIM_-0.50_to_-0.10s,CP4,0.2988471109399219,-0.15889982751154083,0.33846528758550026,0.32083333333333336,0.14666666666666667,0.5364681693656345,nan,nan,nan
mastoid,prestimTRIM_-0.50_to_-0.10s,CP6,0.4486894406361628,-0.17223573916038112,0.4806114480352247,0.31333333333333335,0.18083333333333335,0.5963789706384138,nan,nan,nan
mastoid,prestimTRIM_-0.50_to_-0.10s,TP8,0.5922892699155132,-0.19244644966295837,0.6227697931378249,0.28,0.21916666666666668,0.5227386641972027,nan,nan,nan
mastoid,prestimTRIM_-0.50_to_-0.10s,M2,-0.8664628506549251,5.305554783173226e-17,0.8664628506549251,0.19916666666666666,0.31,0.13412663730652893,nan,nan,nan
mastoid,prestimTRIM_-0.50_to_-0.10s,P7,-0.5038313462318709,-0.3660548999796477,0.6227697931378249,0.2916666666666667,0.20833333333333334,0.37130563121664234,nan,nan,nan
mastoid,prestimTRIM_-0.50_to_-0.10s,P5,-0.3831644926704491,-0.33307981188050406,0.5076979313782504,0.31333333333333335,0.15166666666666667,0.4606980664655506,nan,nan,nan
mastoid,prestimTRIM_-0.50_to_-0.10s,P3,-0.2555991277378157,-0.31563863605626796,0.4061510343108748,0.3175,0.14583333333333334,0.46793612902707404,nan,nan,nan
mastoid,prestimTRIM_-0.50_to_-0.10s,P1,-0.12679132837194132,-0.3138195499805803,0.33846528758550026,0.32666666666666666,0.12416666666666666,0.4993622797161401,nan,nan,nan
mastoid,prestimTRIM_-0.50_to_-0.10s,PZ,3.8134397783401996e-17,-0.31139098889535044,0.31139098889535044,0.3225,0.12,0.5284940364942318,nan,nan,nan
mastoid,prestimTRIM_-0.50_to_-0.10s,P2,0.12679132837194132,-0.3138195499805803,0.33846528758550026,0.325,0.11833333333333333,0.5266568797228723,nan,nan,nan
mastoid,prestimTRIM_-0.50_to_-0.10s,P4,0.2555991277378157,-0.31563863605626796,0.4061510343108748,0.32083333333333336,0.13583333333333333,0.5301132997645716,nan,nan,nan
mastoid,prestimTRIM_-0.50_to_-0.10s,P6,0.3831644926704491,-0.33307981188050406,0.5076979313782504,0.3333333333333333,0.15416666666666667,0.47241639928383156,nan,nan,nan
mastoid,prestimTRIM_-0.50_to_-0.10s,P8,0.5038313462318709,-0.3660548999796477,0.6227697931378249,0.30833333333333335,0.1725,0.6270812720570674,nan,nan,nan
mastoid,prestimTRIM_-0.50_to_-0.10s,PO7,-0.3660548999796478,-0.5038313462318709,0.622769793137825,0.2875,0.16666666666666666,0.4697583404232851,nan,nan,nan
mastoid,prestimTRIM_-0.50_to_-0.10s,PO5,-0.3202971422372838,-0.4408511957539812,0.5449220459139874,0.285,0.16916666666666666,0.48625748750917774,nan,nan,nan
mastoid,prestimTRIM_-0.50_to_-0.10s,PO3,-0.19572631237744492,-0.46110229606836256,0.500923264379275,0.31416666666666665,0.1275,0.4793980062785452,nan,nan,nan
mastoid,prestimTRIM_-0.50_to_-0.10s,POz,5.720010448548868e-17,-0.4670742986901498,0.4670742986901498,0.31583333333333335,0.1125,0.4983996618515977,nan,nan,nan
mastoid,prestimTRIM_-0.50_to_-0.10s,PO4,0.19572631237744492,-0.46110229606836256,0.500923264379275,0.3175,0.12333333333333334,0.5269767094731131,nan,nan,nan
mastoid,prestimTRIM_-0.50_to_-0.10s,PO6,0.3202971422372838,-0.4408511957539812,0.5449220459139874,0.30083333333333334,0.135,0.5234569343300429,nan,nan,nan
mastoid,prestimTRIM_-0.50_to_-0.10s,PO8,0.3660548999796478,-0.5038313462318709,0.622769793137825,0.2991666666666667,0.13916666666666666,0.5408241476776644,nan,nan,nan
mastoid,prestimTRIM_-0.50_to_-0.10s,CB1,-0.6222539674441618,-0.6222539674441617,0.88,0.2775,0.13666666666666666,0.38097366445672637,nan,nan,nan
mastoid,prestimTRIM_-0.50_to_-0.10s,O1,-0.19244644966295849,-0.5922892699155132,0.622769793137825,0.2816666666666667,0.1325,0.4864141977105539,nan,nan,nan
mastoid,prestimTRIM_-0.50_to_-0.10s,Oz,7.626730337718967e-17,-0.622769793137825,0.622769793137825,0.2825,0.12916666666666668,0.4806137391321614,nan,nan,nan
mastoid,prestimTRIM_-0.50_to_-0.10s,O2,0.19244644966295849,-0.5922892699155132,0.622769793137825,0.2916666666666667,0.14166666666666666,0.4650884765521964,nan,nan,nan
mastoid,prestimTRIM_-0.50_to_-0.10s,CB2,0.6222539674441618,-0.6222539674441617,0.88,0.25,0.13916666666666666,0.44661492179537,nan,nan,nan
mastoid,stim_0.14_to_0.64s,FP1,-0.1924464496629584,0.5922892699155132,0.6227697931378249,0.25666666666666665,nan,0.8059044007391929,nan,nan,nan
mastoid,stim_0.14_to_0.64s,FPZ,0.0,0.622769793137825,0.622769793137825,0.2783333333333333,nan,0.9318953237141572,nan,nan,nan
mastoid,stim_0.14_to_0.64s,FP2,0.1924464496629584,0.5922892699155132,0.6227697931378249,0.27666666666666667,nan,1.0,nan,nan,nan
mastoid,stim_0.14_to_0.64s,AF3,-0.19572631237744492,0.46110229606836256,0.500923264379275,0.25416666666666665,nan,0.7682506687682907,nan,nan,nan
mastoid,stim_0.14_to_0.64s,AF4,0.19572631237744492,0.46110229606836256,0.500923264379275,0.25833333333333336,nan,0.9550994348546374,nan,nan,nan
mastoid,stim_0.14_to_0.64s,F7,-0.5038313462318709,0.36605489997964774,0.6227697931378249,0.21833333333333332,nan,0.5954348337214337,nan,nan,nan
mastoid,stim_0.14_to_0.64s,F5,-0.38316449267044905,0.3330798118805041,0.5076979313782504,0.22916666666666666,nan,0.6254770521595663,nan,nan,nan
mastoid,stim_0.14_to_0.64s,F3,-0.2555991277378157,0.31563863605626796,0.4061510343108748,0.235,nan,0.6215195156589794,nan,nan,nan
mastoid,stim_0.14_to_0.64s,F1,-0.12679132837194124,0.31381954998058037,0.3384652875855003,0.24916666666666668,nan,0.7350520206490888,nan,nan,nan
mastoid,stim_0.14_to_0.64s,FZ,0.0,0.31139098889535044,0.31139098889535044,0.24916666666666668,nan,0.7525582703121718,nan,nan,nan
mastoid,stim_0.14_to_0.64s,F2,0.12679132837194124,0.31381954998058037,0.3384652875855003,0.245,nan,0.8339713620050343,nan,nan,nan
mastoid,stim_0.14_to_0.64s,F4,0.2555991277378157,0.31563863605626796,0.4061510343108748,0.2733333333333333,nan,0.7523544409312571,nan,nan,nan
mastoid,stim_0.14_to_0.64s,F6,0.38316449267044905,0.3330798118805041,0.5076979313782504,0.26,nan,0.7754474821211925,nan,nan,nan
mastoid,stim_0.14_to_0.64s,F8,0.5038313462318709,0.36605489997964774,0.6227697931378249,0.25583333333333336,nan,0.744819541918295,nan,nan,nan
mastoid,stim_0.14_to_0.64s,FT7,-0.5922892699155132,0.19244644966295846,0.622769793137825,0.2225,nan,0.517973710264492,nan,nan,nan
mastoid,stim_0.14_to_0.64s,FC5,-0.4486894406361628,0.17223573916038115,0.4806114480352247,0.23666666666666666,nan,0.573139547491499,nan,nan,nan
mastoid,stim_0.14_to_0.64s,FC3,-0.2988471109399219,0.15889982751154078,0.33846528758550026,0.23166666666666666,nan,0.6531376334733415,nan,nan,nan
mastoid,stim_0.14_to_0.64s,FC1,-0.15317259329874983,0.15317259329874983,0.21661875882695025,0.24833333333333332,nan,0.672551412994363,nan,nan,nan
mastoid,stim_0.14_to_0.64s,FCz,0.0,0.15569549444767522,0.15569549444767522,0.2525,nan,0.6853608280894904,nan,nan,nan
mastoid,stim_0.14_to_0.64s,FC2,0.15317259329874983,0.15317259329874983,0.21661875882695025,0.2683333333333333,nan,0.7326844593983008,nan,nan,nan
mastoid,stim_0.14_to_0.64s,FC4,0.2988471109399219,0.15889982751154078,0.33846528758550026,0.2658333333333333,nan,0.7066861362648306,nan,nan,nan
mastoid,stim_0.14_to_0.64s,FC6,0.4486894406361628,0.17223573916038115,0.4806114480352247,0.25416666666666665,nan,0.6249297222131937,nan,nan,nan
mastoid,stim_0.14_to_0.64s,FT8,0.5922892699155132,0.19244644966295846,0.622769793137825,0.23916666666666667,nan,0.7068360443150424,nan,nan,nan
mastoid,stim_0.14_to_0.64s,T7,-0.622769793137825,3.8133651688594835e-17,0.622769793137825,0.2225,nan,0.6091454048624402,nan,nan,nan
mastoid,stim_0.14_to_0.64s,C5,-0.4670742986901498,2.860005224274434e-17,0.4670742986901498,0.2325,nan,0.49653866143301467,nan,nan,nan
mastoid,stim_0.14_to_0.64s,C3,-0.31139098889535044,1.9067198891700998e-17,0.31139098889535044,0.24416666666666667,nan,0.5738031534647343,nan,nan,nan
mastoid,stim_0.14_to_0.64s,C1,-0.15569549444767522,9.533599445850499e-18,0.15569549444767522,0.2525,nan,0.6306030382855953,nan,nan,nan
mastoid,stim_0.14_to_0.64s,Cz,0.0,0.0,0.0,0.24916666666666668,nan,0.6344781541779104,nan,nan,nan
mastoid,stim_0.14_to_0.64s,C2,0.15569549444767522,9.533599445850499e-18,0.15569549444767522,0.25583333333333336,nan,0.6905978037568893,nan,nan,nan
mastoid,stim_0.14_to_0.64s,C4,0.31139098889535044,1.9067198891700998e-17,0.31139098889535044,0.2525,nan,0.6390387005229105,nan,nan,nan
mastoid,stim_0.14_to_0.64s,C6,0.4670742986901498,2.860005224274434e-17,0.4670742986901498,0.2733333333333333,nan,0.6498389922485333,nan,nan,nan
mastoid,stim_0.14_to_0.64s,T8,0.622769793137825,3.8133651688594835e-17,0.622769793137825,0.24083333333333334,nan,0.5949678080315565,nan,nan,nan
mastoid,stim_0.14_to_0.64s,M1,0.8664628506549251,5.305554783173226e-17,0.8664628506549251,0.23166666666666666,nan,0.5506725558920987,nan,nan,nan
mastoid,stim_0.14_to_0.64s,TP7,-0.5922892699155132,-0.19244644966295837,0.6227697931378249,0.2225,nan,0.4907383906295315,nan,nan,nan
mastoid,stim_0.14_to_0.64s,CP5,-0.4486894406361628,-0.17223573916038112,0.4806114480352247,0.23083333333333333,nan,0.48568170794352145,nan,nan,nan
mastoid,stim_0.14_to_0.64s,CP3,-0.2988471109399219,-0.15889982751154083,0.33846528758550026,0.23166666666666666,nan,0.5763361466632472,nan,nan,nan
mastoid,stim_0.14_to_0.64s,CP1,-0.15317259329874983,-0.1531725932987498,0.21661875882695023,0.2475,nan,0.5980246107352368,nan,nan,nan
mastoid,stim_0.14_to_0.64s,CPZ,1.9067198891700998e-17,-0.15569549444767522,0.15569549444767522,0.24333333333333335,nan,0.6038372193078269,nan,nan,nan
mastoid,stim_0.14_to_0.64s,CP2,0.15317259329874983,-0.1531725932987498,0.21661875882695023,0.2525,nan,0.6271529874125031,nan,nan,nan
mastoid,stim_0.14_to_0.64s,CP4,0.2988471109399219,-0.15889982751154083,0.33846528758550026,0.24833333333333332,nan,0.5659694720838119,nan,nan,nan
mastoid,stim_0.14_to_0.64s,CP6,0.4486894406361628,-0.17223573916038112,0.4806114480352247,0.26,nan,0.5996160049443924,nan,nan,nan
mastoid,stim_0.14_to_0.64s,TP8,0.5922892699155132,-0.19244644966295837,0.6227697931378249,0.245,nan,0.5684203966647237,nan,nan,nan
mastoid,stim_0.14_to_0.64s,M2,-0.8664628506549251,5.305554783173226e-17,0.8664628506549251,0.23166666666666666,nan,0.5506725585621277,nan,nan,nan
mastoid,stim_0.14_to_0.64s,P7,-0.5038313462318709,-0.3660548999796477,0.6227697931378249,0.22166666666666668,nan,0.38040707966889353,nan,nan,nan
mastoid,stim_0.14_to_0.64s,P5,-0.3831644926704491,-0.33307981188050406,0.5076979313782504,0.245,nan,0.46936916583334315,nan,nan,nan
mastoid,stim_0.14_to_0.64s,P3,-0.2555991277378157,-0.31563863605626796,0.4061510343108748,0.2525,nan,0.4854800796929285,nan,nan,nan
mastoid,stim_0.14_to_0.64s,P1,-0.12679132837194132,-0.3138195499805803,0.33846528758550026,0.23833333333333334,nan,0.5082597013742843,nan,nan,nan
mastoid,stim_0.14_to_0.64s,PZ,3.8134397783401996e-17,-0.31139098889535044,0.31139098889535044,0.25083333333333335,nan,0.450311534196104,nan,nan,nan
mastoid,stim_0.14_to_0.64s,P2,0.12679132837194132,-0.3138195499805803,0.33846528758550026,0.25083333333333335,nan,0.5379569049644933,nan,nan,nan
mastoid,stim_0.14_to_0.64s,P4,0.2555991277378157,-0.31563863605626796,0.4061510343108748,0.24166666666666667,nan,0.5335138862834913,nan,nan,nan
mastoid,stim_0.14_to_0.64s,P6,0.3831644926704491,-0.33307981188050406,0.5076979313782504,0.24,nan,0.48340373652637825,nan,nan,nan
mastoid,stim_0.14_to_0.64s,P8,0.5038313462318709,-0.3660548999796477,0.6227697931378249,0.24583333333333332,nan,0.6161727802279575,nan,nan,nan
mastoid,stim_0.14_to_0.64s,PO7,-0.3660548999796478,-0.5038313462318709,0.622769793137825,0.24333333333333335,nan,0.36929636173976677,nan,nan,nan
mastoid,stim_0.14_to_0.64s,PO5,-0.3202971422372838,-0.4408511957539812,0.5449220459139874,0.2425,nan,0.37841456320626576,nan,nan,nan
mastoid,stim_0.14_to_0.64s,PO3,-0.19572631237744492,-0.46110229606836256,0.500923264379275,0.25,nan,0.3991527911682509,nan,nan,nan
mastoid,stim_0.14_to_0.64s,POz,5.720010448548868e-17,-0.4670742986901498,0.4670742986901498,0.265,nan,0.4171161345374023,nan,nan,nan
mastoid,stim_0.14_to_0.64s,PO4,0.19572631237744492,-0.46110229606836256,0.500923264379275,0.2525,nan,0.4558384595451639,nan,nan,nan
mastoid,stim_0.14_to_0.64s,PO6,0.3202971422372838,-0.4408511957539812,0.5449220459139874,0.2375,nan,0.447484952270835,nan,nan,nan
mastoid,stim_0.14_to_0.64s,PO8,0.3660548999796478,-0.5038313462318709,0.622769793137825,0.23833333333333334,nan,0.4545620746357738,nan,nan,nan
mastoid,stim_0.14_to_0.64s,CB1,-0.6222539674441618,-0.6222539674441617,0.88,0.245,nan,0.293686163529388,nan,nan,nan
mastoid,stim_0.14_to_0.64s,O1,-0.19244644966295849,-0.5922892699155132,0.622769793137825,0.24833333333333332,nan,0.38326906448468284,nan,nan,nan
mastoid,stim_0.14_to_0.64s,Oz,7.626730337718967e-17,-0.622769793137825,0.622769793137825,0.26666666666666666,nan,0.4430811198612292,nan,nan,nan
mastoid,stim_0.14_to_0.64s,O2,0.19244644966295849,-0.5922892699155132,0.622769793137825,0.22416666666666665,nan,0.3750302790395335,nan,nan,nan
mastoid,stim_0.14_to_0.64s,CB2,0.6222539674441618,-0.6222539674441617,0.88,0.205,nan,0.3544151543695039,nan,nan,nan
mastoid,late_1.14_to_2.64s,FP1,-0.1924464496629584,0.5922892699155132,0.6227697931378249,0.25583333333333336,nan,1.0,nan,nan,nan
mastoid,late_1.14_to_2.64s,FPZ,0.0,0.622769793137825,0.622769793137825,0.2683333333333333,nan,0.9245166209863868,nan,nan,nan
mastoid,late_1.14_to_2.64s,FP2,0.1924464496629584,0.5922892699155132,0.6227697931378249,0.2708333333333333,nan,0.8972085275817239,nan,nan,nan
mastoid,late_1.14_to_2.64s,AF3,-0.19572631237744492,0.46110229606836256,0.500923264379275,0.24833333333333332,nan,0.8425260958105382,nan,nan,nan
mastoid,late_1.14_to_2.64s,AF4,0.19572631237744492,0.46110229606836256,0.500923264379275,0.26916666666666667,nan,0.7910780665498826,nan,nan,nan
mastoid,late_1.14_to_2.64s,F7,-0.5038313462318709,0.36605489997964774,0.6227697931378249,0.1925,nan,0.5393155176012319,nan,nan,nan
mastoid,late_1.14_to_2.64s,F5,-0.38316449267044905,0.3330798118805041,0.5076979313782504,0.22916666666666666,nan,0.5987129948859764,nan,nan,nan
mastoid,late_1.14_to_2.64s,F3,-0.2555991277378157,0.31563863605626796,0.4061510343108748,0.25083333333333335,nan,0.5829853161904425,nan,nan,nan
mastoid,late_1.14_to_2.64s,F1,-0.12679132837194124,0.31381954998058037,0.3384652875855003,0.25833333333333336,nan,0.616913112724039,nan,nan,nan
mastoid,late_1.14_to_2.64s,FZ,0.0,0.31139098889535044,0.31139098889535044,0.24416666666666667,nan,0.605978094802245,nan,nan,nan
mastoid,late_1.14_to_2.64s,F2,0.12679132837194124,0.31381954998058037,0.3384652875855003,0.25416666666666665,nan,0.6407011959795288,nan,nan,nan
mastoid,late_1.14_to_2.64s,F4,0.2555991277378157,0.31563863605626796,0.4061510343108748,0.2525,nan,0.569489619633728,nan,nan,nan
mastoid,late_1.14_to_2.64s,F6,0.38316449267044905,0.3330798118805041,0.5076979313782504,0.2325,nan,0.5132978006652107,nan,nan,nan
mastoid,late_1.14_to_2.64s,F8,0.5038313462318709,0.36605489997964774,0.6227697931378249,0.21166666666666667,nan,0.43136089023205215,nan,nan,nan
mastoid,late_1.14_to_2.64s,FT7,-0.5922892699155132,0.19244644966295846,0.622769793137825,0.20916666666666667,nan,0.4688437350032103,nan,nan,nan
mastoid,late_1.14_to_2.64s,FC5,-0.4486894406361628,0.17223573916038115,0.4806114480352247,0.22,nan,0.50012861724056,nan,nan,nan
mastoid,late_1.14_to_2.64s,FC3,-0.2988471109399219,0.15889982751154078,0.33846528758550026,0.23,nan,0.5271673892061695,nan,nan,nan
mastoid,late_1.14_to_2.64s,FC1,-0.15317259329874983,0.15317259329874983,0.21661875882695025,0.22916666666666666,nan,0.5430576859700151,nan,nan,nan
mastoid,late_1.14_to_2.64s,FCz,0.0,0.15569549444767522,0.15569549444767522,0.24583333333333332,nan,0.5253555677742122,nan,nan,nan
mastoid,late_1.14_to_2.64s,FC2,0.15317259329874983,0.15317259329874983,0.21661875882695025,0.24916666666666668,nan,0.5245381641242745,nan,nan,nan
mastoid,late_1.14_to_2.64s,FC4,0.2988471109399219,0.15889982751154078,0.33846528758550026,0.23416666666666666,nan,0.47142234547550566,nan,nan,nan
mastoid,late_1.14_to_2.64s,FC6,0.4486894406361628,0.17223573916038115,0.4806114480352247,0.225,nan,0.41541926347883823,nan,nan,nan
mastoid,late_1.14_to_2.64s,FT8,0.5922892699155132,0.19244644966295846,0.622769793137825,0.2075,nan,0.39784298567247245,nan,nan,nan
mastoid,late_1.14_to_2.64s,T7,-0.622769793137825,3.8133651688594835e-17,0.622769793137825,0.19916666666666666,nan,0.41351294394803967,nan,nan,nan
mastoid,late_1.14_to_2.64s,C5,-0.4670742986901498,2.860005224274434e-17,0.4670742986901498,0.21583333333333332,nan,0.4200864163270414,nan,nan,nan
mastoid,late_1.14_to_2.64s,C3,-0.31139098889535044,1.9067198891700998e-17,0.31139098889535044,0.22416666666666665,nan,0.45790686645267503,nan,nan,nan
mastoid,late_1.14_to_2.64s,C1,-0.15569549444767522,9.533599445850499e-18,0.15569549444767522,0.23916666666666667,nan,0.4818412350393036,nan,nan,nan
mastoid,late_1.14_to_2.64s,Cz,0.0,0.0,0.0,0.2325,nan,0.4759487368362423,nan,nan,nan
mastoid,late_1.14_to_2.64s,C2,0.15569549444767522,9.533599445850499e-18,0.15569549444767522,0.22666666666666666,nan,0.4793306284576601,nan,nan,nan
mastoid,late_1.14_to_2.64s,C4,0.31139098889535044,1.9067198891700998e-17,0.31139098889535044,0.23583333333333334,nan,0.4487845112109375,nan,nan,nan
mastoid,late_1.14_to_2.64s,C6,0.4670742986901498,2.860005224274434e-17,0.4670742986901498,0.24333333333333335,nan,0.42964858078267854,nan,nan,nan
mastoid,late_1.14_to_2.64s,T8,0.622769793137825,3.8133651688594835e-17,0.622769793137825,0.20166666666666666,nan,0.38046564591993953,nan,nan,nan
mastoid,late_1.14_to_2.64s,M1,0.8664628506549251,5.305554783173226e-17,0.8664628506549251,0.18416666666666667,nan,0.08466660184514148,nan,nan,nan
mastoid,late_1.14_to_2.64s,TP7,-0.5922892699155132,-0.19244644966295837,0.6227697931378249,0.2075,nan,0.4186726878755069,nan,nan,nan
mastoid,late_1.14_to_2.64s,CP5,-0.4486894406361628,-0.17223573916038112,0.4806114480352247,0.22333333333333333,nan,0.4110821770634906,nan,nan,nan
mastoid,late_1.14_to_2.64s,CP3,-0.2988471109399219,-0.15889982751154083,0.33846528758550026,0.24833333333333332,nan,0.4310393416195976,nan,nan,nan
mastoid,late_1.14_to_2.64s,CP1,-0.15317259329874983,-0.1531725932987498,0.21661875882695023,0.23833333333333334,nan,0.45577315491655807,nan,nan,nan
mastoid,late_1.14_to_2.64s,CPZ,1.9067198891700998e-17,-0.15569549444767522,0.15569549444767522,0.2425,nan,0.4641418322260624,nan,nan,nan
mastoid,late_1.14_to_2.64s,CP2,0.15317259329874983,-0.1531725932987498,0.21661875882695023,0.24666666666666667,nan,0.4584228191358597,nan,nan,nan
mastoid,late_1.14_to_2.64s,CP4,0.2988471109399219,-0.15889982751154083,0.33846528758550026,0.24166666666666667,nan,0.4167687684273629,nan,nan,nan
mastoid,late_1.14_to_2.64s,CP6,0.4486894406361628,-0.17223573916038112,0.4806114480352247,0.22666666666666666,nan,0.41355420167018747,nan,nan,nan
mastoid,late_1.14_to_2.64s,TP8,0.5922892699155132,-0.19244644966295837,0.6227697931378249,0.225,nan,0.35524324694198456,nan,nan,nan
mastoid,late_1.14_to_2.64s,M2,-0.8664628506549251,5.305554783173226e-17,0.8664628506549251,0.18416666666666667,nan,0.08466661316515485,nan,nan,nan
mastoid,late_1.14_to_2.64s,P7,-0.5038313462318709,-0.3660548999796477,0.6227697931378249,0.2075,nan,0.3482596787720659,nan,nan,nan
mastoid,late_1.14_to_2.64s,P5,-0.3831644926704491,-0.33307981188050406,0.5076979313782504,0.225,nan,0.3957421119335376,nan,nan,nan
mastoid,late_1.14_to_2.64s,P3,-0.2555991277378157,-0.31563863605626796,0.4061510343108748,0.24083333333333334,nan,0.3996641542056849,nan,nan,nan
mastoid,late_1.14_to_2.64s,P1,-0.12679132837194132,-0.3138195499805803,0.33846528758550026,0.24,nan,0.41233686564492034,nan,nan,nan
mastoid,late_1.14_to_2.64s,PZ,3.8134397783401996e-17,-0.31139098889535044,0.31139098889535044,0.26,nan,0.4315598897981956,nan,nan,nan
mastoid,late_1.14_to_2.64s,P2,0.12679132837194132,-0.3138195499805803,0.33846528758550026,0.2475,nan,0.4211696341645958,nan,nan,nan
mastoid,late_1.14_to_2.64s,P4,0.2555991277378157,-0.31563863605626796,0.4061510343108748,0.2375,nan,0.4055827125893296,nan,nan,nan
mastoid,late_1.14_to_2.64s,P6,0.3831644926704491,-0.33307981188050406,0.5076979313782504,0.215,nan,0.38566417486106425,nan,nan,nan
mastoid,late_1.14_to_2.64s,P8,0.5038313462318709,-0.3660548999796477,0.6227697931378249,0.205,nan,0.3313409693396037,nan,nan,nan
mastoid,late_1.14_to_2.64s,PO7,-0.3660548999796478,-0.5038313462318709,0.622769793137825,0.215,nan,0.38030619368411245,nan,nan,nan
mastoid,late_1.14_to_2.64s,PO5,-0.3202971422372838,-0.4408511957539812,0.5449220459139874,0.215,nan,0.3774844939964435,nan,nan,nan
mastoid,late_1.14_to_2.64s,PO3,-0.19572631237744492,-0.46110229606836256,0.500923264379275,0.22083333333333333,nan,0.37810215471495023,nan,nan,nan
mastoid,late_1.14_to_2.64s,POz,5.720010448548868e-17,-0.4670742986901498,0.4670742986901498,0.25083333333333335,nan,0.4248316577856385,nan,nan,nan
mastoid,late_1.14_to_2.64s,PO4,0.19572631237744492,-0.46110229606836256,0.500923264379275,0.22833333333333333,nan,0.37255846121006636,nan,nan,nan
mastoid,late_1.14_to_2.64s,PO6,0.3202971422372838,-0.4408511957539812,0.5449220459139874,0.23083333333333333,nan,0.36920843562903716,nan,nan,nan
mastoid,late_1.14_to_2.64s,PO8,0.3660548999796478,-0.5038313462318709,0.622769793137825,0.22833333333333333,nan,0.36429118649536235,nan,nan,nan
mastoid,late_1.14_to_2.64s,CB1,-0.6222539674441618,-0.6222539674441617,0.88,0.21,nan,0.3351151638677664,nan,nan,nan
mastoid,late_1.14_to_2.64s,O1,-0.19244644966295849,-0.5922892699155132,0.622769793137825,0.22416666666666665,nan,0.33845111791645655,nan,nan,nan
mastoid,late_1.14_to_2.64s,Oz,7.626730337718967e-17,-0.622769793137825,0.622769793137825,0.23416666666666666,nan,0.38952187171443414,nan,nan,nan
mastoid,late_1.14_to_2.64s,O2,0.19244644966295849,-0.5922892699155132,0.622769793137825,0.2225,nan,0.3348840022758563,nan,nan,nan
mastoid,late_1.14_to_2.64s,CB2,0.6222539674441618,-0.6222539674441617,0.88,0.2225,nan,0.3221290750268985,nan,nan,nan
csd,prestim_-0.50_to_0.00s,FP1,-0.1924464496629584,0.5922892699155132,0.6227697931378249,0.29333333333333333,0.14416666666666667,0.8544805399790236,nan,nan,nan
csd,prestim_-0.50_to_0.00s,FPZ,0.0,0.622769793137825,0.622769793137825,0.31416666666666665,0.12166666666666667,1.0,nan,nan,nan
csd,prestim_-0.50_to_0.00s,FP2,0.1924464496629584,0.5922892699155132,0.6227697931378249,0.2991666666666667,0.1625,0.8569264639152477,nan,nan,nan
csd,prestim_-0.50_to_0.00s,AF3,-0.19572631237744492,0.46110229606836256,0.500923264379275,0.26916666666666667,0.15666666666666668,0.42397290143933297,nan,nan,nan
csd,prestim_-0.50_to_0.00s,AF4,0.19572631237744492,0.46110229606836256,0.500923264379275,0.23916666666666667,0.21583333333333332,0.2001043422279775,nan,nan,nan
csd,prestim_-0.50_to_0.00s,F7,-0.5038313462318709,0.36605489997964774,0.6227697931378249,0.25583333333333336,0.23416666666666666,0.5377291520156776,nan,nan,nan
csd,prestim_-0.50_to_0.00s,F5,-0.38316449267044905,0.3330798118805041,0.5076979313782504,0.24166666666666667,0.22333333333333333,0.45541910898160576,nan,nan,nan
csd,prestim_-0.50_to_0.00s,F3,-0.2555991277378157,0.31563863605626796,0.4061510343108748,0.24,0.13083333333333333,0.40883581106562367,nan,nan,nan
csd,prestim_-0.50_to_0.00s,F1,-0.12679132837194124,0.31381954998058037,0.3384652875855003,0.225,0.1425,0.49300276206820354,nan,nan,nan
csd,prestim_-0.50_to_0.00s,FZ,0.0,0.31139098889535044,0.31139098889535044,0.24666666666666667,0.14583333333333334,0.5457365467629023,nan,nan,nan
csd,prestim_-0.50_to_0.00s,F2,0.12679132837194124,0.31381954998058037,0.3384652875855003,0.2625,0.1475,0.5579975117004949,nan,nan,nan
csd,prestim_-0.50_to_0.00s,F4,0.2555991277378157,0.31563863605626796,0.4061510343108748,0.2683333333333333,0.13916666666666666,0.4891252216025504,nan,nan,nan
csd,prestim_-0.50_to_0.00s,F6,0.38316449267044905,0.3330798118805041,0.5076979313782504,0.2758333333333333,0.20083333333333334,0.5052797241557634,nan,nan,nan
csd,prestim_-0.50_to_0.00s,F8,0.5038313462318709,0.36605489997964774,0.6227697931378249,0.2575,0.2325,0.6054355169599274,nan,nan,nan
csd,prestim_-0.50_to_0.00s,FT7,-0.5922892699155132,0.19244644966295846,0.622769793137825,0.25833333333333336,0.19916666666666666,0.7422292885993308,nan,nan,nan
csd,prestim_-0.50_to_0.00s,FC5,-0.4486894406361628,0.17223573916038115,0.4806114480352247,0.23833333333333334,0.16916666666666666,0.48024088178004437,nan,nan,nan
csd,prestim_-0.50_to_0.00s,FC3,-0.2988471109399219,0.15889982751154078,0.33846528758550026,0.20083333333333334,0.16416666666666666,0.3969258433771346,nan,nan,nan
csd,prestim_-0.50_to_0.00s,FC1,-0.15317259329874983,0.15317259329874983,0.21661875882695025,0.21583333333333332,0.20416666666666666,0.5064333076094549,nan,nan,nan
csd,prestim_-0.50_to_0.00s,FCz,0.0,0.15569549444767522,0.15569549444767522,0.2325,0.15583333333333332,0.4867250034278044,nan,nan,nan
csd,prestim_-0.50_to_0.00s,FC2,0.15317259329874983,0.15317259329874983,0.21661875882695025,0.22666666666666666,0.19583333333333333,0.40838937972237593,nan,nan,nan
csd,prestim_-0.50_to_0.00s,FC4,0.2988471109399219,0.15889982751154078,0.33846528758550026,0.22833333333333333,0.15416666666666667,0.31912626606886924,nan,nan,nan
csd,prestim_-0.50_to_0.00s,FC6,0.4486894406361628,0.17223573916038115,0.4806114480352247,0.25083333333333335,0.20083333333333334,0.37988568875653494,nan,nan,nan
csd,prestim_-0.50_to_0.00s,FT8,0.5922892699155132,0.19244644966295846,0.622769793137825,0.265,0.23166666666666666,0.6211348104572865,nan,nan,nan
csd,prestim_-0.50_to_0.00s,T7,-0.622769793137825,3.8133651688594835e-17,0.622769793137825,0.25333333333333335,0.12833333333333333,0.607490610053541,nan,nan,nan
csd,prestim_-0.50_to_0.00s,C5,-0.4670742986901498,2.860005224274434e-17,0.4670742986901498,0.22833333333333333,0.17333333333333334,0.28270272917018274,nan,nan,nan
csd,prestim_-0.50_to_0.00s,C3,-0.31139098889535044,1.9067198891700998e-17,0.31139098889535044,0.22916666666666666,0.21083333333333334,0.36047041133132296,nan,nan,nan
csd,prestim_-0.50_to_0.00s,C1,-0.15569549444767522,9.533599445850499e-18,0.15569549444767522,0.19,0.20666666666666667,0.2370352223230087,nan,nan,nan
csd,prestim_-0.50_to_0.00s,Cz,0.0,0.0,0.0,0.19666666666666666,0.1425,0.12914913664430028,nan,nan,nan
csd,prestim_-0.50_to_0.00s,C2,0.15569549444767522,9.533599445850499e-18,0.15569549444767522,0.19,0.21583333333333332,0.08244544586966941,nan,nan,nan
csd,prestim_-0.50_to_0.00s,C4,0.31139098889535044,1.9067198891700998e-17,0.31139098889535044,0.22666666666666666,0.20833333333333334,0.38415385484562403,nan,nan,nan
csd,prestim_-0.50_to_0.00s,C6,0.4670742986901498,2.860005224274434e-17,0.4670742986901498,0.24333333333333335,0.14166666666666666,0.3068377816462525,nan,nan,nan
csd,prestim_-0.50_to_0.00s,T8,0.622769793137825,3.8133651688594835e-17,0.622769793137825,0.2175,0.175,0.30355347714379005,nan,nan,nan
csd,prestim_-0.50_to_0.00s,M1,0.8664628506549251,5.305554783173226e-17,0.8664628506549251,0.26,0.17333333333333334,0.7577622420677599,nan,nan,nan
csd,prestim_-0.50_to_0.00s,TP7,-0.5922892699155132,-0.19244644966295837,0.6227697931378249,0.2275,0.15666666666666668,0.29891867033303676,nan,nan,nan
csd,prestim_-0.50_to_0.00s,CP5,-0.4486894406361628,-0.17223573916038112,0.4806114480352247,0.2941666666666667,0.13583333333333333,0.3732378957478763,nan,nan,nan
csd,prestim_-0.50_to_0.00s,CP3,-0.2988471109399219,-0.15889982751154083,0.33846528758550026,0.24666666666666667,0.15583333333333332,0.2895246052828765,nan,nan,nan
csd,prestim_-0.50_to_0.00s,CP1,-0.15317259329874983,-0.1531725932987498,0.21661875882695023,0.21916666666666668,0.15416666666666667,0.19324655040754063,nan,nan,nan
csd,prestim_-0.50_to_0.00s,CPZ,1.9067198891700998e-17,-0.15569549444767522,0.15569549444767522,0.18916666666666668,0.13916666666666666,0.17008115280935335,nan,nan,nan
csd,prestim_-0.50_to_0.00s,CP2,0.15317259329874983,-0.1531725932987498,0.21661875882695023,0.2,0.15916666666666668,0.1425714449886341,nan,nan,nan
csd,prestim_-0.50_to_0.00s,CP4,0.2988471109399219,-0.15889982751154083,0.33846528758550026,0.23166666666666666,0.145,0.1984099734013631,nan,nan,nan
csd,prestim_-0.50_to_0.00s,CP6,0.4486894406361628,-0.17223573916038112,0.4806114480352247,0.2633333333333333,0.14166666666666666,0.3350879585728022,nan,nan,nan
csd,prestim_-0.50_to_0.00s,TP8,0.5922892699155132,-0.19244644966295837,0.6227697931378249,0.2658333333333333,0.13,0.44782884058874456,nan,nan,nan
csd,prestim_-0.50_to_0.00s,M2,-0.8664628506549251,5.305554783173226e-17,0.8664628506549251,0.285,0.1875,0.6843746500351049,nan,nan,nan
csd,prestim_-0.50_to_0.00s,P7,-0.5038313462318709,-0.3660548999796477,0.6227697931378249,0.25083333333333335,0.1325,0.2593015411065475,nan,nan,nan
csd,prestim_-0.50_to_0.00s,P5,-0.3831644926704491,-0.33307981188050406,0.5076979313782504,0.25,0.15666666666666668,0.22216481367302313,nan,nan,nan
csd,prestim_-0.50_to_0.00s,P3,-0.2555991277378157,-0.31563863605626796,0.4061510343108748,0.23083333333333333,0.13333333333333333,0.18282976966097284,nan,nan,nan
csd,prestim_-0.50_to_0.00s,P1,-0.12679132837194132,-0.3138195499805803,0.33846528758550026,0.22666666666666666,0.11916666666666667,0.22651977233741125,nan,nan,nan
csd,prestim_-0.50_to_0.00s,PZ,3.8134397783401996e-17,-0.31139098889535044,0.31139098889535044,0.22416666666666665,0.12166666666666667,0.22098587460776256,nan,nan,nan
csd,prestim_-0.50_to_0.00s,P2,0.12679132837194132,-0.3138195499805803,0.33846528758550026,0.21083333333333334,0.12583333333333332,0.1406633904223339,nan,nan,nan
csd,prestim_-0.50_to_0.00s,P4,0.2555991277378157,-0.31563863605626796,0.4061510343108748,0.20333333333333334,0.12333333333333334,0.08637835250696373,nan,nan,nan
csd,prestim_-0.50_to_0.00s,P6,0.3831644926704491,-0.33307981188050406,0.5076979313782504,0.21333333333333335,0.12083333333333333,0.1578660200697784,nan,nan,nan
csd,prestim_-0.50_to_0.00s,P8,0.5038313462318709,-0.3660548999796477,0.6227697931378249,0.24083333333333334,0.1425,0.4261312889423063,nan,nan,nan
csd,prestim_-0.50_to_0.00s,PO7,-0.3660548999796478,-0.5038313462318709,0.622769793137825,0.19833333333333333,0.15833333333333333,0.14566841122721386,nan,nan,nan
csd,prestim_-0.50_to_0.00s,PO5,-0.3202971422372838,-0.4408511957539812,0.5449220459139874,0.19916666666666666,0.16333333333333333,0.09207705711376878,nan,nan,nan
csd,prestim_-0.50_to_0.00s,PO3,-0.19572631237744492,-0.46110229606836256,0.500923264379275,0.2125,0.1625,0.22258110502574835,nan,nan,nan
csd,prestim_-0.50_to_0.00s,POz,5.720010448548868e-17,-0.4670742986901498,0.4670742986901498,0.23916666666666667,0.14333333333333334,0.2607697723950413,nan,nan,nan
csd,prestim_-0.50_to_0.00s,PO4,0.19572631237744492,-0.46110229606836256,0.500923264379275,0.2175,0.1475,0.1498831949463752,nan,nan,nan
csd,prestim_-0.50_to_0.00s,PO6,0.3202971422372838,-0.4408511957539812,0.5449220459139874,0.20583333333333334,0.1425,0.11829206697447828,nan,nan,nan
csd,prestim_-0.50_to_0.00s,PO8,0.3660548999796478,-0.5038313462318709,0.622769793137825,0.21916666666666668,0.13166666666666665,0.2552108267261947,nan,nan,nan
csd,prestim_-0.50_to_0.00s,CB1,-0.6222539674441618,-0.6222539674441617,0.88,0.2175,0.12916666666666668,0.19402658644267928,nan,nan,nan
csd,prestim_-0.50_to_0.00s,O1,-0.19244644966295849,-0.5922892699155132,0.622769793137825,0.22,0.14,0.10891071193516995,nan,nan,nan
csd,prestim_-0.50_to_0.00s,Oz,7.626730337718967e-17,-0.622769793137825,0.622769793137825,0.21416666666666667,0.1275,0.15246187104317824,nan,nan,nan
csd,prestim_-0.50_to_0.00s,O2,0.19244644966295849,-0.5922892699155132,0.622769793137825,0.21166666666666667,0.13416666666666666,0.1669111110889243,nan,nan,nan
csd,prestim_-0.50_to_0.00s,CB2,0.6222539674441618,-0.6222539674441617,0.88,0.195,0.14583333333333334,0.20745013120964437,nan,nan,nan
csd,prestimTRIM_-0.50_to_-0.10s,FP1,-0.1924464496629584,0.5922892699155132,0.6227697931378249,0.295,0.13333333333333333,0.8892344956297703,nan,nan,nan
csd,prestimTRIM_-0.50_to_-0.10s,FPZ,0.0,0.622769793137825,0.622769793137825,0.2975,0.12,1.0,nan,nan,nan
csd,prestimTRIM_-0.50_to_-0.10s,FP2,0.1924464496629584,0.5922892699155132,0.6227697931378249,0.31083333333333335,0.15666666666666668,0.8166196854124365,nan,nan,nan
csd,prestimTRIM_-0.50_to_-0.10s,AF3,-0.19572631237744492,0.46110229606836256,0.500923264379275,0.2758333333333333,0.155,0.4379989374146492,nan,nan,nan
csd,prestimTRIM_-0.50_to_-0.10s,AF4,0.19572631237744492,0.46110229606836256,0.500923264379275,0.24583333333333332,0.21833333333333332,0.21584241822743322,nan,nan,nan
csd,prestimTRIM_-0.50_to_-0.10s,F7,-0.5038313462318709,0.36605489997964774,0.6227697931378249,0.25583333333333336,0.22916666666666666,0.5272460518491433,nan,nan,nan
csd,prestimTRIM_-0.50_to_-0.10s,F5,-0.38316449267044905,0.3330798118805041,0.5076979313782504,0.22166666666666668,0.21416666666666667,0.45119159534484093,nan,nan,nan
csd,prestimTRIM_-0.50_to_-0.10s,F3,-0.2555991277378157,0.31563863605626796,0.4061510343108748,0.22916666666666666,0.14166666666666666,0.42400167929840965,nan,nan,nan
csd,prestimTRIM_-0.50_to_-0.10s,F1,-0.12679132837194124,0.31381954998058037,0.3384652875855003,0.21666666666666667,0.1425,0.5385660215281984,nan,nan,nan
csd,prestimTRIM_-0.50_to_-0.10s,FZ,0.0,0.31139098889535044,0.31139098889535044,0.23333333333333334,0.14083333333333334,0.5910834429642182,nan,nan,nan
csd,prestimTRIM_-0.50_to_-0.10s,F2,0.12679132837194124,0.31381954998058037,0.3384652875855003,0.24583333333333332,0.13916666666666666,0.5869409780478433,nan,nan,nan
csd,prestimTRIM_-0.50_to_-0.10s,F4,0.2555991277378157,0.31563863605626796,0.4061510343108748,0.26916666666666667,0.13666666666666666,0.5147926870302947,nan,nan,nan
csd,prestimTRIM_-0.50_to_-0.10s,F6,0.38316449267044905,0.3330798118805041,0.5076979313782504,0.26916666666666667,0.19666666666666666,0.5337263456103635,nan,nan,nan
csd,prestimTRIM_-0.50_to_-0.10s,F8,0.5038313462318709,0.36605489997964774,0.6227697931378249,0.25666666666666665,0.2225,0.6451646253094682,nan,nan,nan
csd,prestimTRIM_-0.50_to_-0.10s,FT7,-0.5922892699155132,0.19244644966295846,0.622769793137825,0.2708333333333333,0.19333333333333333,0.7282084539087144,nan,nan,nan
csd,prestimTRIM_-0.50_to_-0.10s,FC5,-0.4486894406361628,0.17223573916038115,0.4806114480352247,0.2325,0.16583333333333333,0.4846071696975983,nan,nan,nan
csd,prestimTRIM_-0.50_to_-0.10s,FC3,-0.2988471109399219,0.15889982751154078,0.33846528758550026,0.19666666666666666,0.17416666666666666,0.4543934079197371,nan,nan,nan
csd,prestimTRIM_-0.50_to_-0.10s,FC1,-0.15317259329874983,0.15317259329874983,0.21661875882695025,0.2125,0.20083333333333334,0.596288393416777,nan,nan,nan
csd,prestimTRIM_-0.50_to_-0.10s,FCz,0.0,0.15569549444767522,0.15569549444767522,0.23,0.14166666666666666,0.5467149931607244,nan,nan,nan
csd,prestimTRIM_-0.50_to_-0.10s,FC2,0.15317259329874983,0.15317259329874983,0.21661875882695025,0.245,0.18583333333333332,0.433479933186791,nan,nan,nan
csd,prestimTRIM_-0.50_to_-0.10s,FC4,0.2988471109399219,0.15889982751154078,0.33846528758550026,0.2375,0.1575,0.3299966710107368,nan,nan,nan
csd,prestimTRIM_-0.50_to_-0.10s,FC6,0.4486894406361628,0.17223573916038115,0.4806114480352247,0.2525,0.19666666666666666,0.39846050156296703,nan,nan,nan
csd,prestimTRIM_-0.50_to_-0.10s,FT8,0.5922892699155132,0.19244644966295846,0.622769793137825,0.26,0.225,0.6554834950963677,nan,nan,nan
csd,prestimTRIM_-0.50_to_-0.10s,T7,-0.622769793137825,3.8133651688594835e-17,0.622769793137825,0.24833333333333332,0.11583333333333333,0.6447636275963435,nan,nan,nan
csd,prestimTRIM_-0.50_to_-0.10s,C5,-0.4670742986901498,2.860005224274434e-17,0.4670742986901498,0.24166666666666667,0.17083333333333334,0.31251962911318215,nan,nan,nan
csd,prestimTRIM_-0.50_to_-0.10s,C3,-0.31139098889535044,1.9067198891700998e-17,0.31139098889535044,0.21416666666666667,0.21166666666666667,0.37666600372746867,nan,nan,nan
csd,prestimTRIM_-0.50_to_-0.10s,C1,-0.15569549444767522,9.533599445850499e-18,0.15569549444767522,0.1875,0.21666666666666667,0.2796583859570026,nan,nan,nan
csd,prestimTRIM_-0.50_to_-0.10s,Cz,0.0,0.0,0.0,0.17583333333333334,0.12666666666666668,0.14398341957059785,nan,nan,nan
csd,prestimTRIM_-0.50_to_-0.10s,C2,0.15569549444767522,9.533599445850499e-18,0.15569549444767522,0.18416666666666667,0.18083333333333335,0.08728901266273305,nan,nan,nan
csd,prestimTRIM_-0.50_to_-0.10s,C4,0.31139098889535044,1.9067198891700998e-17,0.31139098889535044,0.23083333333333333,0.20416666666666666,0.39071976587265655,nan,nan,nan
csd,prestimTRIM_-0.50_to_-0.10s,C6,0.4670742986901498,2.860005224274434e-17,0.4670742986901498,0.24,0.12,0.30393801581684116,nan,nan,nan
csd,prestimTRIM_-0.50_to_-0.10s,T8,0.622769793137825,3.8133651688594835e-17,0.622769793137825,0.215,0.175,0.37269427056032045,nan,nan,nan
csd,prestimTRIM_-0.50_to_-0.10s,M1,0.8664628506549251,5.305554783173226e-17,0.8664628506549251,0.2625,0.17416666666666666,0.8033193951466223,nan,nan,nan
csd,prestimTRIM_-0.50_to_-0.10s,TP7,-0.5922892699155132,-0.19244644966295837,0.6227697931378249,0.23166666666666666,0.17,0.3389703942438536,nan,nan,nan
csd,prestimTRIM_-0.50_to_-0.10s,CP5,-0.4486894406361628,-0.17223573916038112,0.4806114480352247,0.295,0.1375,0.38032375758774734,nan,nan,nan
csd,prestimTRIM_-0.50_to_-0.10s,CP3,-0.2988471109399219,-0.15889982751154083,0.33846528758550026,0.255,0.15833333333333333,0.27653540067040316,nan,nan,nan
csd,prestimTRIM_-0.50_to_-0.10s,CP1,-0.15317259329874983,-0.1531725932987498,0.21661875882695023,0.24166666666666667,0.145,0.18686423524313694,nan,nan,nan
csd,prestimTRIM_-0.50_to_-0.10s,CPZ,1.9067198891700998e-17,-0.15569549444767522,0.15569549444767522,0.205,0.1225,0.18570435461401796,nan,nan,nan
csd,prestimTRIM_-0.50_to_-0.10s,CP2,0.15317259329874983,-0.1531725932987498,0.21661875882695023,0.205,0.15083333333333335,0.16924552970159937,nan,nan,nan
csd,prestimTRIM_-0.50_to_-0.10s,CP4,0.2988471109399219,-0.15889982751154083,0.33846528758550026,0.2425,0.14416666666666667,0.19597697931932712,nan,nan,nan
csd,prestimTRIM_-0.50_to_-0.10s,CP6,0.4486894406361628,-0.17223573916038112,0.4806114480352247,0.26166666666666666,0.13666666666666666,0.3077838839744784,nan,nan,nan
csd,prestimTRIM_-0.50_to_-0.10s,TP8,0.5922892699155132,-0.19244644966295837,0.6227697931378249,0.2708333333333333,0.1325,0.4538126215929117,nan,nan,nan
csd,prestimTRIM_-0.50_to_-0.10s,M2,-0.8664628506549251,5.305554783173226e-17,0.8664628506549251,0.2825,0.185,0.6572668952246769,nan,nan,nan
csd,prestimTRIM_-0.50_to_-0.10s,P7,-0.5038313462318709,-0.3660548999796477,0.6227697931378249,0.2525,0.145,0.27690501325900113,nan,nan,nan
csd,prestimTRIM_-0.50_to_-0.10s,P5,-0.3831644926704491,-0.33307981188050406,0.5076979313782504,0.235,0.165,0.24224292141831416,nan,nan,nan
csd,prestimTRIM_-0.50_to_-0.10s,P3,-0.2555991277378157,-0.31563863605626796,0.4061510343108748,0.22333333333333333,0.145,0.23134559053830628,nan,nan,nan
csd,prestimTRIM_-0.50_to_-0.10s,P1,-0.12679132837194132,-0.3138195499805803,0.33846528758550026,0.235,0.12666666666666668,0.28859628703640633,nan,nan,nan
csd,prestimTRIM_-0.50_to_-0.10s,PZ,3.8134397783401996e-17,-0.31139098889535044,0.31139098889535044,0.2175,0.105,0.27956516981266877,nan,nan,nan
csd,prestimTRIM_-0.50_to_-0.10s,P2,0.12679132837194132,-0.3138195499805803,0.33846528758550026,0.20333333333333334,0.11333333333333333,0.1765040894208373,nan,nan,nan
csd,prestimTRIM_-0.50_to_-0.10s,P4,0.2555991277378157,-0.31563863605626796,0.4061510343108748,0.20833333333333334,0.12083333333333333,0.09421414546630141,nan,nan,nan
csd,prestimTRIM_-0.50_to_-0.10s,P6,0.3831644926704491,-0.33307981188050406,0.5076979313782504,0.22833333333333333,0.12333333333333334,0.16769739770925432,nan,nan,nan
csd,prestimTRIM_-0.50_to_-0.10s,P8,0.5038313462318709,-0.3660548999796477,0.6227697931378249,0.25833333333333336,0.12916666666666668,0.4774526266933819,nan,nan,nan
csd,prestimTRIM_-0.50_to_-0.10s,PO7,-0.3660548999796478,-0.5038313462318709,0.622769793137825,0.19666666666666666,0.1525,0.14215815593671305,nan,nan,nan
csd,prestimTRIM_-0.50_to_-0.10s,PO5,-0.3202971422372838,-0.4408511957539812,0.5449220459139874,0.20333333333333334,0.15833333333333333,0.13373070320916214,nan,nan,nan
csd,prestimTRIM_-0.50_to_-0.10s,PO3,-0.19572631237744492,-0.46110229606836256,0.500923264379275,0.21416666666666667,0.15,0.2652502824390668,nan,nan,nan
csd,prestimTRIM_-0.50_to_-0.10s,POz,5.720010448548868e-17,-0.4670742986901498,0.4670742986901498,0.215,0.1225,0.29155026393620465,nan,nan,nan
csd,prestimTRIM_-0.50_to_-0.10s,PO4,0.19572631237744492,-0.46110229606836256,0.500923264379275,0.20416666666666666,0.1375,0.12222477124697473,nan,nan,nan
csd,prestimTRIM_-0.50_to_-0.10s,PO6,0.3202971422372838,-0.4408511957539812,0.5449220459139874,0.19416666666666665,0.125,0.13901138705173097,nan,nan,nan
csd,prestimTRIM_-0.50_to_-0.10s,PO8,0.3660548999796478,-0.5038313462318709,0.622769793137825,0.21083333333333334,0.13083333333333333,0.30691469368529223,nan,nan,nan
csd,prestimTRIM_-0.50_to_-0.10s,CB1,-0.6222539674441618,-0.6222539674441617,0.88,0.20333333333333334,0.1175,0.22350822414772423,nan,nan,nan
csd,prestimTRIM_-0.50_to_-0.10s,O1,-0.19244644966295849,-0.5922892699155132,0.622769793137825,0.215,0.1475,0.1134834823461445,nan,nan,nan
csd,prestimTRIM_-0.50_to_-0.10s,Oz,7.626730337718967e-17,-0.622769793137825,0.622769793137825,0.21416666666666667,0.12916666666666668,0.15932971744164895,nan,nan,nan
csd,prestimTRIM_-0.50_to_-0.10s,O2,0.19244644966295849,-0.5922892699155132,0.622769793137825,0.19083333333333333,0.1275,0.1755891405547358,nan,nan,nan
csd,prestimTRIM_-0.50_to_-0.10s,CB2,0.6222539674441618,-0.6222539674441617,0.88,0.19166666666666668,0.13166666666666665,0.23279959513325957,nan,nan,nan
csd,stim_0.14_to_0.64s,FP1,-0.1924464496629584,0.5922892699155132,0.6227697931378249,0.26,nan,0.5090509867822574,nan,nan,nan
csd,stim_0.14_to_0.64s,FPZ,0.0,0.622769793137825,0.622769793137825,0.275,nan,0.7559934753295906,nan,nan,nan
csd,stim_0.14_to_0.64s,FP2,0.1924464496629584,0.5922892699155132,0.6227697931378249,0.2775,nan,0.8145015577655873,nan,nan,nan
csd,stim_0.14_to_0.64s,AF3,-0.19572631237744492,0.46110229606836256,0.500923264379275,0.21666666666666667,nan,0.4367032807160007,nan,nan,nan
csd,stim_0.14_to_0.64s,AF4,0.19572631237744492,0.46110229606836256,0.500923264379275,0.21416666666666667,nan,0.20398146821318028,nan,nan,nan
csd,stim_0.14_to_0.64s,F7,-0.5038313462318709,0.36605489997964774,0.6227697931378249,0.24416666666666667,nan,0.7331882381508164,nan,nan,nan
csd,stim_0.14_to_0.64s,F5,-0.38316449267044905,0.3330798118805041,0.5076979313782504,0.245,nan,0.6984869852996819,nan,nan,nan
csd,stim_0.14_to_0.64s,F3,-0.2555991277378157,0.31563863605626796,0.4061510343108748,0.21333333333333335,nan,0.6295104955201193,nan,nan,nan
csd,stim_0.14_to_0.64s,F1,-0.12679132837194124,0.31381954998058037,0.3384652875855003,0.19416666666666665,nan,0.533394498407449,nan,nan,nan
csd,stim_0.14_to_0.64s,FZ,0.0,0.31139098889535044,0.31139098889535044,0.2,nan,0.4401101324275873,nan,nan,nan
csd,stim_0.14_to_0.64s,F2,0.12679132837194124,0.31381954998058037,0.3384652875855003,0.21166666666666667,nan,0.5352159714672429,nan,nan,nan
csd,stim_0.14_to_0.64s,F4,0.2555991277378157,0.31563863605626796,0.4061510343108748,0.23666666666666666,nan,0.5967779708027631,nan,nan,nan
csd,stim_0.14_to_0.64s,F6,0.38316449267044905,0.3330798118805041,0.5076979313782504,0.23916666666666667,nan,0.5266437925927628,nan,nan,nan
csd,stim_0.14_to_0.64s,F8,0.5038313462318709,0.36605489997964774,0.6227697931378249,0.235,nan,0.472978322593102,nan,nan,nan
csd,stim_0.14_to_0.64s,FT7,-0.5922892699155132,0.19244644966295846,0.622769793137825,0.25333333333333335,nan,0.5569331669209264,nan,nan,nan
csd,stim_0.14_to_0.64s,FC5,-0.4486894406361628,0.17223573916038115,0.4806114480352247,0.22,nan,0.5019522906904278,nan,nan,nan
csd,stim_0.14_to_0.64s,FC3,-0.2988471109399219,0.15889982751154078,0.33846528758550026,0.21666666666666667,nan,0.4503689353219629,nan,nan,nan
csd,stim_0.14_to_0.64s,FC1,-0.15317259329874983,0.15317259329874983,0.21661875882695025,0.215,nan,0.48020234218794083,nan,nan,nan
csd,stim_0.14_to_0.64s,FCz,0.0,0.15569549444767522,0.15569549444767522,0.2,nan,0.49689286506046637,nan,nan,nan
csd,stim_0.14_to_0.64s,FC2,0.15317259329874983,0.15317259329874983,0.21661875882695025,0.19916666666666666,nan,0.5035579297576721,nan,nan,nan
csd,stim_0.14_to_0.64s,FC4,0.2988471109399219,0.15889982751154078,0.33846528758550026,0.22083333333333333,nan,0.6614840660267016,nan,nan,nan
csd,stim_0.14_to_0.64s,FC6,0.4486894406361628,0.17223573916038115,0.4806114480352247,0.22083333333333333,nan,0.509714758446287,nan,nan,nan
csd,stim_0.14_to_0.64s,FT8,0.5922892699155132,0.19244644966295846,0.622769793137825,0.24583333333333332,nan,0.48366090752169066,nan,nan,nan
csd,stim_0.14_to_0.64s,T7,-0.622769793137825,3.8133651688594835e-17,0.622769793137825,0.19,nan,0.2865876708304019,nan,nan,nan
csd,stim_0.14_to_0.64s,C5,-0.4670742986901498,2.860005224274434e-17,0.4670742986901498,0.21083333333333334,nan,0.16243683546164422,nan,nan,nan
csd,stim_0.14_to_0.64s,C3,-0.31139098889535044,1.9067198891700998e-17,0.31139098889535044,0.21916666666666668,nan,0.5882015043720641,nan,nan,nan
csd,stim_0.14_to_0.64s,C1,-0.15569549444767522,9.533599445850499e-18,0.15569549444767522,0.2275,nan,0.9668919580883357,nan,nan,nan
csd,stim_0.14_to_0.64s,Cz,0.0,0.0,0.0,0.21,nan,0.803957066201608,nan,nan,nan
csd,stim_0.14_to_0.64s,C2,0.15569549444767522,9.533599445850499e-18,0.15569549444767522,0.20666666666666667,nan,0.6964056544522603,nan,nan,nan
csd,stim_0.14_to_0.64s,C4,0.31139098889535044,1.9067198891700998e-17,0.31139098889535044,0.21083333333333334,nan,0.8055152085632904,nan,nan,nan
csd,stim_0.14_to_0.64s,C6,0.4670742986901498,2.860005224274434e-17,0.4670742986901498,0.22333333333333333,nan,0.5276472426437362,nan,nan,nan
csd,stim_0.14_to_0.64s,T8,0.622769793137825,3.8133651688594835e-17,0.622769793137825,0.20666666666666667,nan,0.36230130789592835,nan,nan,nan
csd,stim_0.14_to_0.64s,M1,0.8664628506549251,5.305554783173226e-17,0.8664628506549251,0.2525,nan,0.4747409170564525,nan,nan,nan
csd,stim_0.14_to_0.64s,TP7,-0.5922892699155132,-0.19244644966295837,0.6227697931378249,0.19583333333333333,nan,0.4507204905664265,nan,nan,nan
csd,stim_0.14_to_0.64s,CP5,-0.4486894406361628,-0.17223573916038112,0.4806114480352247,0.22416666666666665,nan,0.36094047231903564,nan,nan,nan
csd,stim_0.14_to_0.64s,CP3,-0.2988471109399219,-0.15889982751154083,0.33846528758550026,0.2275,nan,0.7573551485678581,nan,nan,nan
csd,stim_0.14_to_0.64s,CP1,-0.15317259329874983,-0.1531725932987498,0.21661875882695023,0.2275,nan,0.9475558192039821,nan,nan,nan
csd,stim_0.14_to_0.64s,CPZ,1.9067198891700998e-17,-0.15569549444767522,0.15569549444767522,0.2275,nan,0.7227670807401213,nan,nan,nan
csd,stim_0.14_to_0.64s,CP2,0.15317259329874983,-0.1531725932987498,0.21661875882695023,0.23666666666666666,nan,0.7116220021093883,nan,nan,nan
csd,stim_0.14_to_0.64s,CP4,0.2988471109399219,-0.15889982751154083,0.33846528758550026,0.21583333333333332,nan,0.6350949622136092,nan,nan,nan
csd,stim_0.14_to_0.64s,CP6,0.4486894406361628,-0.17223573916038112,0.4806114480352247,0.22333333333333333,nan,0.5620936922153762,nan,nan,nan
csd,stim_0.14_to_0.64s,TP8,0.5922892699155132,-0.19244644966295837,0.6227697931378249,0.22916666666666666,nan,0.6041895450136154,nan,nan,nan
csd,stim_0.14_to_0.64s,M2,-0.8664628506549251,5.305554783173226e-17,0.8664628506549251,0.21916666666666668,nan,0.5324453102244668,nan,nan,nan
csd,stim_0.14_to_0.64s,P7,-0.5038313462318709,-0.3660548999796477,0.6227697931378249,0.19666666666666666,nan,0.2654654481952147,nan,nan,nan
csd,stim_0.14_to_0.64s,P5,-0.3831644926704491,-0.33307981188050406,0.5076979313782504,0.19833333333333333,nan,0.3797882896915789,nan,nan,nan
csd,stim_0.14_to_0.64s,P3,-0.2555991277378157,-0.31563863605626796,0.4061510343108748,0.2275,nan,0.44943796037379163,nan,nan,nan
csd,stim_0.14_to_0.64s,P1,-0.12679132837194132,-0.3138195499805803,0.33846528758550026,0.19416666666666665,nan,0.12093157372252404,nan,nan,nan
csd,stim_0.14_to_0.64s,PZ,3.8134397783401996e-17,-0.31139098889535044,0.31139098889535044,0.20583333333333334,nan,0.2723764389785278,nan,nan,nan
csd,stim_0.14_to_0.64s,P2,0.12679132837194132,-0.3138195499805803,0.33846528758550026,0.20583333333333334,nan,0.20349854210349186,nan,nan,nan
csd,stim_0.14_to_0.64s,P4,0.2555991277378157,-0.31563863605626796,0.4061510343108748,0.19333333333333333,nan,0.27291732448705086,nan,nan,nan
csd,stim_0.14_to_0.64s,P6,0.3831644926704491,-0.33307981188050406,0.5076979313782504,0.21666666666666667,nan,0.2787560300436677,nan,nan,nan
csd,stim_0.14_to_0.64s,P8,0.5038313462318709,-0.3660548999796477,0.6227697931378249,0.21416666666666667,nan,0.5933533442928769,nan,nan,nan
csd,stim_0.14_to_0.64s,PO7,-0.3660548999796478,-0.5038313462318709,0.622769793137825,0.2075,nan,0.35916810563825596,nan,nan,nan
csd,stim_0.14_to_0.64s,PO5,-0.3202971422372838,-0.4408511957539812,0.5449220459139874,0.22583333333333333,nan,0.47469026939815195,nan,nan,nan
csd,stim_0.14_to_0.64s,PO3,-0.19572631237744492,-0.46110229606836256,0.500923264379275,0.22583333333333333,nan,0.6885275312120454,nan,nan,nan
csd,stim_0.14_to_0.64s,POz,5.720010448548868e-17,-0.4670742986901498,0.4670742986901498,0.21833333333333332,nan,1.0,nan,nan,nan
csd,stim_0.14_to_0.64s,PO4,0.19572631237744492,-0.46110229606836256,0.500923264379275,0.2225,nan,0.8571777779770423,nan,nan,nan
csd,stim_0.14_to_0.64s,PO6,0.3202971422372838,-0.4408511957539812,0.5449220459139874,0.22166666666666668,nan,0.5880444035461969,nan,nan,nan
csd,stim_0.14_to_0.64s,PO8,0.3660548999796478,-0.5038313462318709,0.622769793137825,0.21166666666666667,nan,0.49299731328860225,nan,nan,nan
csd,stim_0.14_to_0.64s,CB1,-0.6222539674441618,-0.6222539674441617,0.88,0.21666666666666667,nan,0.4815447059957941,nan,nan,nan
csd,stim_0.14_to_0.64s,O1,-0.19244644966295849,-0.5922892699155132,0.622769793137825,0.2175,nan,0.45446758374030927,nan,nan,nan
csd,stim_0.14_to_0.64s,Oz,7.626730337718967e-17,-0.622769793137825,0.622769793137825,0.2125,nan,0.6167762956491372,nan,nan,nan
csd,stim_0.14_to_0.64s,O2,0.19244644966295849,-0.5922892699155132,0.622769793137825,0.20166666666666666,nan,0.8422729736795715,nan,nan,nan
csd,stim_0.14_to_0.64s,CB2,0.6222539674441618,-0.6222539674441617,0.88,0.18083333333333335,nan,0.27879476525732916,nan,nan,nan
csd,late_1.14_to_2.64s,FP1,-0.1924464496629584,0.5922892699155132,0.6227697931378249,0.24416666666666667,nan,0.9191491627293445,nan,nan,nan
csd,late_1.14_to_2.64s,FPZ,0.0,0.622769793137825,0.622769793137825,0.2575,nan,1.0,nan,nan,nan
csd,late_1.14_to_2.64s,FP2,0.1924464496629584,0.5922892699155132,0.6227697931378249,0.23333333333333334,nan,0.7352904362210294,nan,nan,nan
csd,late_1.14_to_2.64s,AF3,-0.19572631237744492,0.46110229606836256,0.500923264379275,0.21083333333333334,nan,0.49975495649011364,nan,nan,nan
csd,late_1.14_to_2.64s,AF4,0.19572631237744492,0.46110229606836256,0.500923264379275,0.20083333333333334,nan,0.21345846503673288,nan,nan,nan
csd,late_1.14_to_2.64s,F7,-0.5038313462318709,0.36605489997964774,0.6227697931378249,0.1925,nan,0.3056074509898883,nan,nan,nan
csd,late_1.14_to_2.64s,F5,-0.38316449267044905,0.3330798118805041,0.5076979313782504,0.18583333333333332,nan,0.2514514855529716,nan,nan,nan
csd,late_1.14_to_2.64s,F3,-0.2555991277378157,0.31563863605626796,0.4061510343108748,0.17916666666666667,nan,0.24983461771124812,nan,nan,nan
csd,late_1.14_to_2.64s,F1,-0.12679132837194124,0.31381954998058037,0.3384652875855003,0.17583333333333334,nan,0.25593682980920746,nan,nan,nan
csd,late_1.14_to_2.64s,FZ,0.0,0.31139098889535044,0.31139098889535044,0.18166666666666667,nan,0.29226049947828464,nan,nan,nan
csd,late_1.14_to_2.64s,F2,0.12679132837194124,0.31381954998058037,0.3384652875855003,0.2025,nan,0.3514893420737365,nan,nan,nan
csd,late_1.14_to_2.64s,F4,0.2555991277378157,0.31563863605626796,0.4061510343108748,0.2,nan,0.2880278013329989,nan,nan,nan
csd,late_1.14_to_2.64s,F6,0.38316449267044905,0.3330798118805041,0.5076979313782504,0.20583333333333334,nan,0.27393875196497275,nan,nan,nan
csd,late_1.14_to_2.64s,F8,0.5038313462318709,0.36605489997964774,0.6227697931378249,0.2075,nan,0.3487920965902591,nan,nan,nan
csd,late_1.14_to_2.64s,FT7,-0.5922892699155132,0.19244644966295846,0.622769793137825,0.20083333333333334,nan,0.42955196450094424,nan,nan,nan
csd,late_1.14_to_2.64s,FC5,-0.4486894406361628,0.17223573916038115,0.4806114480352247,0.18916666666666668,nan,0.20888514001871047,nan,nan,nan
csd,late_1.14_to_2.64s,FC3,-0.2988471109399219,0.15889982751154078,0.33846528758550026,0.18166666666666667,nan,0.14923404902660745,nan,nan,nan
csd,late_1.14_to_2.64s,FC1,-0.15317259329874983,0.15317259329874983,0.21661875882695025,0.185,nan,0.29186064530495687,nan,nan,nan
csd,late_1.14_to_2.64s,FCz,0.0,0.15569549444767522,0.15569549444767522,0.19666666666666666,nan,0.3302698177918493,nan,nan,nan
csd,late_1.14_to_2.64s,FC2,0.15317259329874983,0.15317259329874983,0.21661875882695025,0.185,nan,0.3865511120504384,nan,nan,nan
csd,late_1.14_to_2.64s,FC4,0.2988471109399219,0.15889982751154078,0.33846528758550026,0.18166666666666667,nan,0.2837273098238823,nan,nan,nan
csd,late_1.14_to_2.64s,FC6,0.4486894406361628,0.17223573916038115,0.4806114480352247,0.20416666666666666,nan,0.2028523627333468,nan,nan,nan
csd,late_1.14_to_2.64s,FT8,0.5922892699155132,0.19244644966295846,0.622769793137825,0.205,nan,0.3245418274252682,nan,nan,nan
csd,late_1.14_to_2.64s,T7,-0.622769793137825,3.8133651688594835e-17,0.622769793137825,0.19083333333333333,nan,0.2048444786202348,nan,nan,nan
csd,late_1.14_to_2.64s,C5,-0.4670742986901498,2.860005224274434e-17,0.4670742986901498,0.21666666666666667,nan,0.14442356461189063,nan,nan,nan
csd,late_1.14_to_2.64s,C3,-0.31139098889535044,1.9067198891700998e-17,0.31139098889535044,0.19333333333333333,nan,0.22302745745207853,nan,nan,nan
csd,late_1.14_to_2.64s,C1,-0.15569549444767522,9.533599445850499e-18,0.15569549444767522,0.19833333333333333,nan,0.22465778319986007,nan,nan,nan
csd,late_1.14_to_2.64s,Cz,0.0,0.0,0.0,0.20666666666666667,nan,0.14661433166807247,nan,nan,nan
csd,late_1.14_to_2.64s,C2,0.15569549444767522,9.533599445850499e-18,0.15569549444767522,0.20666666666666667,nan,0.0764033204664929,nan,nan,nan
csd,late_1.14_to_2.64s,C4,0.31139098889535044,1.9067198891700998e-17,0.31139098889535044,0.17333333333333334,nan,0.19553955839668138,nan,nan,nan
csd,late_1.14_to_2.64s,C6,0.4670742986901498,2.860005224274434e-17,0.4670742986901498,0.22833333333333333,nan,0.3217335521206996,nan,nan,nan
csd,late_1.14_to_2.64s,T8,0.622769793137825,3.8133651688594835e-17,0.622769793137825,0.20333333333333334,nan,0.20125410967116739,nan,nan,nan
csd,late_1.14_to_2.64s,M1,0.8664628506549251,5.305554783173226e-17,0.8664628506549251,0.22666666666666666,nan,0.33212390104582074,nan,nan,nan
csd,late_1.14_to_2.64s,TP7,-0.5922892699155132,-0.19244644966295837,0.6227697931378249,0.20166666666666666,nan,0.290079584973463,nan,nan,nan
csd,late_1.14_to_2.64s,CP5,-0.4486894406361628,-0.17223573916038112,0.4806114480352247,0.21,nan,0.27771072497173216,nan,nan,nan
csd,late_1.14_to_2.64s,CP3,-0.2988471109399219,-0.15889982751154083,0.33846528758550026,0.21,nan,0.2796469381718488,nan,nan,nan
csd,late_1.14_to_2.64s,CP1,-0.15317259329874983,-0.1531725932987498,0.21661875882695023,0.19666666666666666,nan,0.31061216676160097,nan,nan,nan
csd,late_1.14_to_2.64s,CPZ,1.9067198891700998e-17,-0.15569549444767522,0.15569549444767522,0.2175,nan,0.327209963430877,nan,nan,nan
csd,late_1.14_to_2.64s,CP2,0.15317259329874983,-0.1531725932987498,0.21661875882695023,0.20416666666666666,nan,0.3673386602451747,nan,nan,nan
csd,late_1.14_to_2.64s,CP4,0.2988471109399219,-0.15889982751154083,0.33846528758550026,0.17416666666666666,nan,0.2934483251805519,nan,nan,nan
csd,late_1.14_to_2.64s,CP6,0.4486894406361628,-0.17223573916038112,0.4806114480352247,0.20666666666666667,nan,0.3560823234176409,nan,nan,nan
csd,late_1.14_to_2.64s,TP8,0.5922892699155132,-0.19244644966295837,0.6227697931378249,0.21916666666666668,nan,0.32491668701306164,nan,nan,nan
csd,late_1.14_to_2.64s,M2,-0.8664628506549251,5.305554783173226e-17,0.8664628506549251,0.2275,nan,0.5339848995696361,nan,nan,nan
csd,late_1.14_to_2.64s,P7,-0.5038313462318709,-0.3660548999796477,0.6227697931378249,0.185,nan,0.2158344882221479,nan,nan,nan
csd,late_1.14_to_2.64s,P5,-0.3831644926704491,-0.33307981188050406,0.5076979313782504,0.19166666666666668,nan,0.15691342900340044,nan,nan,nan
csd,late_1.14_to_2.64s,P3,-0.2555991277378157,-0.31563863605626796,0.4061510343108748,0.21583333333333332,nan,0.14564719341917304,nan,nan,nan
csd,late_1.14_to_2.64s,P1,-0.12679132837194132,-0.3138195499805803,0.33846528758550026,0.195,nan,0.23224944433984818,nan,nan,nan
csd,late_1.14_to_2.64s,PZ,3.8134397783401996e-17,-0.31139098889535044,0.31139098889535044,0.19083333333333333,nan,0.28094461149164934,nan,nan,nan
csd,late_1.14_to_2.64s,P2,0.12679132837194132,-0.3138195499805803,0.33846528758550026,0.2,nan,0.24350316400734312,nan,nan,nan
csd,late_1.14_to_2.64s,P4,0.2555991277378157,-0.31563863605626796,0.4061510343108748,0.1875,nan,0.14451218804326763,nan,nan,nan
csd,late_1.14_to_2.64s,P6,0.3831644926704491,-0.33307981188050406,0.5076979313782504,0.17583333333333334,nan,0.1324696228189271,nan,nan,nan
csd,late_1.14_to_2.64s,P8,0.5038313462318709,-0.3660548999796477,0.6227697931378249,0.20166666666666666,nan,0.27124538299504786,nan,nan,nan
csd,late_1.14_to_2.64s,PO7,-0.3660548999796478,-0.5038313462318709,0.622769793137825,0.1825,nan,0.15784275920395363,nan,nan,nan
csd,late_1.14_to_2.64s,PO5,-0.3202971422372838,-0.4408511957539812,0.5449220459139874,0.19,nan,0.2308192246487331,nan,nan,nan
csd,late_1.14_to_2.64s,PO3,-0.19572631237744492,-0.46110229606836256,0.500923264379275,0.1925,nan,0.24298203254061573,nan,nan,nan
csd,late_1.14_to_2.64s,POz,5.720010448548868e-17,-0.4670742986901498,0.4670742986901498,0.18916666666666668,nan,0.13080415369112397,nan,nan,nan
csd,late_1.14_to_2.64s,PO4,0.19572631237744492,-0.46110229606836256,0.500923264379275,0.19166666666666668,nan,0.25341243192767876,nan,nan,nan
csd,late_1.14_to_2.64s,PO6,0.3202971422372838,-0.4408511957539812,0.5449220459139874,0.19916666666666666,nan,0.30095656018086936,nan,nan,nan
csd,late_1.14_to_2.64s,PO8,0.3660548999796478,-0.5038313462318709,0.622769793137825,0.2125,nan,0.2874598483214173,nan,nan,nan
csd,late_1.14_to_2.64s,CB1,-0.6222539674441618,-0.6222539674441617,0.88,0.21,nan,0.15034423995612892,nan,nan,nan
csd,late_1.14_to_2.64s,O1,-0.19244644966295849,-0.5922892699155132,0.622769793137825,0.20583333333333334,nan,0.19006923086829067,nan,nan,nan
csd,late_1.14_to_2.64s,Oz,7.626730337718967e-17,-0.622769793137825,0.622769793137825,0.215,nan,0.2233977689145772,nan,nan,nan
csd,late_1.14_to_2.64s,O2,0.19244644966295849,-0.5922892699155132,0.622769793137825,0.19583333333333333,nan,0.36578209569620596,nan,nan,nan
csd,late_1.14_to_2.64s,CB2,0.6222539674441618,-0.6222539674441617,0.88,0.16333333333333333,nan,0.21079985429670983,nan,nan,nan
