reference,window,channel,x,y,dist_cz,row_acc,col_acc,pattern,row_p,col_p,row_null_mean
vertex,prestim_-0.50_to_0.00s,FP1,-0.1924464496629584,0.5922892699155132,0.6227697931378249,0.3016666666666667,0.17642857142857143,0.782921113329952,nan,nan,nan
vertex,prestim_-0.50_to_0.00s,FPZ,0.0,0.622769793137825,0.622769793137825,0.3314285714285714,0.1286904761904762,0.9975141708562465,nan,nan,nan
vertex,prestim_-0.50_to_0.00s,FP2,0.1924464496629584,0.5922892699155132,0.6227697931378249,0.3125,0.1580952380952381,0.7788597543497838,nan,nan,nan
vertex,prestim_-0.50_to_0.00s,AF3,-0.19572631237744492,0.46110229606836256,0.500923264379275,0.2839285714285714,0.19630952380952382,0.9583929462429323,nan,nan,nan
vertex,prestim_-0.50_to_0.00s,AF4,0.19572631237744492,0.46110229606836256,0.500923264379275,0.29273809523809524,0.17916666666666667,0.8977359476127487,nan,nan,nan
vertex,prestim_-0.50_to_0.00s,F7,-0.5038313462318709,0.36605489997964774,0.6227697931378249,0.22380952380952382,0.30773809523809526,0.26307353105733683,nan,nan,nan
vertex,prestim_-0.50_to_0.00s,F5,-0.38316449267044905,0.3330798118805041,0.5076979313782504,0.2236904761904762,0.28,0.30294348864944043,nan,nan,nan
vertex,prestim_-0.50_to_0.00s,F3,-0.2555991277378157,0.31563863605626796,0.4061510343108748,0.24702380952380953,0.2307142857142857,0.4457773988705681,nan,nan,nan
vertex,prestim_-0.50_to_0.00s,F1,-0.12679132837194124,0.31381954998058037,0.3384652875855003,0.27440476190476193,0.17702380952380953,0.5988999270927183,nan,nan,nan
vertex,prestim_-0.50_to_0.00s,FZ,0.0,0.31139098889535044,0.31139098889535044,0.29488095238095235,0.13154761904761905,1.0,nan,nan,nan
vertex,prestim_-0.50_to_0.00s,F2,0.12679132837194124,0.31381954998058037,0.3384652875855003,0.2825,0.15904761904761905,0.7362676527313444,nan,nan,nan
vertex,prestim_-0.50_to_0.00s,F4,0.2555991277378157,0.31563863605626796,0.4061510343108748,0.251547619047619,0.2179761904761905,0.5033960603072598,nan,nan,nan
vertex,prestim_-0.50_to_0.00s,F6,0.38316449267044905,0.3330798118805041,0.5076979313782504,0.23238095238095238,0.2720238095238095,0.320521075048109,nan,nan,nan
vertex,prestim_-0.50_to_0.00s,F8,0.5038313462318709,0.36605489997964774,0.6227697931378249,0.22142857142857142,0.30988095238095237,0.2657515843185913,nan,nan,nan
vertex,prestim_-0.50_to_0.00s,FT7,-0.5922892699155132,0.19244644966295846,0.622769793137825,0.22702380952380952,0.2835714285714286,0.2120148448768825,nan,nan,nan
vertex,prestim_-0.50_to_0.00s,FC5,-0.4486894406361628,0.17223573916038115,0.4806114480352247,0.21880952380952381,0.28476190476190477,0.1853878898014976,nan,nan,nan
vertex,prestim_-0.50_to_0.00s,FC3,-0.2988471109399219,0.15889982751154078,0.33846528758550026,0.23642857142857143,0.24071428571428571,0.40082363036373386,nan,nan,nan
vertex,prestim_-0.50_to_0.00s,FC1,-0.15317259329874983,0.15317259329874983,0.21661875882695025,0.2480952380952381,0.1992857142857143,0.40972655552372506,nan,nan,nan
vertex,prestim_-0.50_to_0.00s,FCz,0.0,0.15569549444767522,0.15569549444767522,0.2727380952380952,0.13488095238095238,0.7162161868762399,nan,nan,nan
vertex,prestim_-0.50_to_0.00s,FC2,0.15317259329874983,0.15317259329874983,0.21661875882695025,0.25333333333333335,0.18357142857142858,0.3863465200002986,nan,nan,nan
vertex,prestim_-0.50_to_0.00s,FC4,0.2988471109399219,0.15889982751154078,0.33846528758550026,0.23511904761904762,0.22976190476190475,0.18734152367113377,nan,nan,nan
vertex,prestim_-0.50_to_0.00s,FC6,0.4486894406361628,0.17223573916038115,0.4806114480352247,0.2205952380952381,0.2978571428571429,0.23391684525048748,nan,nan,nan
vertex,prestim_-0.50_to_0.00s,FT8,0.5922892699155132,0.19244644966295846,0.622769793137825,0.23035714285714284,0.3117857142857143,0.4151844471820525,nan,nan,nan
vertex,prestim_-0.50_to_0.00s,T7,-0.622769793137825,3.8133651688594835e-17,0.622769793137825,0.2448809523809524,0.265,0.32898419905527737,nan,nan,nan
vertex,prestim_-0.50_to_0.00s,C5,-0.4670742986901498,2.860005224274434e-17,0.4670742986901498,0.2211904761904762,0.2679761904761905,0.16716728224683827,nan,nan,nan
vertex,prestim_-0.50_to_0.00s,C3,-0.31139098889535044,1.9067198891700998e-17,0.31139098889535044,0.22345238095238096,0.2642857142857143,0.19573496273212979,nan,nan,nan
vertex,prestim_-0.50_to_0.00s,C1,-0.15569549444767522,9.533599445850499e-18,0.15569549444767522,0.2373809523809524,0.2301190476190476,0.2447140725770843,nan,nan,nan
vertex,prestim_-0.50_to_0.00s,Cz,0.0,0.0,0.0,0.23202380952380952,0.1294047619047619,0.35060877077975816,nan,nan,nan
vertex,prestim_-0.50_to_0.00s,C2,0.15569549444767522,9.533599445850499e-18,0.15569549444767522,0.23297619047619048,0.23357142857142857,0.2544181416798231,nan,nan,nan
vertex,prestim_-0.50_to_0.00s,C4,0.31139098889535044,1.9067198891700998e-17,0.31139098889535044,0.21071428571428572,0.2702380952380952,0.20273134121779993,nan,nan,nan
vertex,prestim_-0.50_to_0.00s,C6,0.4670742986901498,2.860005224274434e-17,0.4670742986901498,0.22714285714285715,0.2894047619047619,0.3270126062099724,nan,nan,nan
vertex,prestim_-0.50_to_0.00s,T8,0.622769793137825,3.8133651688594835e-17,0.622769793137825,0.23476190476190475,0.2851190476190476,0.543087703726441,nan,nan,nan
vertex,prestim_-0.50_to_0.00s,M1,0.8664628506549251,5.305554783173226e-17,0.8664628506549251,0.3132142857142857,0.17964285714285713,0.9429436387129347,nan,nan,nan
vertex,prestim_-0.50_to_0.00s,TP7,-0.5922892699155132,-0.19244644966295837,0.6227697931378249,0.25166666666666665,0.22714285714285715,0.43193517626683137,nan,nan,nan
vertex,prestim_-0.50_to_0.00s,CP5,-0.4486894406361628,-0.17223573916038112,0.4806114480352247,0.2419047619047619,0.2357142857142857,0.26076778767539166,nan,nan,nan
vertex,prestim_-0.50_to_0.00s,CP3,-0.2988471109399219,-0.15889982751154083,0.33846528758550026,0.23166666666666666,0.2288095238095238,0.268724943912606,nan,nan,nan
vertex,prestim_-0.50_to_0.00s,CP1,-0.15317259329874983,-0.1531725932987498,0.21661875882695023,0.22595238095238096,0.21261904761904762,0.27958065427373635,nan,nan,nan
vertex,prestim_-0.50_to_0.00s,CPZ,1.9067198891700998e-17,-0.15569549444767522,0.15569549444767522,0.22547619047619047,0.1319047619047619,0.2854040790969846,nan,nan,nan
vertex,prestim_-0.50_to_0.00s,CP2,0.15317259329874983,-0.1531725932987498,0.21661875882695023,0.22607142857142856,0.22380952380952382,0.2716246230128605,nan,nan,nan
vertex,prestim_-0.50_to_0.00s,CP4,0.2988471109399219,-0.15889982751154083,0.33846528758550026,0.23345238095238094,0.23976190476190476,0.3271535466769828,nan,nan,nan
vertex,prestim_-0.50_to_0.00s,CP6,0.4486894406361628,-0.17223573916038112,0.4806114480352247,0.24166666666666667,0.24583333333333332,0.4132745494460796,nan,nan,nan
vertex,prestim_-0.50_to_0.00s,TP8,0.5922892699155132,-0.19244644966295837,0.6227697931378249,0.25642857142857145,0.24297619047619048,0.5930200491650548,nan,nan,nan
vertex,prestim_-0.50_to_0.00s,M2,-0.8664628506549251,5.305554783173226e-17,0.8664628506549251,0.31452380952380954,0.1825,0.9702113052721989,nan,nan,nan
vertex,prestim_-0.50_to_0.00s,P7,-0.5038313462318709,-0.3660548999796477,0.6227697931378249,0.275,0.18035714285714285,0.4851045206014313,nan,nan,nan
vertex,prestim_-0.50_to_0.00s,P5,-0.3831644926704491,-0.33307981188050406,0.5076979313782504,0.25523809523809526,0.18333333333333332,0.3652796675470717,nan,nan,nan
vertex,prestim_-0.50_to_0.00s,P3,-0.2555991277378157,-0.31563863605626796,0.4061510343108748,0.25214285714285717,0.18535714285714286,0.43332745483218293,nan,nan,nan
vertex,prestim_-0.50_to_0.00s,P1,-0.12679132837194132,-0.3138195499805803,0.33846528758550026,0.23952380952380953,0.16273809523809524,0.4119787851651456,nan,nan,nan
vertex,prestim_-0.50_to_0.00s,PZ,3.8134397783401996e-17,-0.31139098889535044,0.31139098889535044,0.2530952380952381,0.14833333333333334,0.32109593031429695,nan,nan,nan
vertex,prestim_-0.50_to_0.00s,P2,0.12679132837194132,-0.3138195499805803,0.33846528758550026,0.25333333333333335,0.17392857142857143,0.421837748633145,nan,nan,nan
vertex,prestim_-0.50_to_0.00s,P4,0.2555991277378157,-0.31563863605626796,0.4061510343108748,0.25166666666666665,0.19,0.41340943943514924,nan,nan,nan
vertex,prestim_-0.50_to_0.00s,P6,0.3831644926704491,-0.33307981188050406,0.5076979313782504,0.25726190476190475,0.19952380952380952,0.4535650849377888,nan,nan,nan
vertex,prestim_-0.50_to_0.00s,P8,0.5038313462318709,-0.3660548999796477,0.6227697931378249,0.27166666666666667,0.20023809523809524,0.528510311854281,nan,nan,nan
vertex,prestim_-0.50_to_0.00s,PO7,-0.3660548999796478,-0.5038313462318709,0.622769793137825,0.2720238095238095,0.16285714285714287,0.5787860544747337,nan,nan,nan
vertex,prestim_-0.50_to_0.00s,PO5,-0.3202971422372838,-0.4408511957539812,0.5449220459139874,0.2698809523809524,0.16166666666666665,0.6027036471064816,nan,nan,nan
vertex,prestim_-0.50_to_0.00s,PO3,-0.19572631237744492,-0.46110229606836256,0.500923264379275,0.2625,0.1529761904761905,0.5952633245866548,nan,nan,nan
vertex,prestim_-0.50_to_0.00s,POz,5.720010448548868e-17,-0.4670742986901498,0.4670742986901498,0.2625,0.14214285714285715,0.48859184752343515,nan,nan,nan
vertex,prestim_-0.50_to_0.00s,PO4,0.19572631237744492,-0.46110229606836256,0.500923264379275,0.2604761904761905,0.15857142857142856,0.5344873175077328,nan,nan,nan
vertex,prestim_-0.50_to_0.00s,PO6,0.3202971422372838,-0.4408511957539812,0.5449220459139874,0.2669047619047619,0.16238095238095238,0.4712187413966634,nan,nan,nan
vertex,prestim_-0.50_to_0.00s,PO8,0.3660548999796478,-0.5038313462318709,0.622769793137825,0.27071428571428574,0.16797619047619047,0.4678698754297821,nan,nan,nan
vertex,prestim_-0.50_to_0.00s,CB1,-0.6222539674441618,-0.6222539674441617,0.88,0.2892857142857143,0.13964285714285715,0.5958443741983963,nan,nan,nan
vertex,prestim_-0.50_to_0.00s,O1,-0.19244644966295849,-0.5922892699155132,0.622769793137825,0.2810714285714286,0.14273809523809525,0.5800202321366507,nan,nan,nan
vertex,prestim_-0.50_to_0.00s,Oz,7.626730337718967e-17,-0.622769793137825,0.622769793137825,0.2798809523809524,0.13607142857142857,0.5914370814999289,nan,nan,nan
vertex,prestim_-0.50_to_0.00s,O2,0.19244644966295849,-0.5922892699155132,0.622769793137825,0.2783333333333333,0.14797619047619048,0.596685372592443,nan,nan,nan
vertex,prestim_-0.50_to_0.00s,CB2,0.6222539674441618,-0.6222539674441617,0.88,0.2905952380952381,0.14761904761904762,0.672742109497306,nan,nan,nan
vertex,prestimTRIM_-0.50_to_-0.10s,FP1,-0.1924464496629584,0.5922892699155132,0.6227697931378249,0.3011904761904762,0.1744047619047619,0.8041508923671081,nan,nan,nan
vertex,prestimTRIM_-0.50_to_-0.10s,FPZ,0.0,0.622769793137825,0.622769793137825,0.32011904761904764,0.1270238095238095,1.0,nan,nan,nan
vertex,prestimTRIM_-0.50_to_-0.10s,FP2,0.1924464496629584,0.5922892699155132,0.6227697931378249,0.30714285714285716,0.15928571428571428,0.785593685382179,nan,nan,nan
vertex,prestimTRIM_-0.50_to_-0.10s,AF3,-0.19572631237744492,0.46110229606836256,0.500923264379275,0.28035714285714286,0.1944047619047619,0.9812151596433715,nan,nan,nan
vertex,prestimTRIM_-0.50_to_-0.10s,AF4,0.19572631237744492,0.46110229606836256,0.500923264379275,0.2875,0.18,0.8811176568833686,nan,nan,nan
vertex,prestimTRIM_-0.50_to_-0.10s,F7,-0.5038313462318709,0.36605489997964774,0.6227697931378249,0.21785714285714286,0.3138095238095238,0.35430992079857193,nan,nan,nan
vertex,prestimTRIM_-0.50_to_-0.10s,F5,-0.38316449267044905,0.3330798118805041,0.5076979313782504,0.22285714285714286,0.2844047619047619,0.36598435431005905,nan,nan,nan
vertex,prestimTRIM_-0.50_to_-0.10s,F3,-0.2555991277378157,0.31563863605626796,0.4061510343108748,0.24369047619047618,0.2317857142857143,0.47431010773685944,nan,nan,nan
vertex,prestimTRIM_-0.50_to_-0.10s,F1,-0.12679132837194124,0.31381954998058037,0.3384652875855003,0.2719047619047619,0.18178571428571427,0.6044347260217651,nan,nan,nan
vertex,prestimTRIM_-0.50_to_-0.10s,FZ,0.0,0.31139098889535044,0.31139098889535044,0.2872619047619048,0.13154761904761905,0.995378213888999,nan,nan,nan
vertex,prestimTRIM_-0.50_to_-0.10s,F2,0.12679132837194124,0.31381954998058037,0.3384652875855003,0.27666666666666667,0.1605952380952381,0.7169794116285811,nan,nan,nan
vertex,prestimTRIM_-0.50_to_-0.10s,F4,0.2555991277378157,0.31563863605626796,0.4061510343108748,0.2479761904761905,0.21821428571428572,0.4844508549752678,nan,nan,nan
vertex,prestimTRIM_-0.50_to_-0.10s,F6,0.38316449267044905,0.3330798118805041,0.5076979313782504,0.22916666666666666,0.2698809523809524,0.33531792925308196,nan,nan,nan
vertex,prestimTRIM_-0.50_to_-0.10s,F8,0.5038313462318709,0.36605489997964774,0.6227697931378249,0.21880952380952381,0.31214285714285717,0.3309313829032861,nan,nan,nan
vertex,prestimTRIM_-0.50_to_-0.10s,FT7,-0.5922892699155132,0.19244644966295846,0.622769793137825,0.22845238095238096,0.28404761904761905,0.23979164261878644,nan,nan,nan
vertex,prestimTRIM_-0.50_to_-0.10s,FC5,-0.4486894406361628,0.17223573916038115,0.4806114480352247,0.21880952380952381,0.2842857142857143,0.24814361569253157,nan,nan,nan
vertex,prestimTRIM_-0.50_to_-0.10s,FC3,-0.2988471109399219,0.15889982751154078,0.33846528758550026,0.22952380952380952,0.24214285714285713,0.45540912858926313,nan,nan,nan
vertex,prestimTRIM_-0.50_to_-0.10s,FC1,-0.15317259329874983,0.15317259329874983,0.21661875882695025,0.24535714285714286,0.1976190476190476,0.43044885842891795,nan,nan,nan
vertex,prestimTRIM_-0.50_to_-0.10s,FCz,0.0,0.15569549444767522,0.15569549444767522,0.2717857142857143,0.13297619047619047,0.6927249484312329,nan,nan,nan
vertex,prestimTRIM_-0.50_to_-0.10s,FC2,0.15317259329874983,0.15317259329874983,0.21661875882695025,0.24714285714285714,0.18464285714285714,0.37326249519181387,nan,nan,nan
vertex,prestimTRIM_-0.50_to_-0.10s,FC4,0.2988471109399219,0.15889982751154078,0.33846528758550026,0.22595238095238096,0.23,0.1797489087095953,nan,nan,nan
vertex,prestimTRIM_-0.50_to_-0.10s,FC6,0.4486894406361628,0.17223573916038115,0.4806114480352247,0.2130952380952381,0.2963095238095238,0.2854400886384105,nan,nan,nan
vertex,prestimTRIM_-0.50_to_-0.10s,FT8,0.5922892699155132,0.19244644966295846,0.622769793137825,0.22904761904761906,0.31273809523809526,0.4810804987298806,nan,nan,nan
vertex,prestimTRIM_-0.50_to_-0.10s,T7,-0.622769793137825,3.8133651688594835e-17,0.622769793137825,0.24571428571428572,0.26666666666666666,0.33483747424599375,nan,nan,nan
vertex,prestimTRIM_-0.50_to_-0.10s,C5,-0.4670742986901498,2.860005224274434e-17,0.4670742986901498,0.22142857142857142,0.2717857142857143,0.18568976916998156,nan,nan,nan
vertex,prestimTRIM_-0.50_to_-0.10s,C3,-0.31139098889535044,1.9067198891700998e-17,0.31139098889535044,0.22404761904761905,0.26154761904761903,0.2570204369488099,nan,nan,nan
vertex,prestimTRIM_-0.50_to_-0.10s,C1,-0.15569549444767522,9.533599445850499e-18,0.15569549444767522,0.23357142857142857,0.23285714285714285,0.28634128283960586,nan,nan,nan
vertex,prestimTRIM_-0.50_to_-0.10s,Cz,0.0,0.0,0.0,0.23142857142857143,0.12595238095238095,0.3410201178975636,nan,nan,nan
vertex,prestimTRIM_-0.50_to_-0.10s,C2,0.15569549444767522,9.533599445850499e-18,0.15569549444767522,0.23285714285714285,0.2332142857142857,0.2915128215140624,nan,nan,nan
vertex,prestimTRIM_-0.50_to_-0.10s,C4,0.31139098889535044,1.9067198891700998e-17,0.31139098889535044,0.21452380952380953,0.2679761904761905,0.23529432536480424,nan,nan,nan
vertex,prestimTRIM_-0.50_to_-0.10s,C6,0.4670742986901498,2.860005224274434e-17,0.4670742986901498,0.22726190476190475,0.2910714285714286,0.37199208517941795,nan,nan,nan
vertex,prestimTRIM_-0.50_to_-0.10s,T8,0.622769793137825,3.8133651688594835e-17,0.622769793137825,0.23357142857142857,0.2876190476190476,0.5848855479971813,nan,nan,nan
vertex,prestimTRIM_-0.50_to_-0.10s,M1,0.8664628506549251,5.305554783173226e-17,0.8664628506549251,0.3136904761904762,0.18392857142857144,0.936809525846914,nan,nan,nan
vertex,prestimTRIM_-0.50_to_-0.10s,TP7,-0.5922892699155132,-0.19244644966295837,0.6227697931378249,0.25583333333333336,0.22428571428571428,0.4376910540739253,nan,nan,nan
vertex,prestimTRIM_-0.50_to_-0.10s,CP5,-0.4486894406361628,-0.17223573916038112,0.4806114480352247,0.24702380952380953,0.2388095238095238,0.26869392921032853,nan,nan,nan
vertex,prestimTRIM_-0.50_to_-0.10s,CP3,-0.2988471109399219,-0.15889982751154083,0.33846528758550026,0.22988095238095238,0.22476190476190477,0.2899515205227966,nan,nan,nan
vertex,prestimTRIM_-0.50_to_-0.10s,CP1,-0.15317259329874983,-0.1531725932987498,0.21661875882695023,0.22714285714285715,0.21,0.25486044631819,nan,nan,nan
vertex,prestimTRIM_-0.50_to_-0.10s,CPZ,1.9067198891700998e-17,-0.15569549444767522,0.15569549444767522,0.21833333333333332,0.12761904761904763,0.2424276479761345,nan,nan,nan
vertex,prestimTRIM_-0.50_to_-0.10s,CP2,0.15317259329874983,-0.1531725932987498,0.21661875882695023,0.2226190476190476,0.21714285714285714,0.29215416484929485,nan,nan,nan
vertex,prestimTRIM_-0.50_to_-0.10s,CP4,0.2988471109399219,-0.15889982751154083,0.33846528758550026,0.23107142857142857,0.2342857142857143,0.34960717473629344,nan,nan,nan
vertex,prestimTRIM_-0.50_to_-0.10s,CP6,0.4486894406361628,-0.17223573916038112,0.4806114480352247,0.24154761904761904,0.24571428571428572,0.44158902223888385,nan,nan,nan
vertex,prestimTRIM_-0.50_to_-0.10s,TP8,0.5922892699155132,-0.19244644966295837,0.6227697931378249,0.25083333333333335,0.23642857142857143,0.6395293570880048,nan,nan,nan
vertex,prestimTRIM_-0.50_to_-0.10s,M2,-0.8664628506549251,5.305554783173226e-17,0.8664628506549251,0.31166666666666665,0.18476190476190477,0.9902235835090414,nan,nan,nan
vertex,prestimTRIM_-0.50_to_-0.10s,P7,-0.5038313462318709,-0.3660548999796477,0.6227697931378249,0.27,0.17547619047619048,0.49060709983082645,nan,nan,nan
vertex,prestimTRIM_-0.50_to_-0.10s,P5,-0.3831644926704491,-0.33307981188050406,0.5076979313782504,0.25642857142857145,0.18023809523809523,0.37694525923080074,nan,nan,nan
vertex,prestimTRIM_-0.50_to_-0.10s,P3,-0.2555991277378157,-0.31563863605626796,0.4061510343108748,0.25047619047619046,0.1792857142857143,0.43930701276581136,nan,nan,nan
vertex,prestimTRIM_-0.50_to_-0.10s,P1,-0.12679132837194132,-0.3138195499805803,0.33846528758550026,0.23892857142857143,0.15333333333333332,0.3929678157681787,nan,nan,nan
vertex,prestimTRIM_-0.50_to_-0.10s,PZ,3.8134397783401996e-17,-0.31139098889535044,0.31139098889535044,0.2525,0.13702380952380952,0.29233022350252125,nan,nan,nan
vertex,prestimTRIM_-0.50_to_-0.10s,P2,0.12679132837194132,-0.3138195499805803,0.33846528758550026,0.24976190476190477,0.1719047619047619,0.4186217247042752,nan,nan,nan
vertex,prestimTRIM_-0.50_to_-0.10s,P4,0.2555991277378157,-0.31563863605626796,0.4061510343108748,0.25273809523809526,0.19095238095238096,0.42989729836612467,nan,nan,nan
vertex,prestimTRIM_-0.50_to_-0.10s,P6,0.3831644926704491,-0.33307981188050406,0.5076979313782504,0.25761904761904764,0.19666666666666666,0.482684924190028,nan,nan,nan
vertex,prestimTRIM_-0.50_to_-0.10s,P8,0.5038313462318709,-0.3660548999796477,0.6227697931378249,0.2751190476190476,0.1944047619047619,0.5579434978798178,nan,nan,nan
vertex,prestimTRIM_-0.50_to_-0.10s,PO7,-0.3660548999796478,-0.5038313462318709,0.622769793137825,0.2717857142857143,0.15488095238095237,0.59244149956469,nan,nan,nan
vertex,prestimTRIM_-0.50_to_-0.10s,PO5,-0.3202971422372838,-0.4408511957539812,0.5449220459139874,0.2683333333333333,0.15595238095238095,0.6147613072797306,nan,nan,nan
vertex,prestimTRIM_-0.50_to_-0.10s,PO3,-0.19572631237744492,-0.46110229606836256,0.500923264379275,0.26107142857142857,0.14785714285714285,0.604085497873041,nan,nan,nan
vertex,prestimTRIM_-0.50_to_-0.10s,POz,5.720010448548868e-17,-0.4670742986901498,0.4670742986901498,0.26011904761904764,0.135,0.4854878627227237,nan,nan,nan
vertex,prestimTRIM_-0.50_to_-0.10s,PO4,0.19572631237744492,-0.46110229606836256,0.500923264379275,0.2652380952380952,0.14869047619047618,0.5442091498674307,nan,nan,nan
vertex,prestimTRIM_-0.50_to_-0.10s,PO6,0.3202971422372838,-0.4408511957539812,0.5449220459139874,0.26654761904761903,0.15630952380952381,0.4903946274904155,nan,nan,nan
vertex,prestimTRIM_-0.50_to_-0.10s,PO8,0.3660548999796478,-0.5038313462318709,0.622769793137825,0.27226190476190476,0.1632142857142857,0.49214035819560964,nan,nan,nan
vertex,prestimTRIM_-0.50_to_-0.10s,CB1,-0.6222539674441618,-0.6222539674441617,0.88,0.2889285714285714,0.1286904761904762,0.6101363827316265,nan,nan,nan
vertex,prestimTRIM_-0.50_to_-0.10s,O1,-0.19244644966295849,-0.5922892699155132,0.622769793137825,0.2770238095238095,0.13797619047619047,0.5897551099788771,nan,nan,nan
vertex,prestimTRIM_-0.50_to_-0.10s,Oz,7.626730337718967e-17,-0.622769793137825,0.622769793137825,0.2792857142857143,0.12857142857142856,0.5910364473552636,nan,nan,nan
vertex,prestimTRIM_-0.50_to_-0.10s,O2,0.19244644966295849,-0.5922892699155132,0.622769793137825,0.2791666666666667,0.14404761904761904,0.6094390914980554,nan,nan,nan
vertex,prestimTRIM_-0.50_to_-0.10s,CB2,0.6222539674441618,-0.6222539674441617,0.88,0.2895238095238095,0.1367857142857143,0.6945737715021927,nan,nan,nan
vertex,stim_0.14_to_0.64s,FP1,-0.1924464496629584,0.5922892699155132,0.6227697931378249,0.25821428571428573,nan,0.23613631572253244,nan,nan,nan
vertex,stim_0.14_to_0.64s,FPZ,0.0,0.622769793137825,0.622769793137825,0.2714285714285714,nan,0.33109927240996245,nan,nan,nan
vertex,stim_0.14_to_0.64s,FP2,0.1924464496629584,0.5922892699155132,0.6227697931378249,0.2661904761904762,nan,0.27203004284902343,nan,nan,nan
vertex,stim_0.14_to_0.64s,AF3,-0.19572631237744492,0.46110229606836256,0.500923264379275,0.24571428571428572,nan,0.32099933982588164,nan,nan,nan
vertex,stim_0.14_to_0.64s,AF4,0.19572631237744492,0.46110229606836256,0.500923264379275,0.25107142857142856,nan,0.3578779499264669,nan,nan,nan
vertex,stim_0.14_to_0.64s,F7,-0.5038313462318709,0.36605489997964774,0.6227697931378249,0.2138095238095238,nan,0.4784109297833449,nan,nan,nan
vertex,stim_0.14_to_0.64s,F5,-0.38316449267044905,0.3330798118805041,0.5076979313782504,0.2144047619047619,nan,0.42652306348529195,nan,nan,nan
vertex,stim_0.14_to_0.64s,F3,-0.2555991277378157,0.31563863605626796,0.4061510343108748,0.22845238095238096,nan,0.35627717583298624,nan,nan,nan
vertex,stim_0.14_to_0.64s,F1,-0.12679132837194124,0.31381954998058037,0.3384652875855003,0.23726190476190476,nan,0.39376475979627656,nan,nan,nan
vertex,stim_0.14_to_0.64s,FZ,0.0,0.31139098889535044,0.31139098889535044,0.24726190476190477,nan,0.4453684538940944,nan,nan,nan
vertex,stim_0.14_to_0.64s,F2,0.12679132837194124,0.31381954998058037,0.3384652875855003,0.2392857142857143,nan,0.5081928961642386,nan,nan,nan
vertex,stim_0.14_to_0.64s,F4,0.2555991277378157,0.31563863605626796,0.4061510343108748,0.23345238095238094,nan,0.3492305431953567,nan,nan,nan
vertex,stim_0.14_to_0.64s,F6,0.38316449267044905,0.3330798118805041,0.5076979313782504,0.21535714285714286,nan,0.3272996915292057,nan,nan,nan
vertex,stim_0.14_to_0.64s,F8,0.5038313462318709,0.36605489997964774,0.6227697931378249,0.2230952380952381,nan,0.33348545415778896,nan,nan,nan
vertex,stim_0.14_to_0.64s,FT7,-0.5922892699155132,0.19244644966295846,0.622769793137825,0.2175,nan,0.4386859413757568,nan,nan,nan
vertex,stim_0.14_to_0.64s,FC5,-0.4486894406361628,0.17223573916038115,0.4806114480352247,0.21595238095238095,nan,0.484692207219977,nan,nan,nan
vertex,stim_0.14_to_0.64s,FC3,-0.2988471109399219,0.15889982751154078,0.33846528758550026,0.22154761904761905,nan,0.48231899590953164,nan,nan,nan
vertex,stim_0.14_to_0.64s,FC1,-0.15317259329874983,0.15317259329874983,0.21661875882695025,0.22857142857142856,nan,0.47722356446323844,nan,nan,nan
vertex,stim_0.14_to_0.64s,FCz,0.0,0.15569549444767522,0.15569549444767522,0.2330952380952381,nan,0.48232914579779407,nan,nan,nan
vertex,stim_0.14_to_0.64s,FC2,0.15317259329874983,0.15317259329874983,0.21661875882695025,0.22654761904761905,nan,0.4880024246440898,nan,nan,nan
vertex,stim_0.14_to_0.64s,FC4,0.2988471109399219,0.15889982751154078,0.33846528758550026,0.21047619047619048,nan,0.38173136959923265,nan,nan,nan
vertex,stim_0.14_to_0.64s,FC6,0.4486894406361628,0.17223573916038115,0.4806114480352247,0.20833333333333334,nan,0.33449110568681883,nan,nan,nan
vertex,stim_0.14_to_0.64s,FT8,0.5922892699155132,0.19244644966295846,0.622769793137825,0.2255952380952381,nan,0.3788835436997607,nan,nan,nan
vertex,stim_0.14_to_0.64s,T7,-0.622769793137825,3.8133651688594835e-17,0.622769793137825,0.23583333333333334,nan,0.4606465953856225,nan,nan,nan
vertex,stim_0.14_to_0.64s,C5,-0.4670742986901498,2.860005224274434e-17,0.4670742986901498,0.2230952380952381,nan,0.4042381456732524,nan,nan,nan
vertex,stim_0.14_to_0.64s,C3,-0.31139098889535044,1.9067198891700998e-17,0.31139098889535044,0.21345238095238095,nan,0.6115377082131336,nan,nan,nan
vertex,stim_0.14_to_0.64s,C1,-0.15569549444767522,9.533599445850499e-18,0.15569549444767522,0.21833333333333332,nan,0.7412072493620979,nan,nan,nan
vertex,stim_0.14_to_0.64s,Cz,0.0,0.0,0.0,0.225,nan,0.2937462142443418,nan,nan,nan
vertex,stim_0.14_to_0.64s,C2,0.15569549444767522,9.533599445850499e-18,0.15569549444767522,0.2154761904761905,nan,0.49110784314017286,nan,nan,nan
vertex,stim_0.14_to_0.64s,C4,0.31139098889535044,1.9067198891700998e-17,0.31139098889535044,0.19273809523809524,nan,0.4061333962631689,nan,nan,nan
vertex,stim_0.14_to_0.64s,C6,0.4670742986901498,2.860005224274434e-17,0.4670742986901498,0.2286904761904762,nan,0.28232656799187483,nan,nan,nan
vertex,stim_0.14_to_0.64s,T8,0.622769793137825,3.8133651688594835e-17,0.622769793137825,0.23452380952380952,nan,0.4704398440689363,nan,nan,nan
vertex,stim_0.14_to_0.64s,M1,0.8664628506549251,5.305554783173226e-17,0.8664628506549251,0.2761904761904762,nan,1.0,nan,nan,nan
vertex,stim_0.14_to_0.64s,TP7,-0.5922892699155132,-0.19244644966295837,0.6227697931378249,0.24035714285714285,nan,0.5487159953674674,nan,nan,nan
vertex,stim_0.14_to_0.64s,CP5,-0.4486894406361628,-0.17223573916038112,0.4806114480352247,0.22988095238095238,nan,0.5099078643354222,nan,nan,nan
vertex,stim_0.14_to_0.64s,CP3,-0.2988471109399219,-0.15889982751154083,0.33846528758550026,0.2275,nan,0.6635915004207404,nan,nan,nan
vertex,stim_0.14_to_0.64s,CP1,-0.15317259329874983,-0.1531725932987498,0.21661875882695023,0.22642857142857142,nan,0.8153381838060042,nan,nan,nan
vertex,stim_0.14_to_0.64s,CPZ,1.9067198891700998e-17,-0.15569549444767522,0.15569549444767522,0.2180952380952381,nan,0.46387911854806413,nan,nan,nan
vertex,stim_0.14_to_0.64s,CP2,0.15317259329874983,-0.1531725932987498,0.21661875882695023,0.22690476190476191,nan,0.4287976944387053,nan,nan,nan
vertex,stim_0.14_to_0.64s,CP4,0.2988471109399219,-0.15889982751154083,0.33846528758550026,0.22154761904761905,nan,0.5350187419853505,nan,nan,nan
vertex,stim_0.14_to_0.64s,CP6,0.4486894406361628,-0.17223573916038112,0.4806114480352247,0.2375,nan,0.5058105987831408,nan,nan,nan
vertex,stim_0.14_to_0.64s,TP8,0.5922892699155132,-0.19244644966295837,0.6227697931378249,0.24535714285714286,nan,0.5149103189067961,nan,nan,nan
vertex,stim_0.14_to_0.64s,M2,-0.8664628506549251,5.305554783173226e-17,0.8664628506549251,0.2714285714285714,nan,0.8916216412154162,nan,nan,nan
vertex,stim_0.14_to_0.64s,P7,-0.5038313462318709,-0.3660548999796477,0.6227697931378249,0.25226190476190474,nan,0.6178681420368703,nan,nan,nan
vertex,stim_0.14_to_0.64s,P5,-0.3831644926704491,-0.33307981188050406,0.5076979313782504,0.2444047619047619,nan,0.5596602697517452,nan,nan,nan
vertex,stim_0.14_to_0.64s,P3,-0.2555991277378157,-0.31563863605626796,0.4061510343108748,0.2479761904761905,nan,0.7537169333876952,nan,nan,nan
vertex,stim_0.14_to_0.64s,P1,-0.12679132837194132,-0.3138195499805803,0.33846528758550026,0.2480952380952381,nan,0.7617069373380517,nan,nan,nan
vertex,stim_0.14_to_0.64s,PZ,3.8134397783401996e-17,-0.31139098889535044,0.31139098889535044,0.25523809523809526,nan,0.803249205291905,nan,nan,nan
vertex,stim_0.14_to_0.64s,P2,0.12679132837194132,-0.3138195499805803,0.33846528758550026,0.2480952380952381,nan,0.6523797146758623,nan,nan,nan
vertex,stim_0.14_to_0.64s,P4,0.2555991277378157,-0.31563863605626796,0.4061510343108748,0.24059523809523808,nan,0.5849912549093333,nan,nan,nan
vertex,stim_0.14_to_0.64s,P6,0.3831644926704491,-0.33307981188050406,0.5076979313782504,0.2423809523809524,nan,0.5047011776990741,nan,nan,nan
vertex,stim_0.14_to_0.64s,P8,0.5038313462318709,-0.3660548999796477,0.6227697931378249,0.25083333333333335,nan,0.5143613458880191,nan,nan,nan
vertex,stim_0.14_to_0.64s,PO7,-0.3660548999796478,-0.5038313462318709,0.622769793137825,0.2530952380952381,nan,0.6727736016598131,nan,nan,nan
vertex,stim_0.14_to_0.64s,PO5,-0.3202971422372838,-0.4408511957539812,0.5449220459139874,0.2505952380952381,nan,0.8042207781374247,nan,nan,nan
vertex,stim_0.14_to_0.64s,PO3,-0.19572631237744492,-0.46110229606836256,0.500923264379275,0.24928571428571428,nan,0.7676256433905079,nan,nan,nan
vertex,stim_0.14_to_0.64s,POz,5.720010448548868e-17,-0.4670742986901498,0.4670742986901498,0.25797619047619047,nan,0.818288288419248,nan,nan,nan
vertex,stim_0.14_to_0.64s,PO4,0.19572631237744492,-0.46110229606836256,0.500923264379275,0.25392857142857145,nan,0.8118607314987822,nan,nan,nan
vertex,stim_0.14_to_0.64s,PO6,0.3202971422372838,-0.4408511957539812,0.5449220459139874,0.25357142857142856,nan,0.6157217666493051,nan,nan,nan
vertex,stim_0.14_to_0.64s,PO8,0.3660548999796478,-0.5038313462318709,0.622769793137825,0.251547619047619,nan,0.5338184521625607,nan,nan,nan
vertex,stim_0.14_to_0.64s,CB1,-0.6222539674441618,-0.6222539674441617,0.88,0.25797619047619047,nan,0.6491844156500511,nan,nan,nan
vertex,stim_0.14_to_0.64s,O1,-0.19244644966295849,-0.5922892699155132,0.622769793137825,0.25642857142857145,nan,0.7869863886325121,nan,nan,nan
vertex,stim_0.14_to_0.64s,Oz,7.626730337718967e-17,-0.622769793137825,0.622769793137825,0.25821428571428573,nan,0.8540964987624182,nan,nan,nan
vertex,stim_0.14_to_0.64s,O2,0.19244644966295849,-0.5922892699155132,0.622769793137825,0.2571428571428571,nan,0.7861623688477314,nan,nan,nan
vertex,stim_0.14_to_0.64s,CB2,0.6222539674441618,-0.6222539674441617,0.88,0.254047619047619,nan,0.5829441080991994,nan,nan,nan
vertex,late_1.14_to_2.64s,FP1,-0.1924464496629584,0.5922892699155132,0.6227697931378249,0.2388095238095238,nan,0.8466652295106853,nan,nan,nan
vertex,late_1.14_to_2.64s,FPZ,0.0,0.622769793137825,0.622769793137825,0.2530952380952381,nan,0.9284202568157338,nan,nan,nan
vertex,late_1.14_to_2.64s,FP2,0.1924464496629584,0.5922892699155132,0.6227697931378249,0.23964285714285713,nan,0.7879420512575307,nan,nan,nan
vertex,late_1.14_to_2.64s,AF3,-0.19572631237744492,0.46110229606836256,0.500923264379275,0.2288095238095238,nan,0.7034597937521905,nan,nan,nan
vertex,late_1.14_to_2.64s,AF4,0.19572631237744492,0.46110229606836256,0.500923264379275,0.22083333333333333,nan,0.660477116346878,nan,nan,nan
vertex,late_1.14_to_2.64s,F7,-0.5038313462318709,0.36605489997964774,0.6227697931378249,0.2067857142857143,nan,0.1636444522486255,nan,nan,nan
vertex,late_1.14_to_2.64s,F5,-0.38316449267044905,0.3330798118805041,0.5076979313782504,0.20642857142857143,nan,0.17748968693331066,nan,nan,nan
vertex,late_1.14_to_2.64s,F3,-0.2555991277378157,0.31563863605626796,0.4061510343108748,0.21785714285714286,nan,0.33864845380368586,nan,nan,nan
vertex,late_1.14_to_2.64s,F1,-0.12679132837194124,0.31381954998058037,0.3384652875855003,0.21821428571428572,nan,0.4260980384055446,nan,nan,nan
vertex,late_1.14_to_2.64s,FZ,0.0,0.31139098889535044,0.31139098889535044,0.22095238095238096,nan,0.7947290662147308,nan,nan,nan
vertex,late_1.14_to_2.64s,F2,0.12679132837194124,0.31381954998058037,0.3384652875855003,0.22047619047619046,nan,0.534221085020363,nan,nan,nan
vertex,late_1.14_to_2.64s,F4,0.2555991277378157,0.31563863605626796,0.4061510343108748,0.21523809523809523,nan,0.46427520170254805,nan,nan,nan
vertex,late_1.14_to_2.64s,F6,0.38316449267044905,0.3330798118805041,0.5076979313782504,0.21,nan,0.427906090132682,nan,nan,nan
vertex,late_1.14_to_2.64s,F8,0.5038313462318709,0.36605489997964774,0.6227697931378249,0.2113095238095238,nan,0.4106755467334123,nan,nan,nan
vertex,late_1.14_to_2.64s,FT7,-0.5922892699155132,0.19244644966295846,0.622769793137825,0.20166666666666666,nan,0.2169211728957975,nan,nan,nan
vertex,late_1.14_to_2.64s,FC5,-0.4486894406361628,0.17223573916038115,0.4806114480352247,0.21,nan,0.2562823593854876,nan,nan,nan
vertex,late_1.14_to_2.64s,FC3,-0.2988471109399219,0.15889982751154078,0.33846528758550026,0.20654761904761904,nan,0.3012807005682964,nan,nan,nan
vertex,late_1.14_to_2.64s,FC1,-0.15317259329874983,0.15317259329874983,0.21661875882695025,0.21023809523809525,nan,0.30676933309814824,nan,nan,nan
vertex,late_1.14_to_2.64s,FCz,0.0,0.15569549444767522,0.15569549444767522,0.20702380952380953,nan,0.2037430019181318,nan,nan,nan
vertex,late_1.14_to_2.64s,FC2,0.15317259329874983,0.15317259329874983,0.21661875882695025,0.2057142857142857,nan,0.358976294704502,nan,nan,nan
vertex,late_1.14_to_2.64s,FC4,0.2988471109399219,0.15889982751154078,0.33846528758550026,0.2036904761904762,nan,0.437531129445238,nan,nan,nan
vertex,late_1.14_to_2.64s,FC6,0.4486894406361628,0.17223573916038115,0.4806114480352247,0.20583333333333334,nan,0.5590508668193929,nan,nan,nan
vertex,late_1.14_to_2.64s,FT8,0.5922892699155132,0.19244644966295846,0.622769793137825,0.2163095238095238,nan,0.5378934783143164,nan,nan,nan
vertex,late_1.14_to_2.64s,T7,-0.622769793137825,3.8133651688594835e-17,0.622769793137825,0.2175,nan,0.46400234459636397,nan,nan,nan
vertex,late_1.14_to_2.64s,C5,-0.4670742986901498,2.860005224274434e-17,0.4670742986901498,0.20595238095238094,nan,0.31055225295208766,nan,nan,nan
vertex,late_1.14_to_2.64s,C3,-0.31139098889535044,1.9067198891700998e-17,0.31139098889535044,0.2011904761904762,nan,0.29416597120699517,nan,nan,nan
vertex,late_1.14_to_2.64s,C1,-0.15569549444767522,9.533599445850499e-18,0.15569549444767522,0.2030952380952381,nan,0.41828225455236145,nan,nan,nan
vertex,late_1.14_to_2.64s,Cz,0.0,0.0,0.0,0.19916666666666666,nan,0.4208324439471238,nan,nan,nan
vertex,late_1.14_to_2.64s,C2,0.15569549444767522,9.533599445850499e-18,0.15569549444767522,0.20523809523809525,nan,0.3706211015846121,nan,nan,nan
vertex,late_1.14_to_2.64s,C4,0.31139098889535044,1.9067198891700998e-17,0.31139098889535044,0.20511904761904762,nan,0.4047381066422048,nan,nan,nan
vertex,late_1.14_to_2.64s,C6,0.4670742986901498,2.860005224274434e-17,0.4670742986901498,0.22404761904761905,nan,0.4658512539981831,nan,nan,nan
vertex,late_1.14_to_2.64s,T8,0.622769793137825,3.8133651688594835e-17,0.622769793137825,0.2244047619047619,nan,0.6805897489379529,nan,nan,nan
vertex,late_1.14_to_2.64s,M1,0.8664628506549251,5.305554783173226e-17,0.8664628506549251,0.24369047619047618,nan,0.994447561772318,nan,nan,nan
vertex,late_1.14_to_2.64s,TP7,-0.5922892699155132,-0.19244644966295837,0.6227697931378249,0.20833333333333334,nan,0.5462213625480412,nan,nan,nan
vertex,late_1.14_to_2.64s,CP5,-0.4486894406361628,-0.17223573916038112,0.4806114480352247,0.1992857142857143,nan,0.4201068606378124,nan,nan,nan
vertex,late_1.14_to_2.64s,CP3,-0.2988471109399219,-0.15889982751154083,0.33846528758550026,0.20083333333333334,nan,0.40443876183434696,nan,nan,nan
vertex,late_1.14_to_2.64s,CP1,-0.15317259329874983,-0.1531725932987498,0.21661875882695023,0.2,nan,0.2756080356344907,nan,nan,nan
vertex,late_1.14_to_2.64s,CPZ,1.9067198891700998e-17,-0.15569549444767522,0.15569549444767522,0.20214285714285715,nan,0.3202484356209877,nan,nan,nan
vertex,late_1.14_to_2.64s,CP2,0.15317259329874983,-0.1531725932987498,0.21661875882695023,0.19964285714285715,nan,0.4037959317475856,nan,nan,nan
vertex,late_1.14_to_2.64s,CP4,0.2988471109399219,-0.15889982751154083,0.33846528758550026,0.21059523809523809,nan,0.5699463081256534,nan,nan,nan
vertex,late_1.14_to_2.64s,CP6,0.4486894406361628,-0.17223573916038112,0.4806114480352247,0.2219047619047619,nan,0.6411528312581194,nan,nan,nan
vertex,late_1.14_to_2.64s,TP8,0.5922892699155132,-0.19244644966295837,0.6227697931378249,0.22892857142857143,nan,0.7583988773810709,nan,nan,nan
vertex,late_1.14_to_2.64s,M2,-0.8664628506549251,5.305554783173226e-17,0.8664628506549251,0.2494047619047619,nan,1.0,nan,nan,nan
vertex,late_1.14_to_2.64s,P7,-0.5038313462318709,-0.3660548999796477,0.6227697931378249,0.22416666666666665,nan,0.6390530161317034,nan,nan,nan
vertex,late_1.14_to_2.64s,P5,-0.3831644926704491,-0.33307981188050406,0.5076979313782504,0.21726190476190477,nan,0.5769116265508455,nan,nan,nan
vertex,late_1.14_to_2.64s,P3,-0.2555991277378157,-0.31563863605626796,0.4061510343108748,0.21142857142857144,nan,0.5423880136272656,nan,nan,nan
vertex,late_1.14_to_2.64s,P1,-0.12679132837194132,-0.3138195499805803,0.33846528758550026,0.20785714285714285,nan,0.4041671173583535,nan,nan,nan
vertex,late_1.14_to_2.64s,PZ,3.8134397783401996e-17,-0.31139098889535044,0.31139098889535044,0.20773809523809525,nan,0.4428336150488771,nan,nan,nan
vertex,late_1.14_to_2.64s,P2,0.12679132837194132,-0.3138195499805803,0.33846528758550026,0.20964285714285713,nan,0.4340568099865363,nan,nan,nan
vertex,late_1.14_to_2.64s,P4,0.2555991277378157,-0.31563863605626796,0.4061510343108748,0.21095238095238095,nan,0.6429639458412314,nan,nan,nan
vertex,late_1.14_to_2.64s,P6,0.3831644926704491,-0.33307981188050406,0.5076979313782504,0.20904761904761904,nan,0.690464497990509,nan,nan,nan
vertex,late_1.14_to_2.64s,P8,0.5038313462318709,-0.3660548999796477,0.6227697931378249,0.21976190476190477,nan,0.7010198370856682,nan,nan,nan
vertex,late_1.14_to_2.64s,PO7,-0.3660548999796478,-0.5038313462318709,0.622769793137825,0.22773809523809524,nan,0.7035967878914944,nan,nan,nan
vertex,late_1.14_to_2.64s,PO5,-0.3202971422372838,-0.4408511957539812,0.5449220459139874,0.22416666666666665,nan,0.7255655832803479,nan,nan,nan
vertex,late_1.14_to_2.64s,PO3,-0.19572631237744492,-0.46110229606836256,0.500923264379275,0.22226190476190477,nan,0.6869507477068102,nan,nan,nan
vertex,late_1.14_to_2.64s,POz,5.720010448548868e-17,-0.4670742986901498,0.4670742986901498,0.21059523809523809,nan,0.6379076746346168,nan,nan,nan
vertex,late_1.14_to_2.64s,PO4,0.19572631237744492,-0.46110229606836256,0.500923264379275,0.22357142857142856,nan,0.7287579549565192,nan,nan,nan
vertex,late_1.14_to_2.64s,PO6,0.3202971422372838,-0.4408511957539812,0.5449220459139874,0.2230952380952381,nan,0.6767690633993639,nan,nan,nan
vertex,late_1.14_to_2.64s,PO8,0.3660548999796478,-0.5038313462318709,0.622769793137825,0.22345238095238096,nan,0.6510584810411354,nan,nan,nan
vertex,late_1.14_to_2.64s,CB1,-0.6222539674441618,-0.6222539674441617,0.88,0.22142857142857142,nan,0.7369091919862998,nan,nan,nan
vertex,late_1.14_to_2.64s,O1,-0.19244644966295849,-0.5922892699155132,0.622769793137825,0.22595238095238096,nan,0.8110841415516616,nan,nan,nan
vertex,late_1.14_to_2.64s,Oz,7.626730337718967e-17,-0.622769793137825,0.622769793137825,0.22345238095238096,nan,0.8512622479713108,nan,nan,nan
vertex,late_1.14_to_2.64s,O2,0.19244644966295849,-0.5922892699155132,0.622769793137825,0.22357142857142856,nan,0.8226584976556846,nan,nan,nan
vertex,late_1.14_to_2.64s,CB2,0.6222539674441618,-0.6222539674441617,0.88,0.2286904761904762,nan,0.8346645730584734,nan,nan,nan
average,prestim_-0.50_to_0.00s,FP1,-0.1924464496629584,0.5922892699155132,0.6227697931378249,0.31107142857142855,0.1813095238095238,0.5951382161777994,nan,nan,nan
average,prestim_-0.50_to_0.00s,FPZ,0.0,0.622769793137825,0.622769793137825,0.33940476190476193,0.13035714285714287,0.813568905836206,nan,nan,nan
average,prestim_-0.50_to_0.00s,FP2,0.1924464496629584,0.5922892699155132,0.6227697931378249,0.32345238095238094,0.16416666666666666,0.5983140503451236,nan,nan,nan
average,prestim_-0.50_to_0.00s,AF3,-0.19572631237744492,0.46110229606836256,0.500923264379275,0.29285714285714287,0.20083333333333334,0.9556173260698967,nan,nan,nan
average,prestim_-0.50_to_0.00s,AF4,0.19572631237744492,0.46110229606836256,0.500923264379275,0.3028571428571429,0.19071428571428573,1.0,nan,nan,nan
average,prestim_-0.50_to_0.00s,F7,-0.5038313462318709,0.36605489997964774,0.6227697931378249,0.21916666666666668,0.34833333333333333,0.2512803286823399,nan,nan,nan
average,prestim_-0.50_to_0.00s,F5,-0.38316449267044905,0.3330798118805041,0.5076979313782504,0.2276190476190476,0.3175,0.3522602506898002,nan,nan,nan
average,prestim_-0.50_to_0.00s,F3,-0.2555991277378157,0.31563863605626796,0.4061510343108748,0.25952380952380955,0.2507142857142857,0.5533996899409503,nan,nan,nan
average,prestim_-0.50_to_0.00s,F1,-0.12679132837194124,0.31381954998058037,0.3384652875855003,0.2907142857142857,0.18833333333333332,0.7556401800159993,nan,nan,nan
average,prestim_-0.50_to_0.00s,FZ,0.0,0.31139098889535044,0.31139098889535044,0.3053571428571429,0.13047619047619047,0.6265055196436508,nan,nan,nan
average,prestim_-0.50_to_0.00s,F2,0.12679132837194124,0.31381954998058037,0.3384652875855003,0.30916666666666665,0.17023809523809524,0.9085149611302119,nan,nan,nan
average,prestim_-0.50_to_0.00s,F4,0.2555991277378157,0.31563863605626796,0.4061510343108748,0.2708333333333333,0.23333333333333334,0.6638128547452636,nan,nan,nan
average,prestim_-0.50_to_0.00s,F6,0.38316449267044905,0.3330798118805041,0.5076979313782504,0.2386904761904762,0.2985714285714286,0.3496067971652384,nan,nan,nan
average,prestim_-0.50_to_0.00s,F8,0.5038313462318709,0.36605489997964774,0.6227697931378249,0.22226190476190477,0.3413095238095238,0.21207256282952203,nan,nan,nan
average,prestim_-0.50_to_0.00s,FT7,-0.5922892699155132,0.19244644966295846,0.622769793137825,0.23226190476190475,0.3294047619047619,0.15203452126577205,nan,nan,nan
average,prestim_-0.50_to_0.00s,FC5,-0.4486894406361628,0.17223573916038115,0.4806114480352247,0.2305952380952381,0.3398809523809524,0.23885843112239177,nan,nan,nan
average,prestim_-0.50_to_0.00s,FC3,-0.2988471109399219,0.15889982751154078,0.33846528758550026,0.2423809523809524,0.26535714285714285,0.4051690819060473,nan,nan,nan
average,prestim_-0.50_to_0.00s,FC1,-0.15317259329874983,0.15317259329874983,0.21661875882695025,0.2538095238095238,0.20404761904761906,0.504036335855227,nan,nan,nan
average,prestim_-0.50_to_0.00s,FCz,0.0,0.15569549444767522,0.15569549444767522,0.2758333333333333,0.13333333333333333,0.2932955136863958,nan,nan,nan
average,prestim_-0.50_to_0.00s,FC2,0.15317259329874983,0.15317259329874983,0.21661875882695025,0.2729761904761905,0.19916666666666666,0.4860990922419973,nan,nan,nan
average,prestim_-0.50_to_0.00s,FC4,0.2988471109399219,0.15889982751154078,0.33846528758550026,0.25142857142857145,0.2567857142857143,0.332528407813624,nan,nan,nan
average,prestim_-0.50_to_0.00s,FC6,0.4486894406361628,0.17223573916038115,0.4806114480352247,0.21773809523809523,0.3455952380952381,0.23623805087546992,nan,nan,nan
average,prestim_-0.50_to_0.00s,FT8,0.5922892699155132,0.19244644966295846,0.622769793137825,0.2255952380952381,0.35892857142857143,0.384027220636906,nan,nan,nan
average,prestim_-0.50_to_0.00s,T7,-0.622769793137825,3.8133651688594835e-17,0.622769793137825,0.2438095238095238,0.2985714285714286,0.27818349360925726,nan,nan,nan
average,prestim_-0.50_to_0.00s,C5,-0.4670742986901498,2.860005224274434e-17,0.4670742986901498,0.2219047619047619,0.3244047619047619,0.09847921681155872,nan,nan,nan
average,prestim_-0.50_to_0.00s,C3,-0.31139098889535044,1.9067198891700998e-17,0.31139098889535044,0.22238095238095237,0.2745238095238095,0.11227450625736118,nan,nan,nan
average,prestim_-0.50_to_0.00s,C1,-0.15569549444767522,9.533599445850499e-18,0.15569549444767522,0.22071428571428572,0.20023809523809524,0.12948828686243039,nan,nan,nan
average,prestim_-0.50_to_0.00s,Cz,0.0,0.0,0.0,0.22166666666666668,0.12833333333333333,0.1261023257892928,nan,nan,nan
average,prestim_-0.50_to_0.00s,C2,0.15569549444767522,9.533599445850499e-18,0.15569549444767522,0.2194047619047619,0.19940476190476192,0.11716990378182864,nan,nan,nan
average,prestim_-0.50_to_0.00s,C4,0.31139098889535044,1.9067198891700998e-17,0.31139098889535044,0.21904761904761905,0.26857142857142857,0.1185818887983802,nan,nan,nan
average,prestim_-0.50_to_0.00s,C6,0.4670742986901498,2.860005224274434e-17,0.4670742986901498,0.22452380952380951,0.33404761904761904,0.37807293484366067,nan,nan,nan
average,prestim_-0.50_to_0.00s,T8,0.622769793137825,3.8133651688594835e-17,0.622769793137825,0.2317857142857143,0.3155952380952381,0.5349417913737764,nan,nan,nan
average,prestim_-0.50_to_0.00s,M1,0.8664628506549251,5.305554783173226e-17,0.8664628506549251,0.32726190476190475,0.1819047619047619,0.5810798237210467,nan,nan,nan
average,prestim_-0.50_to_0.00s,TP7,-0.5922892699155132,-0.19244644966295837,0.6227697931378249,0.25785714285714284,0.24345238095238095,0.40619228198139645,nan,nan,nan
average,prestim_-0.50_to_0.00s,CP5,-0.4486894406361628,-0.17223573916038112,0.4806114480352247,0.24428571428571427,0.25595238095238093,0.22006227863601377,nan,nan,nan
average,prestim_-0.50_to_0.00s,CP3,-0.2988471109399219,-0.15889982751154083,0.33846528758550026,0.22642857142857142,0.23273809523809524,0.12432818091977296,nan,nan,nan
average,prestim_-0.50_to_0.00s,CP1,-0.15317259329874983,-0.1531725932987498,0.21661875882695023,0.21297619047619049,0.16464285714285715,0.07668783451944704,nan,nan,nan
average,prestim_-0.50_to_0.00s,CPZ,1.9067198891700998e-17,-0.15569549444767522,0.15569549444767522,0.21345238095238095,0.11964285714285715,0.09370986268326367,nan,nan,nan
average,prestim_-0.50_to_0.00s,CP2,0.15317259329874983,-0.1531725932987498,0.21661875882695023,0.21345238095238095,0.16607142857142856,0.0660142263096183,nan,nan,nan
average,prestim_-0.50_to_0.00s,CP4,0.2988471109399219,-0.15889982751154083,0.33846528758550026,0.22726190476190475,0.22702380952380952,0.146370174071621,nan,nan,nan
average,prestim_-0.50_to_0.00s,CP6,0.4486894406361628,-0.17223573916038112,0.4806114480352247,0.2367857142857143,0.2702380952380952,0.4450196610791997,nan,nan,nan
average,prestim_-0.50_to_0.00s,TP8,0.5922892699155132,-0.19244644966295837,0.6227697931378249,0.2588095238095238,0.2638095238095238,0.6700880851674582,nan,nan,nan
average,prestim_-0.50_to_0.00s,M2,-0.8664628506549251,5.305554783173226e-17,0.8664628506549251,0.33154761904761904,0.18619047619047618,0.5837850376442654,nan,nan,nan
average,prestim_-0.50_to_0.00s,P7,-0.5038313462318709,-0.3660548999796477,0.6227697931378249,0.2825,0.18392857142857144,0.46700601095051,nan,nan,nan
average,prestim_-0.50_to_0.00s,P5,-0.3831644926704491,-0.33307981188050406,0.5076979313782504,0.2567857142857143,0.18797619047619046,0.3315362959499251,nan,nan,nan
average,prestim_-0.50_to_0.00s,P3,-0.2555991277378157,-0.31563863605626796,0.4061510343108748,0.25226190476190474,0.18916666666666668,0.31772736746973673,nan,nan,nan
average,prestim_-0.50_to_0.00s,P1,-0.12679132837194132,-0.3138195499805803,0.33846528758550026,0.23726190476190476,0.14904761904761904,0.10498707625230261,nan,nan,nan
average,prestim_-0.50_to_0.00s,PZ,3.8134397783401996e-17,-0.31139098889535044,0.31139098889535044,0.25285714285714284,0.13130952380952382,0.12838947794221423,nan,nan,nan
average,prestim_-0.50_to_0.00s,P2,0.12679132837194132,-0.3138195499805803,0.33846528758550026,0.24607142857142858,0.15904761904761905,0.11302836938277346,nan,nan,nan
average,prestim_-0.50_to_0.00s,P4,0.2555991277378157,-0.31563863605626796,0.4061510343108748,0.25952380952380955,0.1930952380952381,0.34316885894185367,nan,nan,nan
average,prestim_-0.50_to_0.00s,P6,0.3831644926704491,-0.33307981188050406,0.5076979313782504,0.26285714285714284,0.2073809523809524,0.44877133728344665,nan,nan,nan
average,prestim_-0.50_to_0.00s,P8,0.5038313462318709,-0.3660548999796477,0.6227697931378249,0.2727380952380952,0.20476190476190476,0.5162916293590324,nan,nan,nan
average,prestim_-0.50_to_0.00s,PO7,-0.3660548999796478,-0.5038313462318709,0.622769793137825,0.2813095238095238,0.16178571428571428,0.644184693813165,nan,nan,nan
average,prestim_-0.50_to_0.00s,PO5,-0.3202971422372838,-0.4408511957539812,0.5449220459139874,0.27666666666666667,0.16083333333333333,0.6181507605468379,nan,nan,nan
average,prestim_-0.50_to_0.00s,PO3,-0.19572631237744492,-0.46110229606836256,0.500923264379275,0.2630952380952381,0.15154761904761904,0.5067255868918572,nan,nan,nan
average,prestim_-0.50_to_0.00s,POz,5.720010448548868e-17,-0.4670742986901498,0.4670742986901498,0.27071428571428574,0.14535714285714285,0.4381224558931333,nan,nan,nan
average,prestim_-0.50_to_0.00s,PO4,0.19572631237744492,-0.46110229606836256,0.500923264379275,0.27095238095238094,0.16607142857142856,0.5279199047211363,nan,nan,nan
average,prestim_-0.50_to_0.00s,PO6,0.3202971422372838,-0.4408511957539812,0.5449220459139874,0.2730952380952381,0.16976190476190475,0.45808639270291407,nan,nan,nan
average,prestim_-0.50_to_0.00s,PO8,0.3660548999796478,-0.5038313462318709,0.622769793137825,0.27666666666666667,0.17035714285714285,0.4242759808740474,nan,nan,nan
average,prestim_-0.50_to_0.00s,CB1,-0.6222539674441618,-0.6222539674441617,0.88,0.30464285714285716,0.13226190476190477,0.5708769860095733,nan,nan,nan
average,prestim_-0.50_to_0.00s,O1,-0.19244644966295849,-0.5922892699155132,0.622769793137825,0.2920238095238095,0.14238095238095239,0.5666998724473322,nan,nan,nan
average,prestim_-0.50_to_0.00s,Oz,7.626730337718967e-17,-0.622769793137825,0.622769793137825,0.2904761904761905,0.1336904761904762,0.5863330687110662,nan,nan,nan
average,prestim_-0.50_to_0.00s,O2,0.19244644966295849,-0.5922892699155132,0.622769793137825,0.28833333333333333,0.15,0.6134569915281934,nan,nan,nan
average,prestim_-0.50_to_0.00s,CB2,0.6222539674441618,-0.6222539674441617,0.88,0.30726190476190474,0.1463095238095238,0.6634543731105944,nan,nan,nan
average,prestimTRIM_-0.50_to_-0.10s,FP1,-0.1924464496629584,0.5922892699155132,0.6227697931378249,0.31273809523809526,0.1763095238095238,0.6288117239227444,nan,nan,nan
average,prestimTRIM_-0.50_to_-0.10s,FPZ,0.0,0.622769793137825,0.622769793137825,0.3292857142857143,0.12714285714285714,0.8357191497749658,nan,nan,nan
average,prestimTRIM_-0.50_to_-0.10s,FP2,0.1924464496629584,0.5922892699155132,0.6227697931378249,0.32011904761904764,0.16154761904761905,0.621021231105559,nan,nan,nan
average,prestimTRIM_-0.50_to_-0.10s,AF3,-0.19572631237744492,0.46110229606836256,0.500923264379275,0.29404761904761906,0.2001190476190476,1.0,nan,nan,nan
average,prestimTRIM_-0.50_to_-0.10s,AF4,0.19572631237744492,0.46110229606836256,0.500923264379275,0.30666666666666664,0.18464285714285714,0.9967600573763435,nan,nan,nan
average,prestimTRIM_-0.50_to_-0.10s,F7,-0.5038313462318709,0.36605489997964774,0.6227697931378249,0.22357142857142856,0.3486904761904762,0.3490585598266457,nan,nan,nan
average,prestimTRIM_-0.50_to_-0.10s,F5,-0.38316449267044905,0.3330798118805041,0.5076979313782504,0.22547619047619047,0.3213095238095238,0.4310366427039765,nan,nan,nan
average,prestimTRIM_-0.50_to_-0.10s,F3,-0.2555991277378157,0.31563863605626796,0.4061510343108748,0.2546428571428571,0.25226190476190474,0.6036574497395218,nan,nan,nan
average,prestimTRIM_-0.50_to_-0.10s,F1,-0.12679132837194124,0.31381954998058037,0.3384652875855003,0.28964285714285715,0.1855952380952381,0.7893625474322512,nan,nan,nan
average,prestimTRIM_-0.50_to_-0.10s,FZ,0.0,0.31139098889535044,0.31139098889535044,0.3007142857142857,0.12761904761904763,0.6464051310170766,nan,nan,nan
average,prestimTRIM_-0.50_to_-0.10s,F2,0.12679132837194124,0.31381954998058037,0.3384652875855003,0.30357142857142855,0.16714285714285715,0.9207075530386724,nan,nan,nan
average,prestimTRIM_-0.50_to_-0.10s,F4,0.2555991277378157,0.31563863605626796,0.4061510343108748,0.2675,0.23404761904761906,0.6672749462400804,nan,nan,nan
average,prestimTRIM_-0.50_to_-0.10s,F6,0.38316449267044905,0.3330798118805041,0.5076979313782504,0.23726190476190476,0.2972619047619048,0.3776877708004263,nan,nan,nan
average,prestimTRIM_-0.50_to_-0.10s,F8,0.5038313462318709,0.36605489997964774,0.6227697931378249,0.2255952380952381,0.33964285714285714,0.293490920924403,nan,nan,nan
average,prestimTRIM_-0.50_to_-0.10s,FT7,-0.5922892699155132,0.19244644966295846,0.622769793137825,0.2338095238095238,0.3264285714285714,0.18247964914787312,nan,nan,nan
average,prestimTRIM_-0.50_to_-0.10s,FC5,-0.4486894406361628,0.17223573916038115,0.4806114480352247,0.22738095238095238,0.3430952380952381,0.3319775685906652,nan,nan,nan
average,prestimTRIM_-0.50_to_-0.10s,FC3,-0.2988471109399219,0.15889982751154078,0.33846528758550026,0.2398809523809524,0.2692857142857143,0.45474518658190205,nan,nan,nan
average,prestimTRIM_-0.50_to_-0.10s,FC1,-0.15317259329874983,0.15317259329874983,0.21661875882695025,0.2542857142857143,0.2044047619047619,0.5398620968721913,nan,nan,nan
average,prestimTRIM_-0.50_to_-0.10s,FCz,0.0,0.15569549444767522,0.15569549444767522,0.2701190476190476,0.12595238095238095,0.30185185522735813,nan,nan,nan
average,prestimTRIM_-0.50_to_-0.10s,FC2,0.15317259329874983,0.15317259329874983,0.21661875882695025,0.26785714285714285,0.19773809523809524,0.4991504846748937,nan,nan,nan
average,prestimTRIM_-0.50_to_-0.10s,FC4,0.2988471109399219,0.15889982751154078,0.33846528758550026,0.2488095238095238,0.2557142857142857,0.34434662503716196,nan,nan,nan
average,prestimTRIM_-0.50_to_-0.10s,FC6,0.4486894406361628,0.17223573916038115,0.4806114480352247,0.22047619047619046,0.3423809523809524,0.32804629981637545,nan,nan,nan
average,prestimTRIM_-0.50_to_-0.10s,FT8,0.5922892699155132,0.19244644966295846,0.622769793137825,0.22857142857142856,0.3569047619047619,0.4777539447524702,nan,nan,nan
average,prestimTRIM_-0.50_to_-0.10s,T7,-0.622769793137825,3.8133651688594835e-17,0.622769793137825,0.2455952380952381,0.29845238095238097,0.2928095756958416,nan,nan,nan
average,prestimTRIM_-0.50_to_-0.10s,C5,-0.4670742986901498,2.860005224274434e-17,0.4670742986901498,0.22535714285714287,0.3238095238095238,0.13216603124825888,nan,nan,nan
average,prestimTRIM_-0.50_to_-0.10s,C3,-0.31139098889535044,1.9067198891700998e-17,0.31139098889535044,0.21738095238095237,0.2720238095238095,0.1421914140745678,nan,nan,nan
average,prestimTRIM_-0.50_to_-0.10s,C1,-0.15569549444767522,9.533599445850499e-18,0.15569549444767522,0.22535714285714287,0.19940476190476192,0.13986723674810175,nan,nan,nan
average,prestimTRIM_-0.50_to_-0.10s,Cz,0.0,0.0,0.0,0.22392857142857142,0.12916666666666668,0.13088231452718815,nan,nan,nan
average,prestimTRIM_-0.50_to_-0.10s,C2,0.15569549444767522,9.533599445850499e-18,0.15569549444767522,0.22238095238095237,0.20238095238095238,0.12839945852298457,nan,nan,nan
average,prestimTRIM_-0.50_to_-0.10s,C4,0.31139098889535044,1.9067198891700998e-17,0.31139098889535044,0.2179761904761905,0.26857142857142857,0.15406197100564017,nan,nan,nan
average,prestimTRIM_-0.50_to_-0.10s,C6,0.4670742986901498,2.860005224274434e-17,0.4670742986901498,0.22226190476190477,0.3336904761904762,0.47310100761663143,nan,nan,nan
average,prestimTRIM_-0.50_to_-0.10s,T8,0.622769793137825,3.8133651688594835e-17,0.622769793137825,0.23404761904761906,0.31023809523809526,0.5930724975340637,nan,nan,nan
average,prestimTRIM_-0.50_to_-0.10s,M1,0.8664628506549251,5.305554783173226e-17,0.8664628506549251,0.3244047619047619,0.18357142857142858,0.5894980096062121,nan,nan,nan
average,prestimTRIM_-0.50_to_-0.10s,TP7,-0.5922892699155132,-0.19244644966295837,0.6227697931378249,0.2567857142857143,0.24452380952380953,0.42368475462884403,nan,nan,nan
average,prestimTRIM_-0.50_to_-0.10s,CP5,-0.4486894406361628,-0.17223573916038112,0.4806114480352247,0.24047619047619048,0.2630952380952381,0.2358429605670917,nan,nan,nan
average,prestimTRIM_-0.50_to_-0.10s,CP3,-0.2988471109399219,-0.15889982751154083,0.33846528758550026,0.22452380952380951,0.23238095238095238,0.153846483571713,nan,nan,nan
average,prestimTRIM_-0.50_to_-0.10s,CP1,-0.15317259329874983,-0.1531725932987498,0.21661875882695023,0.19904761904761906,0.16607142857142856,0.0747416787691898,nan,nan,nan
average,prestimTRIM_-0.50_to_-0.10s,CPZ,1.9067198891700998e-17,-0.15569549444767522,0.15569549444767522,0.20095238095238097,0.12214285714285714,0.09602741724194869,nan,nan,nan
average,prestimTRIM_-0.50_to_-0.10s,CP2,0.15317259329874983,-0.1531725932987498,0.21661875882695023,0.19940476190476192,0.17273809523809525,0.07298691954847311,nan,nan,nan
average,prestimTRIM_-0.50_to_-0.10s,CP4,0.2988471109399219,-0.15889982751154083,0.33846528758550026,0.2220238095238095,0.22904761904761906,0.17257482513561828,nan,nan,nan
average,prestimTRIM_-0.50_to_-0.10s,CP6,0.4486894406361628,-0.17223573916038112,0.4806114480352247,0.23904761904761904,0.26976190476190476,0.5117904589274519,nan,nan,nan
average,prestimTRIM_-0.50_to_-0.10s,TP8,0.5922892699155132,-0.19244644966295837,0.6227697931378249,0.259047619047619,0.2654761904761905,0.7597975387650556,nan,nan,nan
average,prestimTRIM_-0.50_to_-0.10s,M2,-0.8664628506549251,5.305554783173226e-17,0.8664628506549251,0.3317857142857143,0.18904761904761905,0.6112336573781897,nan,nan,nan
average,prestimTRIM_-0.50_to_-0.10s,P7,-0.5038313462318709,-0.3660548999796477,0.6227697931378249,0.2805952380952381,0.18166666666666667,0.48644944049473904,nan,nan,nan
average,prestimTRIM_-0.50_to_-0.10s,P5,-0.3831644926704491,-0.33307981188050406,0.5076979313782504,0.26,0.185,0.3511049396779929,nan,nan,nan
average,prestimTRIM_-0.50_to_-0.10s,P3,-0.2555991277378157,-0.31563863605626796,0.4061510343108748,0.254047619047619,0.18226190476190476,0.32333303823773896,nan,nan,nan
average,prestimTRIM_-0.50_to_-0.10s,P1,-0.12679132837194132,-0.3138195499805803,0.33846528758550026,0.22642857142857142,0.1494047619047619,0.08881472864906072,nan,nan,nan
average,prestimTRIM_-0.50_to_-0.10s,PZ,3.8134397783401996e-17,-0.31139098889535044,0.31139098889535044,0.24392857142857144,0.13130952380952382,0.11383741997801958,nan,nan,nan
average,prestimTRIM_-0.50_to_-0.10s,P2,0.12679132837194132,-0.3138195499805803,0.33846528758550026,0.23916666666666667,0.1594047619047619,0.1096003068521011,nan,nan,nan
average,prestimTRIM_-0.50_to_-0.10s,P4,0.2555991277378157,-0.31563863605626796,0.4061510343108748,0.25202380952380954,0.19071428571428573,0.366789770822377,nan,nan,nan
average,prestimTRIM_-0.50_to_-0.10s,P6,0.3831644926704491,-0.33307981188050406,0.5076979313782504,0.26011904761904764,0.20154761904761906,0.4991123080720275,nan,nan,nan
average,prestimTRIM_-0.50_to_-0.10s,P8,0.5038313462318709,-0.3660548999796477,0.6227697931378249,0.2752380952380952,0.2075,0.5721522936286072,nan,nan,nan
average,prestimTRIM_-0.50_to_-0.10s,PO7,-0.3660548999796478,-0.5038313462318709,0.622769793137825,0.28404761904761905,0.15535714285714286,0.6704664451245982,nan,nan,nan
average,prestimTRIM_-0.50_to_-0.10s,PO5,-0.3202971422372838,-0.4408511957539812,0.5449220459139874,0.27976190476190477,0.15428571428571428,0.6379407654766583,nan,nan,nan
average,prestimTRIM_-0.50_to_-0.10s,PO3,-0.19572631237744492,-0.46110229606836256,0.500923264379275,0.2675,0.15202380952380953,0.5214594347656188,nan,nan,nan
average,prestimTRIM_-0.50_to_-0.10s,POz,5.720010448548868e-17,-0.4670742986901498,0.4670742986901498,0.2644047619047619,0.1355952380952381,0.42938280762256814,nan,nan,nan
average,prestimTRIM_-0.50_to_-0.10s,PO4,0.19572631237744492,-0.46110229606836256,0.500923264379275,0.2694047619047619,0.15642857142857142,0.5386740207076496,nan,nan,nan
average,prestimTRIM_-0.50_to_-0.10s,PO6,0.3202971422372838,-0.4408511957539812,0.5449220459139874,0.27154761904761904,0.16523809523809524,0.4855400691450518,nan,nan,nan
average,prestimTRIM_-0.50_to_-0.10s,PO8,0.3660548999796478,-0.5038313462318709,0.622769793137825,0.2760714285714286,0.1655952380952381,0.4572967829208113,nan,nan,nan
average,prestimTRIM_-0.50_to_-0.10s,CB1,-0.6222539674441618,-0.6222539674441617,0.88,0.3038095238095238,0.12654761904761905,0.6021599224722259,nan,nan,nan
average,prestimTRIM_-0.50_to_-0.10s,O1,-0.19244644966295849,-0.5922892699155132,0.622769793137825,0.2916666666666667,0.1394047619047619,0.5932052519943919,nan,nan,nan
average,prestimTRIM_-0.50_to_-0.10s,Oz,7.626730337718967e-17,-0.622769793137825,0.622769793137825,0.29583333333333334,0.12797619047619047,0.597247824027628,nan,nan,nan
average,prestimTRIM_-0.50_to_-0.10s,O2,0.19244644966295849,-0.5922892699155132,0.622769793137825,0.29,0.14892857142857144,0.6429050337076764,nan,nan,nan
average,prestimTRIM_-0.50_to_-0.10s,CB2,0.6222539674441618,-0.6222539674441617,0.88,0.3092857142857143,0.1457142857142857,0.710345443747525,nan,nan,nan
average,stim_0.14_to_0.64s,FP1,-0.1924464496629584,0.5922892699155132,0.6227697931378249,0.26345238095238094,nan,0.36185897502471587,nan,nan,nan
average,stim_0.14_to_0.64s,FPZ,0.0,0.622769793137825,0.622769793137825,0.2895238095238095,nan,0.47802042747975093,nan,nan,nan
average,stim_0.14_to_0.64s,FP2,0.1924464496629584,0.5922892699155132,0.6227697931378249,0.2811904761904762,nan,0.43524141556384205,nan,nan,nan
average,stim_0.14_to_0.64s,AF3,-0.19572631237744492,0.46110229606836256,0.500923264379275,0.26857142857142857,nan,0.661839994650657,nan,nan,nan
average,stim_0.14_to_0.64s,AF4,0.19572631237744492,0.46110229606836256,0.500923264379275,0.2760714285714286,nan,0.8991802869032504,nan,nan,nan
average,stim_0.14_to_0.64s,F7,-0.5038313462318709,0.36605489997964774,0.6227697931378249,0.22107142857142856,nan,0.4884818191602875,nan,nan,nan
average,stim_0.14_to_0.64s,F5,-0.38316449267044905,0.3330798118805041,0.5076979313782504,0.21857142857142858,nan,0.48953068952686013,nan,nan,nan
average,stim_0.14_to_0.64s,F3,-0.2555991277378157,0.31563863605626796,0.4061510343108748,0.23892857142857143,nan,0.6328545882020867,nan,nan,nan
average,stim_0.14_to_0.64s,F1,-0.12679132837194124,0.31381954998058037,0.3384652875855003,0.255,nan,0.8327332116530932,nan,nan,nan
average,stim_0.14_to_0.64s,FZ,0.0,0.31139098889535044,0.31139098889535044,0.25845238095238093,nan,0.5340216859562991,nan,nan,nan
average,stim_0.14_to_0.64s,F2,0.12679132837194124,0.31381954998058037,0.3384652875855003,0.26357142857142857,nan,0.8787841274701634,nan,nan,nan
average,stim_0.14_to_0.64s,F4,0.2555991277378157,0.31563863605626796,0.4061510343108748,0.25547619047619047,nan,1.0,nan,nan,nan
average,stim_0.14_to_0.64s,F6,0.38316449267044905,0.3330798118805041,0.5076979313782504,0.2332142857142857,nan,0.6748907004351891,nan,nan,nan
average,stim_0.14_to_0.64s,F8,0.5038313462318709,0.36605489997964774,0.6227697931378249,0.22464285714285714,nan,0.43889831279243674,nan,nan,nan
average,stim_0.14_to_0.64s,FT7,-0.5922892699155132,0.19244644966295846,0.622769793137825,0.2119047619047619,nan,0.382736853103607,nan,nan,nan
average,stim_0.14_to_0.64s,FC5,-0.4486894406361628,0.17223573916038115,0.4806114480352247,0.21226190476190476,nan,0.4810057135910147,nan,nan,nan
average,stim_0.14_to_0.64s,FC3,-0.2988471109399219,0.15889982751154078,0.33846528758550026,0.23857142857142857,nan,0.5488571475311466,nan,nan,nan
average,stim_0.14_to_0.64s,FC1,-0.15317259329874983,0.15317259329874983,0.21661875882695025,0.2455952380952381,nan,0.6512469930608824,nan,nan,nan
average,stim_0.14_to_0.64s,FCz,0.0,0.15569549444767522,0.15569549444767522,0.2454761904761905,nan,0.5845044464794541,nan,nan,nan
average,stim_0.14_to_0.64s,FC2,0.15317259329874983,0.15317259329874983,0.21661875882695025,0.24619047619047618,nan,0.7110188479054352,nan,nan,nan
average,stim_0.14_to_0.64s,FC4,0.2988471109399219,0.15889982751154078,0.33846528758550026,0.23976190476190476,nan,0.8106066130162717,nan,nan,nan
average,stim_0.14_to_0.64s,FC6,0.4486894406361628,0.17223573916038115,0.4806114480352247,0.22357142857142856,nan,0.5155533956864956,nan,nan,nan
average,stim_0.14_to_0.64s,FT8,0.5922892699155132,0.19244644966295846,0.622769793137825,0.21726190476190477,nan,0.4050870257786418,nan,nan,nan
average,stim_0.14_to_0.64s,T7,-0.622769793137825,3.8133651688594835e-17,0.622769793137825,0.2338095238095238,nan,0.3471692601815235,nan,nan,nan
average,stim_0.14_to_0.64s,C5,-0.4670742986901498,2.860005224274434e-17,0.4670742986901498,0.21345238095238095,nan,0.31839265707396786,nan,nan,nan
average,stim_0.14_to_0.64s,C3,-0.31139098889535044,1.9067198891700998e-17,0.31139098889535044,0.2194047619047619,nan,0.2702042909232482,nan,nan,nan
average,stim_0.14_to_0.64s,C1,-0.15569549444767522,9.533599445850499e-18,0.15569549444767522,0.22857142857142856,nan,0.38806843337909525,nan,nan,nan
average,stim_0.14_to_0.64s,Cz,0.0,0.0,0.0,0.22428571428571428,nan,0.5623285594939521,nan,nan,nan
average,stim_0.14_to_0.64s,C2,0.15569549444767522,9.533599445850499e-18,0.15569549444767522,0.22130952380952382,nan,0.470543667508941,nan,nan,nan
average,stim_0.14_to_0.64s,C4,0.31139098889535044,1.9067198891700998e-17,0.31139098889535044,0.21642857142857144,nan,0.37157758134179225,nan,nan,nan
average,stim_0.14_to_0.64s,C6,0.4670742986901498,2.860005224274434e-17,0.4670742986901498,0.22476190476190477,nan,0.49872176544119073,nan,nan,nan
average,stim_0.14_to_0.64s,T8,0.622769793137825,3.8133651688594835e-17,0.622769793137825,0.2307142857142857,nan,0.5547569209854128,nan,nan,nan
average,stim_0.14_to_0.64s,M1,0.8664628506549251,5.305554783173226e-17,0.8664628506549251,0.285,nan,0.8692173251022254,nan,nan,nan
average,stim_0.14_to_0.64s,TP7,-0.5922892699155132,-0.19244644966295837,0.6227697931378249,0.23952380952380953,nan,0.5321487146507593,nan,nan,nan
average,stim_0.14_to_0.64s,CP5,-0.4486894406361628,-0.17223573916038112,0.4806114480352247,0.2180952380952381,nan,0.34884547416533274,nan,nan,nan
average,stim_0.14_to_0.64s,CP3,-0.2988471109399219,-0.15889982751154083,0.33846528758550026,0.20964285714285713,nan,0.26874186328373145,nan,nan,nan
average,stim_0.14_to_0.64s,CP1,-0.15317259329874983,-0.1531725932987498,0.21661875882695023,0.22,nan,0.41957444505063196,nan,nan,nan
average,stim_0.14_to_0.64s,CPZ,1.9067198891700998e-17,-0.15569549444767522,0.15569549444767522,0.21845238095238095,nan,0.4834096899319772,nan,nan,nan
average,stim_0.14_to_0.64s,CP2,0.15317259329874983,-0.1531725932987498,0.21661875882695023,0.22047619047619046,nan,0.35025095032859355,nan,nan,nan
average,stim_0.14_to_0.64s,CP4,0.2988471109399219,-0.15889982751154083,0.33846528758550026,0.20714285714285716,nan,0.24237886019944765,nan,nan,nan
average,stim_0.14_to_0.64s,CP6,0.4486894406361628,-0.17223573916038112,0.4806114480352247,0.22845238095238096,nan,0.24358851960093067,nan,nan,nan
average,stim_0.14_to_0.64s,TP8,0.5922892699155132,-0.19244644966295837,0.6227697931378249,0.2546428571428571,nan,0.45500239589342745,nan,nan,nan
average,stim_0.14_to_0.64s,M2,-0.8664628506549251,5.305554783173226e-17,0.8664628506549251,0.2808333333333333,nan,0.7255400181228179,nan,nan,nan
average,stim_0.14_to_0.64s,P7,-0.5038313462318709,-0.3660548999796477,0.6227697931378249,0.24928571428571428,nan,0.6219932382810738,nan,nan,nan
average,stim_0.14_to_0.64s,P5,-0.3831644926704491,-0.33307981188050406,0.5076979313782504,0.24083333333333334,nan,0.3144016485764281,nan,nan,nan
average,stim_0.14_to_0.64s,P3,-0.2555991277378157,-0.31563863605626796,0.4061510343108748,0.23392857142857143,nan,0.30317521456445984,nan,nan,nan
average,stim_0.14_to_0.64s,P1,-0.12679132837194132,-0.3138195499805803,0.33846528758550026,0.22547619047619047,nan,0.25023473877141456,nan,nan,nan
average,stim_0.14_to_0.64s,PZ,3.8134397783401996e-17,-0.31139098889535044,0.31139098889535044,0.23488095238095238,nan,0.06712876341580211,nan,nan,nan
average,stim_0.14_to_0.64s,P2,0.12679132837194132,-0.3138195499805803,0.33846528758550026,0.23166666666666666,nan,0.20336309794392465,nan,nan,nan
average,stim_0.14_to_0.64s,P4,0.2555991277378157,-0.31563863605626796,0.4061510343108748,0.23583333333333334,nan,0.24597739976370683,nan,nan,nan
average,stim_0.14_to_0.64s,P6,0.3831644926704491,-0.33307981188050406,0.5076979313782504,0.24333333333333335,nan,0.2786888296696952,nan,nan,nan
average,stim_0.14_to_0.64s,P8,0.5038313462318709,-0.3660548999796477,0.6227697931378249,0.251547619047619,nan,0.3653469187604715,nan,nan,nan
average,stim_0.14_to_0.64s,PO7,-0.3660548999796478,-0.5038313462318709,0.622769793137825,0.25607142857142856,nan,0.6949122868684033,nan,nan,nan
average,stim_0.14_to_0.64s,PO5,-0.3202971422372838,-0.4408511957539812,0.5449220459139874,0.25333333333333335,nan,0.756998740282497,nan,nan,nan
average,stim_0.14_to_0.64s,PO3,-0.19572631237744492,-0.46110229606836256,0.500923264379275,0.24976190476190477,nan,0.4985163302506397,nan,nan,nan
average,stim_0.14_to_0.64s,POz,5.720010448548868e-17,-0.4670742986901498,0.4670742986901498,0.2505952380952381,nan,0.6009307546081261,nan,nan,nan
average,stim_0.14_to_0.64s,PO4,0.19572631237744492,-0.46110229606836256,0.500923264379275,0.2423809523809524,nan,0.8240325887027176,nan,nan,nan
average,stim_0.14_to_0.64s,PO6,0.3202971422372838,-0.4408511957539812,0.5449220459139874,0.25345238095238093,nan,0.6336057518113809,nan,nan,nan
average,stim_0.14_to_0.64s,PO8,0.3660548999796478,-0.5038313462318709,0.622769793137825,0.24988095238095237,nan,0.5082870773984054,nan,nan,nan
average,stim_0.14_to_0.64s,CB1,-0.6222539674441618,-0.6222539674441617,0.88,0.25476190476190474,nan,0.5517784765662056,nan,nan,nan
average,stim_0.14_to_0.64s,O1,-0.19244644966295849,-0.5922892699155132,0.622769793137825,0.2571428571428571,nan,0.7946558375162703,nan,nan,nan
average,stim_0.14_to_0.64s,Oz,7.626730337718967e-17,-0.622769793137825,0.622769793137825,0.2636904761904762,nan,0.9523372493022777,nan,nan,nan
average,stim_0.14_to_0.64s,O2,0.19244644966295849,-0.5922892699155132,0.622769793137825,0.254047619047619,nan,0.855411438293877,nan,nan,nan
average,stim_0.14_to_0.64s,CB2,0.6222539674441618,-0.6222539674441617,0.88,0.2605952380952381,nan,0.3607143495438447,nan,nan,nan
average,late_1.14_to_2.64s,FP1,-0.1924464496629584,0.5922892699155132,0.6227697931378249,0.251547619047619,nan,0.7037382207595826,nan,nan,nan
average,late_1.14_to_2.64s,FPZ,0.0,0.622769793137825,0.622769793137825,0.2675,nan,0.8480382354722582,nan,nan,nan
average,late_1.14_to_2.64s,FP2,0.1924464496629584,0.5922892699155132,0.6227697931378249,0.24833333333333332,nan,0.641408480539152,nan,nan,nan
average,late_1.14_to_2.64s,AF3,-0.19572631237744492,0.46110229606836256,0.500923264379275,0.25273809523809526,nan,0.9874416497752542,nan,nan,nan
average,late_1.14_to_2.64s,AF4,0.19572631237744492,0.46110229606836256,0.500923264379275,0.24392857142857144,nan,1.0,nan,nan,nan
average,late_1.14_to_2.64s,F7,-0.5038313462318709,0.36605489997964774,0.6227697931378249,0.20714285714285716,nan,0.10802618278007688,nan,nan,nan
average,late_1.14_to_2.64s,F5,-0.38316449267044905,0.3330798118805041,0.5076979313782504,0.20773809523809525,nan,0.26350784872626704,nan,nan,nan
average,late_1.14_to_2.64s,F3,-0.2555991277378157,0.31563863605626796,0.4061510343108748,0.22726190476190475,nan,0.4737191201281914,nan,nan,nan
average,late_1.14_to_2.64s,F1,-0.12679132837194124,0.31381954998058037,0.3384652875855003,0.23273809523809524,nan,0.6247314316165125,nan,nan,nan
average,late_1.14_to_2.64s,FZ,0.0,0.31139098889535044,0.31139098889535044,0.21785714285714286,nan,0.5455751858316095,nan,nan,nan
average,late_1.14_to_2.64s,F2,0.12679132837194124,0.31381954998058037,0.3384652875855003,0.23416666666666666,nan,0.7803387634967256,nan,nan,nan
average,late_1.14_to_2.64s,F4,0.2555991277378157,0.31563863605626796,0.4061510343108748,0.22297619047619047,nan,0.6199019913843486,nan,nan,nan
average,late_1.14_to_2.64s,F6,0.38316449267044905,0.3330798118805041,0.5076979313782504,0.21083333333333334,nan,0.4238006579134555,nan,nan,nan
average,late_1.14_to_2.64s,F8,0.5038313462318709,0.36605489997964774,0.6227697931378249,0.2155952380952381,nan,0.2930760287444082,nan,nan,nan
average,late_1.14_to_2.64s,FT7,-0.5922892699155132,0.19244644966295846,0.622769793137825,0.20523809523809525,nan,0.09624240399255751,nan,nan,nan
average,late_1.14_to_2.64s,FC5,-0.4486894406361628,0.17223573916038115,0.4806114480352247,0.21226190476190476,nan,0.2442848586566242,nan,nan,nan
average,late_1.14_to_2.64s,FC3,-0.2988471109399219,0.15889982751154078,0.33846528758550026,0.21119047619047618,nan,0.42936717371668837,nan,nan,nan
average,late_1.14_to_2.64s,FC1,-0.15317259329874983,0.15317259329874983,0.21661875882695025,0.2195238095238095,nan,0.5039022609787952,nan,nan,nan
average,late_1.14_to_2.64s,FCz,0.0,0.15569549444767522,0.15569549444767522,0.2057142857142857,nan,0.29303645107041304,nan,nan,nan
average,late_1.14_to_2.64s,FC2,0.15317259329874983,0.15317259329874983,0.21661875882695025,0.21154761904761904,nan,0.4073035565952927,nan,nan,nan
average,late_1.14_to_2.64s,FC4,0.2988471109399219,0.15889982751154078,0.33846528758550026,0.1975,nan,0.3560599483566651,nan,nan,nan
average,late_1.14_to_2.64s,FC6,0.4486894406361628,0.17223573916038115,0.4806114480352247,0.20785714285714285,nan,0.4383442802848118,nan,nan,nan
average,late_1.14_to_2.64s,FT8,0.5922892699155132,0.19244644966295846,0.622769793137825,0.21607142857142858,nan,0.38659695202691724,nan,nan,nan
average,late_1.14_to_2.64s,T7,-0.622769793137825,3.8133651688594835e-17,0.622769793137825,0.21976190476190477,nan,0.2982184481089786,nan,nan,nan
average,late_1.14_to_2.64s,C5,-0.4670742986901498,2.860005224274434e-17,0.4670742986901498,0.20654761904761904,nan,0.201305075703447,nan,nan,nan
average,late_1.14_to_2.64s,C3,-0.31139098889535044,1.9067198891700998e-17,0.31139098889535044,0.2063095238095238,nan,0.28062217023590585,nan,nan,nan
average,late_1.14_to_2.64s,C1,-0.15569549444767522,9.533599445850499e-18,0.15569549444767522,0.2086904761904762,nan,0.30097501217270556,nan,nan,nan
average,late_1.14_to_2.64s,Cz,0.0,0.0,0.0,0.2063095238095238,nan,0.2879566069225126,nan,nan,nan
average,late_1.14_to_2.64s,C2,0.15569549444767522,9.533599445850499e-18,0.15569549444767522,0.20297619047619048,nan,0.21136906550129697,nan,nan,nan
average,late_1.14_to_2.64s,C4,0.31139098889535044,1.9067198891700998e-17,0.31139098889535044,0.2063095238095238,nan,0.14825437091098423,nan,nan,nan
average,late_1.14_to_2.64s,C6,0.4670742986901498,2.860005224274434e-17,0.4670742986901498,0.21964285714285714,nan,0.3677535739129747,nan,nan,nan
average,late_1.14_to_2.64s,T8,0.622769793137825,3.8133651688594835e-17,0.622769793137825,0.22952380952380952,nan,0.508180829450867,nan,nan,nan
average,late_1.14_to_2.64s,M1,0.8664628506549251,5.305554783173226e-17,0.8664628506549251,0.2392857142857143,nan,0.5585956208398157,nan,nan,nan
average,late_1.14_to_2.64s,TP7,-0.5922892699155132,-0.19244644966295837,0.6227697931378249,0.20892857142857144,nan,0.38501984783693416,nan,nan,nan
average,late_1.14_to_2.64s,CP5,-0.4486894406361628,-0.17223573916038112,0.4806114480352247,0.20261904761904762,nan,0.2692890910284276,nan,nan,nan
average,late_1.14_to_2.64s,CP3,-0.2988471109399219,-0.15889982751154083,0.33846528758550026,0.20595238095238094,nan,0.17277243671949258,nan,nan,nan
average,late_1.14_to_2.64s,CP1,-0.15317259329874983,-0.1531725932987498,0.21661875882695023,0.20357142857142857,nan,0.26844090927673514,nan,nan,nan
average,late_1.14_to_2.64s,CPZ,1.9067198891700998e-17,-0.15569549444767522,0.15569549444767522,0.2073809523809524,nan,0.23921725881790842,nan,nan,nan
average,late_1.14_to_2.64s,CP2,0.15317259329874983,-0.1531725932987498,0.21661875882695023,0.19988095238095238,nan,0.21887414141376949,nan,nan,nan
average,late_1.14_to_2.64s,CP4,0.2988471109399219,-0.15889982751154083,0.33846528758550026,0.20261904761904762,nan,0.06424250361848449,nan,nan,nan
average,late_1.14_to_2.64s,CP6,0.4486894406361628,-0.17223573916038112,0.4806114480352247,0.21880952380952381,nan,0.5623010937814689,nan,nan,nan
average,late_1.14_to_2.64s,TP8,0.5922892699155132,-0.19244644966295837,0.6227697931378249,0.2338095238095238,nan,0.6995092964374658,nan,nan,nan
average,late_1.14_to_2.64s,M2,-0.8664628506549251,5.305554783173226e-17,0.8664628506549251,0.25142857142857145,nan,0.5359292359706974,nan,nan,nan
average,late_1.14_to_2.64s,P7,-0.5038313462318709,-0.3660548999796477,0.6227697931378249,0.21904761904761905,nan,0.4784181478086916,nan,nan,nan
average,late_1.14_to_2.64s,P5,-0.3831644926704491,-0.33307981188050406,0.5076979313782504,0.2163095238095238,nan,0.4131705064893997,nan,nan,nan
average,late_1.14_to_2.64s,P3,-0.2555991277378157,-0.31563863605626796,0.4061510343108748,0.20964285714285713,nan,0.23149854522054075,nan,nan,nan
average,late_1.14_to_2.64s,P1,-0.12679132837194132,-0.3138195499805803,0.33846528758550026,0.2055952380952381,nan,0.23359265053198427,nan,nan,nan
average,late_1.14_to_2.64s,PZ,3.8134397783401996e-17,-0.31139098889535044,0.31139098889535044,0.2011904761904762,nan,0.1335775023112653,nan,nan,nan
average,late_1.14_to_2.64s,P2,0.12679132837194132,-0.3138195499805803,0.33846528758550026,0.19904761904761906,nan,0.183151322252824,nan,nan,nan
average,late_1.14_to_2.64s,P4,0.2555991277378157,-0.31563863605626796,0.4061510343108748,0.20488095238095239,nan,0.2891969368545963,nan,nan,nan
average,late_1.14_to_2.64s,P6,0.3831644926704491,-0.33307981188050406,0.5076979313782504,0.21357142857142858,nan,0.5358832146210332,nan,nan,nan
average,late_1.14_to_2.64s,P8,0.5038313462318709,-0.3660548999796477,0.6227697931378249,0.21607142857142858,nan,0.542610470767561,nan,nan,nan
average,late_1.14_to_2.64s,PO7,-0.3660548999796478,-0.5038313462318709,0.622769793137825,0.23416666666666666,nan,0.6533276531246797,nan,nan,nan
average,late_1.14_to_2.64s,PO5,-0.3202971422372838,-0.4408511957539812,0.5449220459139874,0.23285714285714285,nan,0.5814572987225665,nan,nan,nan
average,late_1.14_to_2.64s,PO3,-0.19572631237744492,-0.46110229606836256,0.500923264379275,0.21845238095238095,nan,0.41961134711669357,nan,nan,nan
average,late_1.14_to_2.64s,POz,5.720010448548868e-17,-0.4670742986901498,0.4670742986901498,0.21011904761904762,nan,0.37828685580429766,nan,nan,nan
average,late_1.14_to_2.64s,PO4,0.19572631237744492,-0.46110229606836256,0.500923264379275,0.2138095238095238,nan,0.557215710425973,nan,nan,nan
average,late_1.14_to_2.64s,PO6,0.3202971422372838,-0.4408511957539812,0.5449220459139874,0.22047619047619046,nan,0.5176948375917446,nan,nan,nan
average,late_1.14_to_2.64s,PO8,0.3660548999796478,-0.5038313462318709,0.622769793137825,0.22011904761904763,nan,0.48260982117591966,nan,nan,nan
average,late_1.14_to_2.64s,CB1,-0.6222539674441618,-0.6222539674441617,0.88,0.235,nan,0.6021134826331798,nan,nan,nan
average,late_1.14_to_2.64s,O1,-0.19244644966295849,-0.5922892699155132,0.622769793137825,0.2361904761904762,nan,0.6780077865883924,nan,nan,nan
average,late_1.14_to_2.64s,Oz,7.626730337718967e-17,-0.622769793137825,0.622769793137825,0.22904761904761906,nan,0.7090555940789759,nan,nan,nan
average,late_1.14_to_2.64s,O2,0.19244644966295849,-0.5922892699155132,0.622769793137825,0.22607142857142856,nan,0.698280149318696,nan,nan,nan
average,late_1.14_to_2.64s,CB2,0.6222539674441618,-0.6222539674441617,0.88,0.2336904761904762,nan,0.6851848695675195,nan,nan,nan
mastoid,prestim_-0.50_to_0.00s,FP1,-0.1924464496629584,0.5922892699155132,0.6227697931378249,0.3423809523809524,0.1675,0.7540620090566957,nan,nan,nan
mastoid,prestim_-0.50_to_0.00s,FPZ,0.0,0.622769793137825,0.622769793137825,0.3555952380952381,0.13726190476190475,1.0,nan,nan,nan
mastoid,prestim_-0.50_to_0.00s,FP2,0.1924464496629584,0.5922892699155132,0.6227697931378249,0.3514285714285714,0.15428571428571428,0.8177716577105295,nan,nan,nan
mastoid,prestim_-0.50_to_0.00s,AF3,-0.19572631237744492,0.46110229606836256,0.500923264379275,0.33845238095238095,0.17142857142857143,0.9500923282038782,nan,nan,nan
mastoid,prestim_-0.50_to_0.00s,AF4,0.19572631237744492,0.46110229606836256,0.500923264379275,0.3539285714285714,0.16047619047619047,0.9842590730894832,nan,nan,nan
mastoid,prestim_-0.50_to_0.00s,F7,-0.5038313462318709,0.36605489997964774,0.6227697931378249,0.25702380952380954,0.2907142857142857,0.5141196971601911,nan,nan,nan
mastoid,prestim_-0.50_to_0.00s,F5,-0.38316449267044905,0.3330798118805041,0.5076979313782504,0.27845238095238095,0.24273809523809523,0.577134504431168,nan,nan,nan
mastoid,prestim_-0.50_to_0.00s,F3,-0.2555991277378157,0.31563863605626796,0.4061510343108748,0.32357142857142857,0.19297619047619047,0.6529444456528448,nan,nan,nan
mastoid,prestim_-0.50_to_0.00s,F1,-0.12679132837194124,0.31381954998058037,0.3384652875855003,0.3522619047619048,0.15535714285714286,0.7308951498499294,nan,nan,nan
mastoid,prestim_-0.50_to_0.00s,FZ,0.0,0.31139098889535044,0.31139098889535044,0.3620238095238095,0.12892857142857142,0.9457517357964873,nan,nan,nan
mastoid,prestim_-0.50_to_0.00s,F2,0.12679132837194124,0.31381954998058037,0.3384652875855003,0.3582142857142857,0.1432142857142857,0.841854042152616,nan,nan,nan
mastoid,prestim_-0.50_to_0.00s,F4,0.2555991277378157,0.31563863605626796,0.4061510343108748,0.33,0.18023809523809523,0.7504887949222941,nan,nan,nan
mastoid,prestim_-0.50_to_0.00s,F6,0.38316449267044905,0.3330798118805041,0.5076979313782504,0.2929761904761905,0.22845238095238096,0.6418162770334084,nan,nan,nan
mastoid,prestim_-0.50_to_0.00s,F8,0.5038313462318709,0.36605489997964774,0.6227697931378249,0.2633333333333333,0.2832142857142857,0.5460857733333486,nan,nan,nan
mastoid,prestim_-0.50_to_0.00s,FT7,-0.5922892699155132,0.19244644966295846,0.622769793137825,0.24857142857142858,0.26821428571428574,0.3000706689088747,nan,nan,nan
mastoid,prestim_-0.50_to_0.00s,FC5,-0.4486894406361628,0.17223573916038115,0.4806114480352247,0.2779761904761905,0.24464285714285713,0.5246851196010092,nan,nan,nan
mastoid,prestim_-0.50_to_0.00s,FC3,-0.2988471109399219,0.15889982751154078,0.33846528758550026,0.32357142857142857,0.17892857142857144,0.7669330063225327,nan,nan,nan
mastoid,prestim_-0.50_to_0.00s,FC1,-0.15317259329874983,0.15317259329874983,0.21661875882695025,0.3410714285714286,0.1544047619047619,0.7288311165993696,nan,nan,nan
mastoid,prestim_-0.50_to_0.00s,FCz,0.0,0.15569549444767522,0.15569549444767522,0.34345238095238095,0.13178571428571428,0.7717681489030271,nan,nan,nan
mastoid,prestim_-0.50_to_0.00s,FC2,0.15317259329874983,0.15317259329874983,0.21661875882695025,0.3426190476190476,0.15047619047619049,0.7264563071272855,nan,nan,nan
mastoid,prestim_-0.50_to_0.00s,FC4,0.2988471109399219,0.15889982751154078,0.33846528758550026,0.33130952380952383,0.17452380952380953,0.6324049982563128,nan,nan,nan
mastoid,prestim_-0.50_to_0.00s,FC6,0.4486894406361628,0.17223573916038115,0.4806114480352247,0.28583333333333333,0.23166666666666666,0.5794162637638989,nan,nan,nan
mastoid,prestim_-0.50_to_0.00s,FT8,0.5922892699155132,0.19244644966295846,0.622769793137825,0.25845238095238093,0.28154761904761905,0.4168374116722564,nan,nan,nan
mastoid,prestim_-0.50_to_0.00s,T7,-0.622769793137825,3.8133651688594835e-17,0.622769793137825,0.2509523809523809,0.27071428571428574,0.31101231339072355,nan,nan,nan
mastoid,prestim_-0.50_to_0.00s,C5,-0.4670742986901498,2.860005224274434e-17,0.4670742986901498,0.2876190476190476,0.23035714285714284,0.42972787970686815,nan,nan,nan
mastoid,prestim_-0.50_to_0.00s,C3,-0.31139098889535044,1.9067198891700998e-17,0.31139098889535044,0.32785714285714285,0.18797619047619046,0.7535364922457183,nan,nan,nan
mastoid,prestim_-0.50_to_0.00s,C1,-0.15569549444767522,9.533599445850499e-18,0.15569549444767522,0.3454761904761905,0.15488095238095237,0.7441871657390449,nan,nan,nan
mastoid,prestim_-0.50_to_0.00s,Cz,0.0,0.0,0.0,0.3380952380952381,0.1336904761904762,0.7169125042338589,nan,nan,nan
mastoid,prestim_-0.50_to_0.00s,C2,0.15569549444767522,9.533599445850499e-18,0.15569549444767522,0.3348809523809524,0.1525,0.7142773782605024,nan,nan,nan
mastoid,prestim_-0.50_to_0.00s,C4,0.31139098889535044,1.9067198891700998e-17,0.31139098889535044,0.3192857142857143,0.1788095238095238,0.6704088512339139,nan,nan,nan
mastoid,prestim_-0.50_to_0.00s,C6,0.4670742986901498,2.860005224274434e-17,0.4670742986901498,0.2905952380952381,0.22428571428571428,0.4753352048736786,nan,nan,nan
mastoid,prestim_-0.50_to_0.00s,T8,0.622769793137825,3.8133651688594835e-17,0.622769793137825,0.26166666666666666,0.26154761904761903,0.3758835256283515,nan,nan,nan
mastoid,prestim_-0.50_to_0.00s,M1,0.8664628506549251,5.305554783173226e-17,0.8664628506549251,0.215,0.30654761904761907,0.11654631465830219,nan,nan,nan
mastoid,prestim_-0.50_to_0.00s,TP7,-0.5922892699155132,-0.19244644966295837,0.6227697931378249,0.2719047619047619,0.2288095238095238,0.2569952070330257,nan,nan,nan
mastoid,prestim_-0.50_to_0.00s,CP5,-0.4486894406361628,-0.17223573916038112,0.4806114480352247,0.3,0.2011904761904762,0.3836841282199529,nan,nan,nan
mastoid,prestim_-0.50_to_0.00s,CP3,-0.2988471109399219,-0.15889982751154083,0.33846528758550026,0.33130952380952383,0.17226190476190475,0.5970991574674158,nan,nan,nan
mastoid,prestim_-0.50_to_0.00s,CP1,-0.15317259329874983,-0.1531725932987498,0.21661875882695023,0.3423809523809524,0.14976190476190476,0.6711097514078398,nan,nan,nan
mastoid,prestim_-0.50_to_0.00s,CPZ,1.9067198891700998e-17,-0.15569549444767522,0.15569549444767522,0.34023809523809523,0.13023809523809524,0.6755449925742942,nan,nan,nan
mastoid,prestim_-0.50_to_0.00s,CP2,0.15317259329874983,-0.1531725932987498,0.21661875882695023,0.34,0.1457142857142857,0.7081085063997026,nan,nan,nan
mastoid,prestim_-0.50_to_0.00s,CP4,0.2988471109399219,-0.15889982751154083,0.33846528758550026,0.3255952380952381,0.1667857142857143,0.5974960566332939,nan,nan,nan
mastoid,prestim_-0.50_to_0.00s,CP6,0.4486894406361628,-0.17223573916038112,0.4806114480352247,0.2991666666666667,0.19797619047619047,0.40593679880715045,nan,nan,nan
mastoid,prestim_-0.50_to_0.00s,TP8,0.5922892699155132,-0.19244644966295837,0.6227697931378249,0.2708333333333333,0.23654761904761903,0.34075099195539016,nan,nan,nan
mastoid,prestim_-0.50_to_0.00s,M2,-0.8664628506549251,5.305554783173226e-17,0.8664628506549251,0.215,0.30654761904761907,0.11654631657258317,nan,nan,nan
mastoid,prestim_-0.50_to_0.00s,P7,-0.5038313462318709,-0.3660548999796477,0.6227697931378249,0.2844047619047619,0.1920238095238095,0.26166670923021684,nan,nan,nan
mastoid,prestim_-0.50_to_0.00s,P5,-0.3831644926704491,-0.33307981188050406,0.5076979313782504,0.31773809523809526,0.1725,0.35375396776856005,nan,nan,nan
mastoid,prestim_-0.50_to_0.00s,P3,-0.2555991277378157,-0.31563863605626796,0.4061510343108748,0.32535714285714284,0.16607142857142856,0.5036466361340411,nan,nan,nan
mastoid,prestim_-0.50_to_0.00s,P1,-0.12679132837194132,-0.3138195499805803,0.33846528758550026,0.3314285714285714,0.13583333333333333,0.6306719399496072,nan,nan,nan
mastoid,prestim_-0.50_to_0.00s,PZ,3.8134397783401996e-17,-0.31139098889535044,0.31139098889535044,0.33630952380952384,0.12892857142857142,0.6101264568743624,nan,nan,nan
mastoid,prestim_-0.50_to_0.00s,P2,0.12679132837194132,-0.3138195499805803,0.33846528758550026,0.3351190476190476,0.14357142857142857,0.6431300951812655,nan,nan,nan
mastoid,prestim_-0.50_to_0.00s,P4,0.2555991277378157,-0.31563863605626796,0.4061510343108748,0.32761904761904764,0.16404761904761905,0.47566611571089795,nan,nan,nan
mastoid,prestim_-0.50_to_0.00s,P6,0.3831644926704491,-0.33307981188050406,0.5076979313782504,0.3119047619047619,0.17785714285714285,0.32025991209020244,nan,nan,nan
mastoid,prestim_-0.50_to_0.00s,P8,0.5038313462318709,-0.3660548999796477,0.6227697931378249,0.2926190476190476,0.19238095238095237,0.2824307576005296,nan,nan,nan
mastoid,prestim_-0.50_to_0.00s,PO7,-0.3660548999796478,-0.5038313462318709,0.622769793137825,0.30416666666666664,0.16023809523809524,0.293436957585241,nan,nan,nan
mastoid,prestim_-0.50_to_0.00s,PO5,-0.3202971422372838,-0.4408511957539812,0.5449220459139874,0.31226190476190474,0.15916666666666668,0.35648695701365374,nan,nan,nan
mastoid,prestim_-0.50_to_0.00s,PO3,-0.19572631237744492,-0.46110229606836256,0.500923264379275,0.30988095238095237,0.14916666666666667,0.41383802844399975,nan,nan,nan
mastoid,prestim_-0.50_to_0.00s,POz,5.720010448548868e-17,-0.4670742986901498,0.4670742986901498,0.31666666666666665,0.1351190476190476,0.44073835468896133,nan,nan,nan
mastoid,prestim_-0.50_to_0.00s,PO4,0.19572631237744492,-0.46110229606836256,0.500923264379275,0.31845238095238093,0.1425,0.3851978271793853,nan,nan,nan
mastoid,prestim_-0.50_to_0.00s,PO6,0.3202971422372838,-0.4408511957539812,0.5449220459139874,0.3080952380952381,0.15773809523809523,0.300242786863332,nan,nan,nan
mastoid,prestim_-0.50_to_0.00s,PO8,0.3660548999796478,-0.5038313462318709,0.622769793137825,0.3022619047619048,0.16273809523809524,0.26808784012294423,nan,nan,nan
mastoid,prestim_-0.50_to_0.00s,CB1,-0.6222539674441618,-0.6222539674441617,0.88,0.2898809523809524,0.12488095238095238,0.2292401101614024,nan,nan,nan
mastoid,prestim_-0.50_to_0.00s,O1,-0.19244644966295849,-0.5922892699155132,0.622769793137825,0.2969047619047619,0.1392857142857143,0.25678566201384845,nan,nan,nan
mastoid,prestim_-0.50_to_0.00s,Oz,7.626730337718967e-17,-0.622769793137825,0.622769793137825,0.2923809523809524,0.1332142857142857,0.25455593109519137,nan,nan,nan
mastoid,prestim_-0.50_to_0.00s,O2,0.19244644966295849,-0.5922892699155132,0.622769793137825,0.2986904761904762,0.1473809523809524,0.25537937571774555,nan,nan,nan
mastoid,prestim_-0.50_to_0.00s,CB2,0.6222539674441618,-0.6222539674441617,0.88,0.28809523809523807,0.1430952380952381,0.23472098538197395,nan,nan,nan
mastoid,prestimTRIM_-0.50_to_-0.10s,FP1,-0.1924464496629584,0.5922892699155132,0.6227697931378249,0.3414285714285714,0.16464285714285715,0.7679552773788715,nan,nan,nan
mastoid,prestimTRIM_-0.50_to_-0.10s,FPZ,0.0,0.622769793137825,0.622769793137825,0.3551190476190476,0.13214285714285715,1.0,nan,nan,nan
mastoid,prestimTRIM_-0.50_to_-0.10s,FP2,0.1924464496629584,0.5922892699155132,0.6227697931378249,0.3498809523809524,0.14964285714285713,0.8232783997356429,nan,nan,nan
mastoid,prestimTRIM_-0.50_to_-0.10s,AF3,-0.19572631237744492,0.46110229606836256,0.500923264379275,0.33785714285714286,0.17154761904761906,0.9639945075417452,nan,nan,nan
mastoid,prestimTRIM_-0.50_to_-0.10s,AF4,0.19572631237744492,0.46110229606836256,0.500923264379275,0.3569047619047619,0.16107142857142856,0.9813163501814693,nan,nan,nan
mastoid,prestimTRIM_-0.50_to_-0.10s,F7,-0.5038313462318709,0.36605489997964774,0.6227697931378249,0.25297619047619047,0.2889285714285714,0.5435596019785894,nan,nan,nan
mastoid,prestimTRIM_-0.50_to_-0.10s,F5,-0.38316449267044905,0.3330798118805041,0.5076979313782504,0.27726190476190476,0.24678571428571427,0.6022692048448377,nan,nan,nan
mastoid,prestimTRIM_-0.50_to_-0.10s,F3,-0.2555991277378157,0.31563863605626796,0.4061510343108748,0.3223809523809524,0.19095238095238096,0.6677720239017153,nan,nan,nan
mastoid,prestimTRIM_-0.50_to_-0.10s,F1,-0.12679132837194124,0.31381954998058037,0.3384652875855003,0.3529761904761905,0.14952380952380953,0.7401692739423829,nan,nan,nan
mastoid,prestimTRIM_-0.50_to_-0.10s,FZ,0.0,0.31139098889535044,0.31139098889535044,0.36095238095238097,0.13023809523809524,0.9577691710465882,nan,nan,nan
mastoid,prestimTRIM_-0.50_to_-0.10s,F2,0.12679132837194124,0.31381954998058037,0.3384652875855003,0.35928571428571426,0.1413095238095238,0.8474453550276799,nan,nan,nan
mastoid,prestimTRIM_-0.50_to_-0.10s,F4,0.2555991277378157,0.31563863605626796,0.4061510343108748,0.3273809523809524,0.1773809523809524,0.7490145905100306,nan,nan,nan
mastoid,prestimTRIM_-0.50_to_-0.10s,F6,0.38316449267044905,0.3330798118805041,0.5076979313782504,0.2891666666666667,0.22607142857142856,0.640573967709936,nan,nan,nan
mastoid,prestimTRIM_-0.50_to_-0.10s,F8,0.5038313462318709,0.36605489997964774,0.6227697931378249,0.26071428571428573,0.2807142857142857,0.5463241005926088,nan,nan,nan
mastoid,prestimTRIM_-0.50_to_-0.10s,FT7,-0.5922892699155132,0.19244644966295846,0.622769793137825,0.2438095238095238,0.2705952380952381,0.315566636146871,nan,nan,nan
mastoid,prestimTRIM_-0.50_to_-0.10s,FC5,-0.4486894406361628,0.17223573916038115,0.4806114480352247,0.2794047619047619,0.24428571428571427,0.5428713109135926,nan,nan,nan
mastoid,prestimTRIM_-0.50_to_-0.10s,FC3,-0.2988471109399219,0.15889982751154078,0.33846528758550026,0.3275,0.1788095238095238,0.785206840161461,nan,nan,nan
mastoid,prestimTRIM_-0.50_to_-0.10s,FC1,-0.15317259329874983,0.15317259329874983,0.21661875882695025,0.3439285714285714,0.15047619047619049,0.7425448239259859,nan,nan,nan
mastoid,prestimTRIM_-0.50_to_-0.10s,FCz,0.0,0.15569549444767522,0.15569549444767522,0.34226190476190477,0.12678571428571428,0.7827861050208608,nan,nan,nan
mastoid,prestimTRIM_-0.50_to_-0.10s,FC2,0.15317259329874983,0.15317259329874983,0.21661875882695025,0.3385714285714286,0.14559523809523808,0.7339209258112809,nan,nan,nan
mastoid,prestimTRIM_-0.50_to_-0.10s,FC4,0.2988471109399219,0.15889982751154078,0.33846528758550026,0.32976190476190476,0.17023809523809524,0.6318210213346445,nan,nan,nan
mastoid,prestimTRIM_-0.50_to_-0.10s,FC6,0.4486894406361628,0.17223573916038115,0.4806114480352247,0.28023809523809523,0.23083333333333333,0.5817375696531654,nan,nan,nan
mastoid,prestimTRIM_-0.50_to_-0.10s,FT8,0.5922892699155132,0.19244644966295846,0.622769793137825,0.259047619047619,0.28023809523809523,0.4228480978413764,nan,nan,nan
mastoid,prestimTRIM_-0.50_to_-0.10s,T7,-0.622769793137825,3.8133651688594835e-17,0.622769793137825,0.24988095238095237,0.2654761904761905,0.3229036895525537,nan,nan,nan
mastoid,prestimTRIM_-0.50_to_-0.10s,C5,-0.4670742986901498,2.860005224274434e-17,0.4670742986901498,0.28809523809523807,0.22642857142857142,0.4397508795768741,nan,nan,nan
mastoid,prestimTRIM_-0.50_to_-0.10s,C3,-0.31139098889535044,1.9067198891700998e-17,0.31139098889535044,0.3275,0.18488095238095237,0.7745770488368602,nan,nan,nan
mastoid,prestimTRIM_-0.50_to_-0.10s,C1,-0.15569549444767522,9.533599445850499e-18,0.15569549444767522,0.34154761904761904,0.1492857142857143,0.7599947314171842,nan,nan,nan
mastoid,prestimTRIM_-0.50_to_-0.10s,Cz,0.0,0.0,0.0,0.3386904761904762,0.1255952380952381,0.7278575390925907,nan,nan,nan
mastoid,prestimTRIM_-0.50_to_-0.10s,C2,0.15569549444767522,9.533599445850499e-18,0.15569549444767522,0.3344047619047619,0.14809523809523809,0.7234844492248391,nan,nan,nan
mastoid,prestimTRIM_-0.50_to_-0.10s,C4,0.31139098889535044,1.9067198891700998e-17,0.31139098889535044,0.32095238095238093,0.17714285714285713,0.6789829807152138,nan,nan,nan
mastoid,prestimTRIM_-0.50_to_-0.10s,C6,0.4670742986901498,2.860005224274434e-17,0.4670742986901498,0.28904761904761905,0.21988095238095237,0.4722369806556139,nan,nan,nan
mastoid,prestimTRIM_-0.50_to_-0.10s,T8,0.622769793137825,3.8133651688594835e-17,0.622769793137825,0.2608333333333333,0.2596428571428571,0.3807616973378905,nan,nan,nan
mastoid,prestimTRIM_-0.50_to_-0.10s,M1,0.8664628506549251,5.305554783173226e-17,0.8664628506549251,0.2155952380952381,0.30083333333333334,0.19021225006900672,nan,nan,nan
mastoid,prestimTRIM_-0.50_to_-0.10s,TP7,-0.5922892699155132,-0.19244644966295837,0.6227697931378249,0.2671428571428571,0.22952380952380952,0.2618280813233179,nan,nan,nan
mastoid,prestimTRIM_-0.50_to_-0.10s,CP5,-0.4486894406361628,-0.17223573916038112,0.4806114480352247,0.30238095238095236,0.1976190476190476,0.39139453371202476,nan,nan,nan
mastoid,prestimTRIM_-0.50_to_-0.10s,CP3,-0.2988471109399219,-0.15889982751154083,0.33846528758550026,0.33416666666666667,0.17107142857142857,0.6124826795888897,nan,nan,nan
mastoid,prestimTRIM_-0.50_to_-0.10s,CP1,-0.15317259329874983,-0.1531725932987498,0.21661875882695023,0.34273809523809523,0.14261904761904762,0.6867234999749295,nan,nan,nan
mastoid,prestimTRIM_-0.50_to_-0.10s,CPZ,1.9067198891700998e-17,-0.15569549444767522,0.15569549444767522,0.3383333333333333,0.1280952380952381,0.6883904913153519,nan,nan,nan
mastoid,prestimTRIM_-0.50_to_-0.10s,CP2,0.15317259329874983,-0.1531725932987498,0.21661875882695023,0.3348809523809524,0.1469047619047619,0.7206944946482122,nan,nan,nan
mastoid,prestimTRIM_-0.50_to_-0.10s,CP4,0.2988471109399219,-0.15889982751154083,0.33846528758550026,0.3229761904761905,0.16702380952380952,0.6077213009622404,nan,nan,nan
mastoid,prestimTRIM_-0.50_to_-0.10s,CP6,0.4486894406361628,-0.17223573916038112,0.4806114480352247,0.3,0.19416666666666665,0.40889293288467793,nan,nan,nan
mastoid,prestimTRIM_-0.50_to_-0.10s,TP8,0.5922892699155132,-0.19244644966295837,0.6227697931378249,0.2723809523809524,0.22845238095238096,0.34398211365454806,nan,nan,nan
mastoid,prestimTRIM_-0.50_to_-0.10s,M2,-0.8664628506549251,5.305554783173226e-17,0.8664628506549251,0.2155952380952381,0.30083333333333334,0.1902122526390754,nan,nan,nan
mastoid,prestimTRIM_-0.50_to_-0.10s,P7,-0.5038313462318709,-0.3660548999796477,0.6227697931378249,0.28273809523809523,0.19107142857142856,0.26750191630678893,nan,nan,nan
mastoid,prestimTRIM_-0.50_to_-0.10s,P5,-0.3831644926704491,-0.33307981188050406,0.5076979313782504,0.3107142857142857,0.17261904761904762,0.35677165137548195,nan,nan,nan
mastoid,prestimTRIM_-0.50_to_-0.10s,P3,-0.2555991277378157,-0.31563863605626796,0.4061510343108748,0.3236904761904762,0.1619047619047619,0.5153043666728113,nan,nan,nan
mastoid,prestimTRIM_-0.50_to_-0.10s,P1,-0.12679132837194132,-0.3138195499805803,0.33846528758550026,0.3348809523809524,0.1355952380952381,0.6487687876249881,nan,nan,nan
mastoid,prestimTRIM_-0.50_to_-0.10s,PZ,3.8134397783401996e-17,-0.31139098889535044,0.31139098889535044,0.33666666666666667,0.13047619047619047,0.6288286481658284,nan,nan,nan
mastoid,prestimTRIM_-0.50_to_-0.10s,P2,0.12679132837194132,-0.3138195499805803,0.33846528758550026,0.3339285714285714,0.14345238095238094,0.659795730899687,nan,nan,nan
mastoid,prestimTRIM_-0.50_to_-0.10s,P4,0.2555991277378157,-0.31563863605626796,0.4061510343108748,0.32666666666666666,0.16476190476190475,0.4820162250651723,nan,nan,nan
mastoid,prestimTRIM_-0.50_to_-0.10s,P6,0.3831644926704491,-0.33307981188050406,0.5076979313782504,0.31285714285714283,0.17761904761904762,0.3207808934991856,nan,nan,nan
mastoid,prestimTRIM_-0.50_to_-0.10s,P8,0.5038313462318709,-0.3660548999796477,0.6227697931378249,0.2914285714285714,0.19392857142857142,0.2863811385663558,nan,nan,nan
mastoid,prestimTRIM_-0.50_to_-0.10s,PO7,-0.3660548999796478,-0.5038313462318709,0.622769793137825,0.2994047619047619,0.15904761904761905,0.2920329994217914,nan,nan,nan
mastoid,prestimTRIM_-0.50_to_-0.10s,PO5,-0.3202971422372838,-0.4408511957539812,0.5449220459139874,0.30904761904761907,0.15642857142857142,0.35967899159792055,nan,nan,nan
mastoid,prestimTRIM_-0.50_to_-0.10s,PO3,-0.19572631237744492,-0.46110229606836256,0.500923264379275,0.30892857142857144,0.14773809523809525,0.4224788434607337,nan,nan,nan
mastoid,prestimTRIM_-0.50_to_-0.10s,POz,5.720010448548868e-17,-0.4670742986901498,0.4670742986901498,0.31761904761904763,0.1336904761904762,0.4503037474380598,nan,nan,nan
mastoid,prestimTRIM_-0.50_to_-0.10s,PO4,0.19572631237744492,-0.46110229606836256,0.500923264379275,0.31976190476190475,0.1351190476190476,0.38953863218064816,nan,nan,nan
mastoid,prestimTRIM_-0.50_to_-0.10s,PO6,0.3202971422372838,-0.4408511957539812,0.5449220459139874,0.30833333333333335,0.15607142857142858,0.3013936665261093,nan,nan,nan
mastoid,prestimTRIM_-0.50_to_-0.10s,PO8,0.3660548999796478,-0.5038313462318709,0.622769793137825,0.30738095238095237,0.16333333333333333,0.26953055413571725,nan,nan,nan
mastoid,prestimTRIM_-0.50_to_-0.10s,CB1,-0.6222539674441618,-0.6222539674441617,0.88,0.2879761904761905,0.13392857142857142,0.22948882948497226,nan,nan,nan
mastoid,prestimTRIM_-0.50_to_-0.10s,O1,-0.19244644966295849,-0.5922892699155132,0.622769793137825,0.2966666666666667,0.13428571428571429,0.2591885271608516,nan,nan,nan
mastoid,prestimTRIM_-0.50_to_-0.10s,Oz,7.626730337718967e-17,-0.622769793137825,0.622769793137825,0.29964285714285716,0.13202380952380952,0.2627447550361129,nan,nan,nan
mastoid,prestimTRIM_-0.50_to_-0.10s,O2,0.19244644966295849,-0.5922892699155132,0.622769793137825,0.30357142857142855,0.1375,0.2583658059431328,nan,nan,nan
mastoid,prestimTRIM_-0.50_to_-0.10s,CB2,0.6222539674441618,-0.6222539674441617,0.88,0.28845238095238096,0.14011904761904762,0.23434269038583655,nan,nan,nan
mastoid,stim_0.14_to_0.64s,FP1,-0.1924464496629584,0.5922892699155132,0.6227697931378249,0.28583333333333333,nan,0.6251238604123962,nan,nan,nan
mastoid,stim_0.14_to_0.64s,FPZ,0.0,0.622769793137825,0.622769793137825,0.3007142857142857,nan,0.8088424411850194,nan,nan,nan
mastoid,stim_0.14_to_0.64s,FP2,0.1924464496629584,0.5922892699155132,0.6227697931378249,0.3019047619047619,nan,0.7019428428525307,nan,nan,nan
mastoid,stim_0.14_to_0.64s,AF3,-0.19572631237744492,0.46110229606836256,0.500923264379275,0.2873809523809524,nan,0.890122008080725,nan,nan,nan
mastoid,stim_0.14_to_0.64s,AF4,0.19572631237744492,0.46110229606836256,0.500923264379275,0.2960714285714286,nan,1.0,nan,nan,nan
mastoid,stim_0.14_to_0.64s,F7,-0.5038313462318709,0.36605489997964774,0.6227697931378249,0.24535714285714286,nan,0.5688619132726546,nan,nan,nan
mastoid,stim_0.14_to_0.64s,F5,-0.38316449267044905,0.3330798118805041,0.5076979313782504,0.25547619047619047,nan,0.6111479189758395,nan,nan,nan
mastoid,stim_0.14_to_0.64s,F3,-0.2555991277378157,0.31563863605626796,0.4061510343108748,0.2779761904761905,nan,0.7364112894454364,nan,nan,nan
mastoid,stim_0.14_to_0.64s,F1,-0.12679132837194124,0.31381954998058037,0.3384652875855003,0.2889285714285714,nan,0.8091794688056404,nan,nan,nan
mastoid,stim_0.14_to_0.64s,FZ,0.0,0.31139098889535044,0.31139098889535044,0.2907142857142857,nan,0.9696507636256206,nan,nan,nan
mastoid,stim_0.14_to_0.64s,F2,0.12679132837194124,0.31381954998058037,0.3384652875855003,0.29428571428571426,nan,0.919801173847797,nan,nan,nan
mastoid,stim_0.14_to_0.64s,F4,0.2555991277378157,0.31563863605626796,0.4061510343108748,0.2836904761904762,nan,0.9248686224314199,nan,nan,nan
mastoid,stim_0.14_to_0.64s,F6,0.38316449267044905,0.3330798118805041,0.5076979313782504,0.2683333333333333,nan,0.8576263485777201,nan,nan,nan
mastoid,stim_0.14_to_0.64s,F8,0.5038313462318709,0.36605489997964774,0.6227697931378249,0.25833333333333336,nan,0.8225970557961697,nan,nan,nan
mastoid,stim_0.14_to_0.64s,FT7,-0.5922892699155132,0.19244644966295846,0.622769793137825,0.24297619047619048,nan,0.4722705221313846,nan,nan,nan
mastoid,stim_0.14_to_0.64s,FC5,-0.4486894406361628,0.17223573916038115,0.4806114480352247,0.2689285714285714,nan,0.6090314377820428,nan,nan,nan
mastoid,stim_0.14_to_0.64s,FC3,-0.2988471109399219,0.15889982751154078,0.33846528758550026,0.2795238095238095,nan,0.854224910124526,nan,nan,nan
mastoid,stim_0.14_to_0.64s,FC1,-0.15317259329874983,0.15317259329874983,0.21661875882695025,0.2866666666666667,nan,0.8347390339212545,nan,nan,nan
mastoid,stim_0.14_to_0.64s,FCz,0.0,0.15569549444767522,0.15569549444767522,0.28785714285714287,nan,0.9187789430111619,nan,nan,nan
mastoid,stim_0.14_to_0.64s,FC2,0.15317259329874983,0.15317259329874983,0.21661875882695025,0.2882142857142857,nan,0.8815597008892635,nan,nan,nan
mastoid,stim_0.14_to_0.64s,FC4,0.2988471109399219,0.15889982751154078,0.33846528758550026,0.28464285714285714,nan,0.8431466849702718,nan,nan,nan
mastoid,stim_0.14_to_0.64s,FC6,0.4486894406361628,0.17223573916038115,0.4806114480352247,0.2702380952380952,nan,0.8137133930854511,nan,nan,nan
mastoid,stim_0.14_to_0.64s,FT8,0.5922892699155132,0.19244644966295846,0.622769793137825,0.24428571428571427,nan,0.7265404076704745,nan,nan,nan
mastoid,stim_0.14_to_0.64s,T7,-0.622769793137825,3.8133651688594835e-17,0.622769793137825,0.24619047619047618,nan,0.47226344238038664,nan,nan,nan
mastoid,stim_0.14_to_0.64s,C5,-0.4670742986901498,2.860005224274434e-17,0.4670742986901498,0.2686904761904762,nan,0.5817177956961598,nan,nan,nan
mastoid,stim_0.14_to_0.64s,C3,-0.31139098889535044,1.9067198891700998e-17,0.31139098889535044,0.27785714285714286,nan,0.8621805644319998,nan,nan,nan
mastoid,stim_0.14_to_0.64s,C1,-0.15569549444767522,9.533599445850499e-18,0.15569549444767522,0.2845238095238095,nan,0.8927236780087503,nan,nan,nan
mastoid,stim_0.14_to_0.64s,Cz,0.0,0.0,0.0,0.2844047619047619,nan,0.9293670397175934,nan,nan,nan
mastoid,stim_0.14_to_0.64s,C2,0.15569549444767522,9.533599445850499e-18,0.15569549444767522,0.28869047619047616,nan,0.9056821425897694,nan,nan,nan
mastoid,stim_0.14_to_0.64s,C4,0.31139098889535044,1.9067198891700998e-17,0.31139098889535044,0.27904761904761904,nan,0.8717790598999797,nan,nan,nan
mastoid,stim_0.14_to_0.64s,C6,0.4670742986901498,2.860005224274434e-17,0.4670742986901498,0.2611904761904762,nan,0.7584006784939066,nan,nan,nan
mastoid,stim_0.14_to_0.64s,T8,0.622769793137825,3.8133651688594835e-17,0.622769793137825,0.2517857142857143,nan,0.6473334810317423,nan,nan,nan
mastoid,stim_0.14_to_0.64s,M1,0.8664628506549251,5.305554783173226e-17,0.8664628506549251,0.2088095238095238,nan,0.4225134785413452,nan,nan,nan
mastoid,stim_0.14_to_0.64s,TP7,-0.5922892699155132,-0.19244644966295837,0.6227697931378249,0.25726190476190475,nan,0.3731464795035993,nan,nan,nan
mastoid,stim_0.14_to_0.64s,CP5,-0.4486894406361628,-0.17223573916038112,0.4806114480352247,0.2730952380952381,nan,0.5191237805712564,nan,nan,nan
mastoid,stim_0.14_to_0.64s,CP3,-0.2988471109399219,-0.15889982751154083,0.33846528758550026,0.27404761904761904,nan,0.7438942073864138,nan,nan,nan
mastoid,stim_0.14_to_0.64s,CP1,-0.15317259329874983,-0.1531725932987498,0.21661875882695023,0.2779761904761905,nan,0.8708357228404916,nan,nan,nan
mastoid,stim_0.14_to_0.64s,CPZ,1.9067198891700998e-17,-0.15569549444767522,0.15569549444767522,0.27904761904761904,nan,0.8849255294803273,nan,nan,nan
mastoid,stim_0.14_to_0.64s,CP2,0.15317259329874983,-0.1531725932987498,0.21661875882695023,0.2832142857142857,nan,0.9232662714917352,nan,nan,nan
mastoid,stim_0.14_to_0.64s,CP4,0.2988471109399219,-0.15889982751154083,0.33846528758550026,0.2820238095238095,nan,0.7914047468755583,nan,nan,nan
mastoid,stim_0.14_to_0.64s,CP6,0.4486894406361628,-0.17223573916038112,0.4806114480352247,0.2717857142857143,nan,0.6151764931143583,nan,nan,nan
mastoid,stim_0.14_to_0.64s,TP8,0.5922892699155132,-0.19244644966295837,0.6227697931378249,0.24964285714285714,nan,0.5601138750466871,nan,nan,nan
mastoid,stim_0.14_to_0.64s,M2,-0.8664628506549251,5.305554783173226e-17,0.8664628506549251,0.2088095238095238,nan,0.42251347949864876,nan,nan,nan
mastoid,stim_0.14_to_0.64s,P7,-0.5038313462318709,-0.3660548999796477,0.6227697931378249,0.25142857142857145,nan,0.36805658540154734,nan,nan,nan
mastoid,stim_0.14_to_0.64s,P5,-0.3831644926704491,-0.33307981188050406,0.5076979313782504,0.27,nan,0.49091175299170803,nan,nan,nan
mastoid,stim_0.14_to_0.64s,P3,-0.2555991277378157,-0.31563863605626796,0.4061510343108748,0.2735714285714286,nan,0.6423498000496763,nan,nan,nan
mastoid,stim_0.14_to_0.64s,P1,-0.12679132837194132,-0.3138195499805803,0.33846528758550026,0.2751190476190476,nan,0.7894011785335028,nan,nan,nan
mastoid,stim_0.14_to_0.64s,PZ,3.8134397783401996e-17,-0.31139098889535044,0.31139098889535044,0.2733333333333333,nan,0.7453442872757561,nan,nan,nan
mastoid,stim_0.14_to_0.64s,P2,0.12679132837194132,-0.3138195499805803,0.33846528758550026,0.28095238095238095,nan,0.8249070731170484,nan,nan,nan
mastoid,stim_0.14_to_0.64s,P4,0.2555991277378157,-0.31563863605626796,0.4061510343108748,0.2754761904761905,nan,0.6461467365059537,nan,nan,nan
mastoid,stim_0.14_to_0.64s,P6,0.3831644926704491,-0.33307981188050406,0.5076979313782504,0.2692857142857143,nan,0.4843566777152764,nan,nan,nan
mastoid,stim_0.14_to_0.64s,P8,0.5038313462318709,-0.3660548999796477,0.6227697931378249,0.2557142857142857,nan,0.43023947037946636,nan,nan,nan
mastoid,stim_0.14_to_0.64s,PO7,-0.3660548999796478,-0.5038313462318709,0.622769793137825,0.26452380952380955,nan,0.41831960209282887,nan,nan,nan
mastoid,stim_0.14_to_0.64s,PO5,-0.3202971422372838,-0.4408511957539812,0.5449220459139874,0.2680952380952381,nan,0.4623654643878986,nan,nan,nan
mastoid,stim_0.14_to_0.64s,PO3,-0.19572631237744492,-0.46110229606836256,0.500923264379275,0.26821428571428574,nan,0.5513841314010408,nan,nan,nan
mastoid,stim_0.14_to_0.64s,POz,5.720010448548868e-17,-0.4670742986901498,0.4670742986901498,0.265,nan,0.5811942746675746,nan,nan,nan
mastoid,stim_0.14_to_0.64s,PO4,0.19572631237744492,-0.46110229606836256,0.500923264379275,0.2639285714285714,nan,0.4791299066554057,nan,nan,nan
mastoid,stim_0.14_to_0.64s,PO6,0.3202971422372838,-0.4408511957539812,0.5449220459139874,0.2594047619047619,nan,0.40688572523780836,nan,nan,nan
mastoid,stim_0.14_to_0.64s,PO8,0.3660548999796478,-0.5038313462318709,0.622769793137825,0.2592857142857143,nan,0.35513998898708005,nan,nan,nan
mastoid,stim_0.14_to_0.64s,CB1,-0.6222539674441618,-0.6222539674441617,0.88,0.254047619047619,nan,0.40658364439623546,nan,nan,nan
mastoid,stim_0.14_to_0.64s,O1,-0.19244644966295849,-0.5922892699155132,0.622769793137825,0.26107142857142857,nan,0.3511098870922195,nan,nan,nan
mastoid,stim_0.14_to_0.64s,Oz,7.626730337718967e-17,-0.622769793137825,0.622769793137825,0.25214285714285717,nan,0.3048799768984134,nan,nan,nan
mastoid,stim_0.14_to_0.64s,O2,0.19244644966295849,-0.5922892699155132,0.622769793137825,0.2542857142857143,nan,0.35739853686129924,nan,nan,nan
mastoid,stim_0.14_to_0.64s,CB2,0.6222539674441618,-0.6222539674441617,0.88,0.2619047619047619,nan,0.44642489818380077,nan,nan,nan
mastoid,late_1.14_to_2.64s,FP1,-0.1924464496629584,0.5922892699155132,0.6227697931378249,0.2805952380952381,nan,0.7751295413147439,nan,nan,nan
mastoid,late_1.14_to_2.64s,FPZ,0.0,0.622769793137825,0.622769793137825,0.2932142857142857,nan,1.0,nan,nan,nan
mastoid,late_1.14_to_2.64s,FP2,0.1924464496629584,0.5922892699155132,0.6227697931378249,0.28023809523809523,nan,0.78269131620575,nan,nan,nan
mastoid,late_1.14_to_2.64s,AF3,-0.19572631237744492,0.46110229606836256,0.500923264379275,0.2776190476190476,nan,0.8529443981187369,nan,nan,nan
mastoid,late_1.14_to_2.64s,AF4,0.19572631237744492,0.46110229606836256,0.500923264379275,0.2767857142857143,nan,0.8550355068760869,nan,nan,nan
mastoid,late_1.14_to_2.64s,F7,-0.5038313462318709,0.36605489997964774,0.6227697931378249,0.22964285714285715,nan,0.44449643805491956,nan,nan,nan
mastoid,late_1.14_to_2.64s,F5,-0.38316449267044905,0.3330798118805041,0.5076979313782504,0.24059523809523808,nan,0.5064699721805066,nan,nan,nan
mastoid,late_1.14_to_2.64s,F3,-0.2555991277378157,0.31563863605626796,0.4061510343108748,0.25273809523809526,nan,0.5714445118540407,nan,nan,nan
mastoid,late_1.14_to_2.64s,F1,-0.12679132837194124,0.31381954998058037,0.3384652875855003,0.25642857142857145,nan,0.6214943775319788,nan,nan,nan
mastoid,late_1.14_to_2.64s,FZ,0.0,0.31139098889535044,0.31139098889535044,0.2613095238095238,nan,0.7781728568759559,nan,nan,nan
mastoid,late_1.14_to_2.64s,F2,0.12679132837194124,0.31381954998058037,0.3384652875855003,0.25702380952380954,nan,0.6739440429824634,nan,nan,nan
mastoid,late_1.14_to_2.64s,F4,0.2555991277378157,0.31563863605626796,0.4061510343108748,0.25273809523809526,nan,0.6544790132797024,nan,nan,nan
mastoid,late_1.14_to_2.64s,F6,0.38316449267044905,0.3330798118805041,0.5076979313782504,0.23964285714285713,nan,0.5951701482702321,nan,nan,nan
mastoid,late_1.14_to_2.64s,F8,0.5038313462318709,0.36605489997964774,0.6227697931378249,0.23047619047619047,nan,0.5690690055833884,nan,nan,nan
mastoid,late_1.14_to_2.64s,FT7,-0.5922892699155132,0.19244644966295846,0.622769793137825,0.22642857142857142,nan,0.3019674977181288,nan,nan,nan
mastoid,late_1.14_to_2.64s,FC5,-0.4486894406361628,0.17223573916038115,0.4806114480352247,0.24297619047619048,nan,0.4787957221119852,nan,nan,nan
mastoid,late_1.14_to_2.64s,FC3,-0.2988471109399219,0.15889982751154078,0.33846528758550026,0.24976190476190477,nan,0.6521901289188246,nan,nan,nan
mastoid,late_1.14_to_2.64s,FC1,-0.15317259329874983,0.15317259329874983,0.21661875882695025,0.24845238095238095,nan,0.6272615368862623,nan,nan,nan
mastoid,late_1.14_to_2.64s,FCz,0.0,0.15569549444767522,0.15569549444767522,0.2454761904761905,nan,0.616698638115973,nan,nan,nan
mastoid,late_1.14_to_2.64s,FC2,0.15317259329874983,0.15317259329874983,0.21661875882695025,0.24726190476190477,nan,0.5991639526175048,nan,nan,nan
mastoid,late_1.14_to_2.64s,FC4,0.2988471109399219,0.15889982751154078,0.33846528758550026,0.23595238095238094,nan,0.552308058511331,nan,nan,nan
mastoid,late_1.14_to_2.64s,FC6,0.4486894406361628,0.17223573916038115,0.4806114480352247,0.23654761904761903,nan,0.5502627360774155,nan,nan,nan
mastoid,late_1.14_to_2.64s,FT8,0.5922892699155132,0.19244644966295846,0.622769793137825,0.22023809523809523,nan,0.4526586519849544,nan,nan,nan
mastoid,late_1.14_to_2.64s,T7,-0.622769793137825,3.8133651688594835e-17,0.622769793137825,0.21619047619047618,nan,0.3378217834442187,nan,nan,nan
mastoid,late_1.14_to_2.64s,C5,-0.4670742986901498,2.860005224274434e-17,0.4670742986901498,0.23892857142857143,nan,0.4208432187265338,nan,nan,nan
mastoid,late_1.14_to_2.64s,C3,-0.31139098889535044,1.9067198891700998e-17,0.31139098889535044,0.24761904761904763,nan,0.6777420787376401,nan,nan,nan
mastoid,late_1.14_to_2.64s,C1,-0.15569549444767522,9.533599445850499e-18,0.15569549444767522,0.24738095238095237,nan,0.6499964350457801,nan,nan,nan
mastoid,late_1.14_to_2.64s,Cz,0.0,0.0,0.0,0.2513095238095238,nan,0.630955787214315,nan,nan,nan
mastoid,late_1.14_to_2.64s,C2,0.15569549444767522,9.533599445850499e-18,0.15569549444767522,0.24428571428571427,nan,0.6031595904811917,nan,nan,nan
mastoid,late_1.14_to_2.64s,C4,0.31139098889535044,1.9067198891700998e-17,0.31139098889535044,0.23809523809523808,nan,0.5834368390782596,nan,nan,nan
mastoid,late_1.14_to_2.64s,C6,0.4670742986901498,2.860005224274434e-17,0.4670742986901498,0.2336904761904762,nan,0.49781476698995825,nan,nan,nan
mastoid,late_1.14_to_2.64s,T8,0.622769793137825,3.8133651688594835e-17,0.622769793137825,0.22404761904761905,nan,0.42869260873104187,nan,nan,nan
mastoid,late_1.14_to_2.64s,M1,0.8664628506549251,5.305554783173226e-17,0.8664628506549251,0.19785714285714287,nan,0.18796122491104816,nan,nan,nan
mastoid,late_1.14_to_2.64s,TP7,-0.5922892699155132,-0.19244644966295837,0.6227697931378249,0.21892857142857142,nan,0.31618363801368793,nan,nan,nan
mastoid,late_1.14_to_2.64s,CP5,-0.4486894406361628,-0.17223573916038112,0.4806114480352247,0.23357142857142857,nan,0.3836860070241108,nan,nan,nan
mastoid,late_1.14_to_2.64s,CP3,-0.2988471109399219,-0.15889982751154083,0.33846528758550026,0.2373809523809524,nan,0.5247362423662076,nan,nan,nan
mastoid,late_1.14_to_2.64s,CP1,-0.15317259329874983,-0.1531725932987498,0.21661875882695023,0.25226190476190474,nan,0.6064254375413916,nan,nan,nan
mastoid,late_1.14_to_2.64s,CPZ,1.9067198891700998e-17,-0.15569549444767522,0.15569549444767522,0.24892857142857142,nan,0.5955310763936491,nan,nan,nan
mastoid,late_1.14_to_2.64s,CP2,0.15317259329874983,-0.1531725932987498,0.21661875882695023,0.2509523809523809,nan,0.6162558334086656,nan,nan,nan
mastoid,late_1.14_to_2.64s,CP4,0.2988471109399219,-0.15889982751154083,0.33846528758550026,0.2398809523809524,nan,0.5460266361793829,nan,nan,nan
mastoid,late_1.14_to_2.64s,CP6,0.4486894406361628,-0.17223573916038112,0.4806114480352247,0.22428571428571428,nan,0.4284628728073889,nan,nan,nan
mastoid,late_1.14_to_2.64s,TP8,0.5922892699155132,-0.19244644966295837,0.6227697931378249,0.21083333333333334,nan,0.41482573822168944,nan,nan,nan
mastoid,late_1.14_to_2.64s,M2,-0.8664628506549251,5.305554783173226e-17,0.8664628506549251,0.19785714285714287,nan,0.1879612258012621,nan,nan,nan
mastoid,late_1.14_to_2.64s,P7,-0.5038313462318709,-0.3660548999796477,0.6227697931378249,0.21976190476190477,nan,0.3036614075886187,nan,nan,nan
mastoid,late_1.14_to_2.64s,P5,-0.3831644926704491,-0.33307981188050406,0.5076979313782504,0.2319047619047619,nan,0.3679964814692934,nan,nan,nan
mastoid,late_1.14_to_2.64s,P3,-0.2555991277378157,-0.31563863605626796,0.4061510343108748,0.2311904761904762,nan,0.4821770144667847,nan,nan,nan
mastoid,late_1.14_to_2.64s,P1,-0.12679132837194132,-0.3138195499805803,0.33846528758550026,0.24285714285714285,nan,0.5817752967329164,nan,nan,nan
mastoid,late_1.14_to_2.64s,PZ,3.8134397783401996e-17,-0.31139098889535044,0.31139098889535044,0.2363095238095238,nan,0.546897237673647,nan,nan,nan
mastoid,late_1.14_to_2.64s,P2,0.12679132837194132,-0.3138195499805803,0.33846528758550026,0.2448809523809524,nan,0.5832732421801801,nan,nan,nan
mastoid,late_1.14_to_2.64s,P4,0.2555991277378157,-0.31563863605626796,0.4061510343108748,0.23357142857142857,nan,0.45614783270245796,nan,nan,nan
mastoid,late_1.14_to_2.64s,P6,0.3831644926704491,-0.33307981188050406,0.5076979313782504,0.2236904761904762,nan,0.36821368738510857,nan,nan,nan
mastoid,late_1.14_to_2.64s,P8,0.5038313462318709,-0.3660548999796477,0.6227697931378249,0.21273809523809523,nan,0.35096675630491303,nan,nan,nan
mastoid,late_1.14_to_2.64s,PO7,-0.3660548999796478,-0.5038313462318709,0.622769793137825,0.21785714285714286,nan,0.3122015129989591,nan,nan,nan
mastoid,late_1.14_to_2.64s,PO5,-0.3202971422372838,-0.4408511957539812,0.5449220459139874,0.22892857142857143,nan,0.3568975471805591,nan,nan,nan
mastoid,late_1.14_to_2.64s,PO3,-0.19572631237744492,-0.46110229606836256,0.500923264379275,0.23488095238095238,nan,0.4028436198251475,nan,nan,nan
mastoid,late_1.14_to_2.64s,POz,5.720010448548868e-17,-0.4670742986901498,0.4670742986901498,0.22976190476190475,nan,0.42194567559336077,nan,nan,nan
mastoid,late_1.14_to_2.64s,PO4,0.19572631237744492,-0.46110229606836256,0.500923264379275,0.2244047619047619,nan,0.37333104306752923,nan,nan,nan
mastoid,late_1.14_to_2.64s,PO6,0.3202971422372838,-0.4408511957539812,0.5449220459139874,0.21345238095238095,nan,0.3391852878685945,nan,nan,nan
mastoid,late_1.14_to_2.64s,PO8,0.3660548999796478,-0.5038313462318709,0.622769793137825,0.21666666666666667,nan,0.3175145109321801,nan,nan,nan
mastoid,late_1.14_to_2.64s,CB1,-0.6222539674441618,-0.6222539674441617,0.88,0.22083333333333333,nan,0.2502231172806308,nan,nan,nan
mastoid,late_1.14_to_2.64s,O1,-0.19244644966295849,-0.5922892699155132,0.622769793137825,0.21452380952380953,nan,0.2524131300480338,nan,nan,nan
mastoid,late_1.14_to_2.64s,Oz,7.626730337718967e-17,-0.622769793137825,0.622769793137825,0.21369047619047618,nan,0.24912793636092678,nan,nan,nan
mastoid,late_1.14_to_2.64s,O2,0.19244644966295849,-0.5922892699155132,0.622769793137825,0.2130952380952381,nan,0.2796327267785081,nan,nan,nan
mastoid,late_1.14_to_2.64s,CB2,0.6222539674441618,-0.6222539674441617,0.88,0.21142857142857144,nan,0.3060062170179985,nan,nan,nan
csd,prestim_-0.50_to_0.00s,FP1,-0.1924464496629584,0.5922892699155132,0.6227697931378249,0.32071428571428573,0.18702380952380954,0.7365256954792351,nan,nan,nan
csd,prestim_-0.50_to_0.00s,FPZ,0.0,0.622769793137825,0.622769793137825,0.3514285714285714,0.1286904761904762,1.0,nan,nan,nan
csd,prestim_-0.50_to_0.00s,FP2,0.1924464496629584,0.5922892699155132,0.6227697931378249,0.3317857142857143,0.17476190476190476,0.832399579869206,nan,nan,nan
csd,prestim_-0.50_to_0.00s,AF3,-0.19572631237744492,0.46110229606836256,0.500923264379275,0.2563095238095238,0.21476190476190476,0.3168762621979574,nan,nan,nan
csd,prestim_-0.50_to_0.00s,AF4,0.19572631237744492,0.46110229606836256,0.500923264379275,0.25845238095238093,0.17857142857142858,0.2743655869740723,nan,nan,nan
csd,prestim_-0.50_to_0.00s,F7,-0.5038313462318709,0.36605489997964774,0.6227697931378249,0.2575,0.2792857142857143,0.20445134562856784,nan,nan,nan
csd,prestim_-0.50_to_0.00s,F5,-0.38316449267044905,0.3330798118805041,0.5076979313782504,0.2542857142857143,0.24226190476190476,0.12668989519761006,nan,nan,nan
csd,prestim_-0.50_to_0.00s,F3,-0.2555991277378157,0.31563863605626796,0.4061510343108748,0.24226190476190476,0.1680952380952381,0.10284322068885797,nan,nan,nan
csd,prestim_-0.50_to_0.00s,F1,-0.12679132837194124,0.31381954998058037,0.3384652875855003,0.22535714285714287,0.13440476190476192,0.10024212494761962,nan,nan,nan
csd,prestim_-0.50_to_0.00s,FZ,0.0,0.31139098889535044,0.31139098889535044,0.225,0.13345238095238096,0.09048653897844908,nan,nan,nan
csd,prestim_-0.50_to_0.00s,F2,0.12679132837194124,0.31381954998058037,0.3384652875855003,0.2311904761904762,0.15071428571428572,0.11080741503536576,nan,nan,nan
csd,prestim_-0.50_to_0.00s,F4,0.2555991277378157,0.31563863605626796,0.4061510343108748,0.23976190476190476,0.14511904761904762,0.12787526006398658,nan,nan,nan
csd,prestim_-0.50_to_0.00s,F6,0.38316449267044905,0.3330798118805041,0.5076979313782504,0.25452380952380954,0.2311904761904762,0.17047376920657822,nan,nan,nan
csd,prestim_-0.50_to_0.00s,F8,0.5038313462318709,0.36605489997964774,0.6227697931378249,0.24369047619047618,0.28464285714285714,0.29952105347867536,nan,nan,nan
csd,prestim_-0.50_to_0.00s,FT7,-0.5922892699155132,0.19244644966295846,0.622769793137825,0.2783333333333333,0.21666666666666667,0.20189416808387356,nan,nan,nan
csd,prestim_-0.50_to_0.00s,FC5,-0.4486894406361628,0.17223573916038115,0.4806114480352247,0.26095238095238094,0.18880952380952382,0.15335120678690156,nan,nan,nan
csd,prestim_-0.50_to_0.00s,FC3,-0.2988471109399219,0.15889982751154078,0.33846528758550026,0.22690476190476191,0.16095238095238096,0.13993292495779547,nan,nan,nan
csd,prestim_-0.50_to_0.00s,FC1,-0.15317259329874983,0.15317259329874983,0.21661875882695025,0.22238095238095237,0.18511904761904763,0.18418650052400176,nan,nan,nan
csd,prestim_-0.50_to_0.00s,FCz,0.0,0.15569549444767522,0.15569549444767522,0.22726190476190475,0.14761904761904762,0.22874002357988432,nan,nan,nan
csd,prestim_-0.50_to_0.00s,FC2,0.15317259329874983,0.15317259329874983,0.21661875882695025,0.23726190476190476,0.18214285714285713,0.22755719915243774,nan,nan,nan
csd,prestim_-0.50_to_0.00s,FC4,0.2988471109399219,0.15889982751154078,0.33846528758550026,0.2382142857142857,0.1711904761904762,0.15434038929209934,nan,nan,nan
csd,prestim_-0.50_to_0.00s,FC6,0.4486894406361628,0.17223573916038115,0.4806114480352247,0.24976190476190477,0.20107142857142857,0.17267582504825707,nan,nan,nan
csd,prestim_-0.50_to_0.00s,FT8,0.5922892699155132,0.19244644966295846,0.622769793137825,0.2670238095238095,0.2479761904761905,0.3430954483322357,nan,nan,nan
csd,prestim_-0.50_to_0.00s,T7,-0.622769793137825,3.8133651688594835e-17,0.622769793137825,0.2479761904761905,0.12369047619047618,0.07671924622279876,nan,nan,nan
csd,prestim_-0.50_to_0.00s,C5,-0.4670742986901498,2.860005224274434e-17,0.4670742986901498,0.23523809523809525,0.14273809523809525,0.19221786884664085,nan,nan,nan
csd,prestim_-0.50_to_0.00s,C3,-0.31139098889535044,1.9067198891700998e-17,0.31139098889535044,0.2361904761904762,0.17857142857142858,0.06975432484374636,nan,nan,nan
csd,prestim_-0.50_to_0.00s,C1,-0.15569549444767522,9.533599445850499e-18,0.15569549444767522,0.21738095238095237,0.1823809523809524,0.06377454355082716,nan,nan,nan
csd,prestim_-0.50_to_0.00s,Cz,0.0,0.0,0.0,0.21392857142857144,0.14535714285714285,0.1048798225876211,nan,nan,nan
csd,prestim_-0.50_to_0.00s,C2,0.15569549444767522,9.533599445850499e-18,0.15569549444767522,0.20666666666666667,0.17535714285714285,0.07741080831114366,nan,nan,nan
csd,prestim_-0.50_to_0.00s,C4,0.31139098889535044,1.9067198891700998e-17,0.31139098889535044,0.2276190476190476,0.1980952380952381,0.10963208732501671,nan,nan,nan
csd,prestim_-0.50_to_0.00s,C6,0.4670742986901498,2.860005224274434e-17,0.4670742986901498,0.22,0.1294047619047619,0.09716016749360422,nan,nan,nan
csd,prestim_-0.50_to_0.00s,T8,0.622769793137825,3.8133651688594835e-17,0.622769793137825,0.2261904761904762,0.15761904761904763,0.09788792755295998,nan,nan,nan
csd,prestim_-0.50_to_0.00s,M1,0.8664628506549251,5.305554783173226e-17,0.8664628506549251,0.29619047619047617,0.19297619047619047,0.31277756485755875,nan,nan,nan
csd,prestim_-0.50_to_0.00s,TP7,-0.5922892699155132,-0.19244644966295837,0.6227697931378249,0.2305952380952381,0.14726190476190476,0.09419496660806964,nan,nan,nan
csd,prestim_-0.50_to_0.00s,CP5,-0.4486894406361628,-0.17223573916038112,0.4806114480352247,0.2675,0.12904761904761905,0.19359683660463964,nan,nan,nan
csd,prestim_-0.50_to_0.00s,CP3,-0.2988471109399219,-0.15889982751154083,0.33846528758550026,0.25452380952380954,0.14892857142857144,0.14324146887682843,nan,nan,nan
csd,prestim_-0.50_to_0.00s,CP1,-0.15317259329874983,-0.1531725932987498,0.21661875882695023,0.2363095238095238,0.14845238095238095,0.08883801023088417,nan,nan,nan
csd,prestim_-0.50_to_0.00s,CPZ,1.9067198891700998e-17,-0.15569549444767522,0.15569549444767522,0.22666666666666666,0.1363095238095238,0.09354620115747507,nan,nan,nan
csd,prestim_-0.50_to_0.00s,CP2,0.15317259329874983,-0.1531725932987498,0.21661875882695023,0.2255952380952381,0.15833333333333333,0.10413272540997226,nan,nan,nan
csd,prestim_-0.50_to_0.00s,CP4,0.2988471109399219,-0.15889982751154083,0.33846528758550026,0.22857142857142856,0.16333333333333333,0.15071065832633251,nan,nan,nan
csd,prestim_-0.50_to_0.00s,CP6,0.4486894406361628,-0.17223573916038112,0.4806114480352247,0.25476190476190474,0.13452380952380952,0.1789635391346314,nan,nan,nan
csd,prestim_-0.50_to_0.00s,TP8,0.5922892699155132,-0.19244644966295837,0.6227697931378249,0.24404761904761904,0.14238095238095239,0.14067602424421102,nan,nan,nan
csd,prestim_-0.50_to_0.00s,M2,-0.8664628506549251,5.305554783173226e-17,0.8664628506549251,0.2929761904761905,0.19773809523809524,0.23765077723835742,nan,nan,nan
csd,prestim_-0.50_to_0.00s,P7,-0.5038313462318709,-0.3660548999796477,0.6227697931378249,0.2373809523809524,0.1430952380952381,0.07121077373250126,nan,nan,nan
csd,prestim_-0.50_to_0.00s,P5,-0.3831644926704491,-0.33307981188050406,0.5076979313782504,0.23964285714285713,0.1580952380952381,0.10233469840064086,nan,nan,nan
csd,prestim_-0.50_to_0.00s,P3,-0.2555991277378157,-0.31563863605626796,0.4061510343108748,0.22476190476190477,0.1586904761904762,0.14674813007159862,nan,nan,nan
csd,prestim_-0.50_to_0.00s,P1,-0.12679132837194132,-0.3138195499805803,0.33846528758550026,0.2392857142857143,0.13857142857142857,0.1387747280814481,nan,nan,nan
csd,prestim_-0.50_to_0.00s,PZ,3.8134397783401996e-17,-0.31139098889535044,0.31139098889535044,0.2413095238095238,0.13095238095238096,0.14141065384081525,nan,nan,nan
csd,prestim_-0.50_to_0.00s,P2,0.12679132837194132,-0.3138195499805803,0.33846528758550026,0.2398809523809524,0.13964285714285715,0.14206548352327178,nan,nan,nan
csd,prestim_-0.50_to_0.00s,P4,0.2555991277378157,-0.31563863605626796,0.4061510343108748,0.2261904761904762,0.15785714285714286,0.1570748771084268,nan,nan,nan
csd,prestim_-0.50_to_0.00s,P6,0.3831644926704491,-0.33307981188050406,0.5076979313782504,0.2317857142857143,0.14261904761904762,0.09793192448301198,nan,nan,nan
csd,prestim_-0.50_to_0.00s,P8,0.5038313462318709,-0.3660548999796477,0.6227697931378249,0.25142857142857145,0.1351190476190476,0.09083649958573005,nan,nan,nan
csd,prestim_-0.50_to_0.00s,PO7,-0.3660548999796478,-0.5038313462318709,0.622769793137825,0.20607142857142857,0.14607142857142857,0.08131756245004582,nan,nan,nan
csd,prestim_-0.50_to_0.00s,PO5,-0.3202971422372838,-0.4408511957539812,0.5449220459139874,0.20976190476190476,0.1529761904761905,0.12341860695123952,nan,nan,nan
csd,prestim_-0.50_to_0.00s,PO3,-0.19572631237744492,-0.46110229606836256,0.500923264379275,0.2123809523809524,0.1544047619047619,0.12162615965456335,nan,nan,nan
csd,prestim_-0.50_to_0.00s,POz,5.720010448548868e-17,-0.4670742986901498,0.4670742986901498,0.2423809523809524,0.13142857142857142,0.10282898174410796,nan,nan,nan
csd,prestim_-0.50_to_0.00s,PO4,0.19572631237744492,-0.46110229606836256,0.500923264379275,0.21869047619047619,0.14773809523809525,0.05154370826110114,nan,nan,nan
csd,prestim_-0.50_to_0.00s,PO6,0.3202971422372838,-0.4408511957539812,0.5449220459139874,0.21607142857142858,0.1442857142857143,0.03416104096738667,nan,nan,nan
csd,prestim_-0.50_to_0.00s,PO8,0.3660548999796478,-0.5038313462318709,0.622769793137825,0.2336904761904762,0.14702380952380953,0.0525625727747573,nan,nan,nan
csd,prestim_-0.50_to_0.00s,CB1,-0.6222539674441618,-0.6222539674441617,0.88,0.20964285714285713,0.12595238095238095,0.04181526637788475,nan,nan,nan
csd,prestim_-0.50_to_0.00s,O1,-0.19244644966295849,-0.5922892699155132,0.622769793137825,0.21714285714285714,0.13535714285714287,0.20606750040768754,nan,nan,nan
csd,prestim_-0.50_to_0.00s,Oz,7.626730337718967e-17,-0.622769793137825,0.622769793137825,0.24142857142857144,0.14047619047619048,0.23781085416784437,nan,nan,nan
csd,prestim_-0.50_to_0.00s,O2,0.19244644966295849,-0.5922892699155132,0.622769793137825,0.2175,0.14285714285714285,0.13070620974719013,nan,nan,nan
csd,prestim_-0.50_to_0.00s,CB2,0.6222539674441618,-0.6222539674441617,0.88,0.2075,0.14261904761904762,0.08981574296939983,nan,nan,nan
csd,prestimTRIM_-0.50_to_-0.10s,FP1,-0.1924464496629584,0.5922892699155132,0.6227697931378249,0.31607142857142856,0.19285714285714287,0.7482227193247564,nan,nan,nan
csd,prestimTRIM_-0.50_to_-0.10s,FPZ,0.0,0.622769793137825,0.622769793137825,0.3523809523809524,0.13166666666666665,1.0,nan,nan,nan
csd,prestimTRIM_-0.50_to_-0.10s,FP2,0.1924464496629584,0.5922892699155132,0.6227697931378249,0.33011904761904765,0.17583333333333334,0.8292387467420864,nan,nan,nan
csd,prestimTRIM_-0.50_to_-0.10s,AF3,-0.19572631237744492,0.46110229606836256,0.500923264379275,0.2563095238095238,0.21583333333333332,0.3410002396573521,nan,nan,nan
csd,prestimTRIM_-0.50_to_-0.10s,AF4,0.19572631237744492,0.46110229606836256,0.500923264379275,0.25916666666666666,0.17559523809523808,0.3007668294753711,nan,nan,nan
csd,prestimTRIM_-0.50_to_-0.10s,F7,-0.5038313462318709,0.36605489997964774,0.6227697931378249,0.2511904761904762,0.27690476190476193,0.20729312037906397,nan,nan,nan
csd,prestimTRIM_-0.50_to_-0.10s,F5,-0.38316449267044905,0.3330798118805041,0.5076979313782504,0.2505952380952381,0.23785714285714285,0.13800071973000827,nan,nan,nan
csd,prestimTRIM_-0.50_to_-0.10s,F3,-0.2555991277378157,0.31563863605626796,0.4061510343108748,0.24011904761904762,0.16976190476190475,0.12674419128513859,nan,nan,nan
csd,prestimTRIM_-0.50_to_-0.10s,F1,-0.12679132837194124,0.31381954998058037,0.3384652875855003,0.22916666666666666,0.1319047619047619,0.12384010182992959,nan,nan,nan
csd,prestimTRIM_-0.50_to_-0.10s,FZ,0.0,0.31139098889535044,0.31139098889535044,0.22607142857142856,0.13285714285714287,0.1102683065621153,nan,nan,nan
csd,prestimTRIM_-0.50_to_-0.10s,F2,0.12679132837194124,0.31381954998058037,0.3384652875855003,0.2301190476190476,0.15,0.13374919237610636,nan,nan,nan
csd,prestimTRIM_-0.50_to_-0.10s,F4,0.2555991277378157,0.31563863605626796,0.4061510343108748,0.23726190476190476,0.14214285714285715,0.15271900332734603,nan,nan,nan
csd,prestimTRIM_-0.50_to_-0.10s,F6,0.38316449267044905,0.3330798118805041,0.5076979313782504,0.25023809523809526,0.22428571428571428,0.1901509224471854,nan,nan,nan
csd,prestimTRIM_-0.50_to_-0.10s,F8,0.5038313462318709,0.36605489997964774,0.6227697931378249,0.245,0.2776190476190476,0.3225686811104011,nan,nan,nan
csd,prestimTRIM_-0.50_to_-0.10s,FT7,-0.5922892699155132,0.19244644966295846,0.622769793137825,0.2745238095238095,0.2155952380952381,0.20516469096223597,nan,nan,nan
csd,prestimTRIM_-0.50_to_-0.10s,FC5,-0.4486894406361628,0.17223573916038115,0.4806114480352247,0.259047619047619,0.18261904761904763,0.16485810692765335,nan,nan,nan
csd,prestimTRIM_-0.50_to_-0.10s,FC3,-0.2988471109399219,0.15889982751154078,0.33846528758550026,0.22630952380952382,0.1625,0.16053623274854942,nan,nan,nan
csd,prestimTRIM_-0.50_to_-0.10s,FC1,-0.15317259329874983,0.15317259329874983,0.21661875882695025,0.22345238095238096,0.185,0.20951961631943133,nan,nan,nan
csd,prestimTRIM_-0.50_to_-0.10s,FCz,0.0,0.15569549444767522,0.15569549444767522,0.2325,0.1444047619047619,0.2573349692777213,nan,nan,nan
csd,prestimTRIM_-0.50_to_-0.10s,FC2,0.15317259329874983,0.15317259329874983,0.21661875882695025,0.23595238095238094,0.1805952380952381,0.25069009349261295,nan,nan,nan
csd,prestimTRIM_-0.50_to_-0.10s,FC4,0.2988471109399219,0.15889982751154078,0.33846528758550026,0.23583333333333334,0.1657142857142857,0.17624053863016795,nan,nan,nan
csd,prestimTRIM_-0.50_to_-0.10s,FC6,0.4486894406361628,0.17223573916038115,0.4806114480352247,0.25273809523809526,0.19452380952380952,0.1865771458255795,nan,nan,nan
csd,prestimTRIM_-0.50_to_-0.10s,FT8,0.5922892699155132,0.19244644966295846,0.622769793137825,0.2671428571428571,0.24988095238095237,0.35944461896431834,nan,nan,nan
csd,prestimTRIM_-0.50_to_-0.10s,T7,-0.622769793137825,3.8133651688594835e-17,0.622769793137825,0.2386904761904762,0.1255952380952381,0.09339873592310662,nan,nan,nan
csd,prestimTRIM_-0.50_to_-0.10s,C5,-0.4670742986901498,2.860005224274434e-17,0.4670742986901498,0.23607142857142857,0.14392857142857143,0.18645615511719255,nan,nan,nan
csd,prestimTRIM_-0.50_to_-0.10s,C3,-0.31139098889535044,1.9067198891700998e-17,0.31139098889535044,0.23273809523809524,0.18321428571428572,0.06759011115836903,nan,nan,nan
csd,prestimTRIM_-0.50_to_-0.10s,C1,-0.15569549444767522,9.533599445850499e-18,0.15569549444767522,0.21464285714285714,0.17797619047619048,0.07875948731960182,nan,nan,nan
csd,prestimTRIM_-0.50_to_-0.10s,Cz,0.0,0.0,0.0,0.20607142857142857,0.13488095238095238,0.12584512733719447,nan,nan,nan
csd,prestimTRIM_-0.50_to_-0.10s,C2,0.15569549444767522,9.533599445850499e-18,0.15569549444767522,0.20916666666666667,0.16845238095238096,0.09451570386162247,nan,nan,nan
csd,prestimTRIM_-0.50_to_-0.10s,C4,0.31139098889535044,1.9067198891700998e-17,0.31139098889535044,0.2251190476190476,0.20238095238095238,0.1219164652291454,nan,nan,nan
csd,prestimTRIM_-0.50_to_-0.10s,C6,0.4670742986901498,2.860005224274434e-17,0.4670742986901498,0.21785714285714286,0.12845238095238096,0.10004186437507653,nan,nan,nan
csd,prestimTRIM_-0.50_to_-0.10s,T8,0.622769793137825,3.8133651688594835e-17,0.622769793137825,0.2288095238095238,0.15928571428571428,0.09902314731627346,nan,nan,nan
csd,prestimTRIM_-0.50_to_-0.10s,M1,0.8664628506549251,5.305554783173226e-17,0.8664628506549251,0.29595238095238097,0.1894047619047619,0.31405823121314247,nan,nan,nan
csd,prestimTRIM_-0.50_to_-0.10s,TP7,-0.5922892699155132,-0.19244644966295837,0.6227697931378249,0.22738095238095238,0.14904761904761904,0.10177769256714045,nan,nan,nan
csd,prestimTRIM_-0.50_to_-0.10s,CP5,-0.4486894406361628,-0.17223573916038112,0.4806114480352247,0.2675,0.13166666666666665,0.1873059776665931,nan,nan,nan
csd,prestimTRIM_-0.50_to_-0.10s,CP3,-0.2988471109399219,-0.15889982751154083,0.33846528758550026,0.2548809523809524,0.14416666666666667,0.14407296982293386,nan,nan,nan
csd,prestimTRIM_-0.50_to_-0.10s,CP1,-0.15317259329874983,-0.1531725932987498,0.21661875882695023,0.23654761904761903,0.14166666666666666,0.09483613907657427,nan,nan,nan
csd,prestimTRIM_-0.50_to_-0.10s,CPZ,1.9067198891700998e-17,-0.15569549444767522,0.15569549444767522,0.21916666666666668,0.12309523809523809,0.10213440245566086,nan,nan,nan
csd,prestimTRIM_-0.50_to_-0.10s,CP2,0.15317259329874983,-0.1531725932987498,0.21661875882695023,0.2194047619047619,0.14869047619047618,0.11018166473684193,nan,nan,nan
csd,prestimTRIM_-0.50_to_-0.10s,CP4,0.2988471109399219,-0.15889982751154083,0.33846528758550026,0.23535714285714285,0.16297619047619047,0.15493692694062092,nan,nan,nan
csd,prestimTRIM_-0.50_to_-0.10s,CP6,0.4486894406361628,-0.17223573916038112,0.4806114480352247,0.25511904761904763,0.13785714285714284,0.17408342883318212,nan,nan,nan
csd,prestimTRIM_-0.50_to_-0.10s,TP8,0.5922892699155132,-0.19244644966295837,0.6227697931378249,0.24476190476190476,0.14416666666666667,0.14200817544359504,nan,nan,nan
csd,prestimTRIM_-0.50_to_-0.10s,M2,-0.8664628506549251,5.305554783173226e-17,0.8664628506549251,0.2904761904761905,0.19214285714285714,0.24006044794640966,nan,nan,nan
csd,prestimTRIM_-0.50_to_-0.10s,P7,-0.5038313462318709,-0.3660548999796477,0.6227697931378249,0.23607142857142857,0.1394047619047619,0.0730336808643574,nan,nan,nan
csd,prestimTRIM_-0.50_to_-0.10s,P5,-0.3831644926704491,-0.33307981188050406,0.5076979313782504,0.23166666666666666,0.16095238095238096,0.09417666546976343,nan,nan,nan
csd,prestimTRIM_-0.50_to_-0.10s,P3,-0.2555991277378157,-0.31563863605626796,0.4061510343108748,0.22690476190476191,0.1538095238095238,0.15819739442108688,nan,nan,nan
csd,prestimTRIM_-0.50_to_-0.10s,P1,-0.12679132837194132,-0.3138195499805803,0.33846528758550026,0.2336904761904762,0.13416666666666666,0.1547616003177326,nan,nan,nan
csd,prestimTRIM_-0.50_to_-0.10s,PZ,3.8134397783401996e-17,-0.31139098889535044,0.31139098889535044,0.24357142857142858,0.12047619047619047,0.16037099199970303,nan,nan,nan
csd,prestimTRIM_-0.50_to_-0.10s,P2,0.12679132837194132,-0.3138195499805803,0.33846528758550026,0.2388095238095238,0.1375,0.16059679601348684,nan,nan,nan
csd,prestimTRIM_-0.50_to_-0.10s,P4,0.2555991277378157,-0.31563863605626796,0.4061510343108748,0.2113095238095238,0.15011904761904762,0.17315748562304148,nan,nan,nan
csd,prestimTRIM_-0.50_to_-0.10s,P6,0.3831644926704491,-0.33307981188050406,0.5076979313782504,0.22940476190476192,0.13845238095238097,0.10386652544685146,nan,nan,nan
csd,prestimTRIM_-0.50_to_-0.10s,P8,0.5038313462318709,-0.3660548999796477,0.6227697931378249,0.24273809523809523,0.13797619047619047,0.09348814748222492,nan,nan,nan
csd,prestimTRIM_-0.50_to_-0.10s,PO7,-0.3660548999796478,-0.5038313462318709,0.622769793137825,0.2044047619047619,0.14297619047619048,0.10896681362838621,nan,nan,nan
csd,prestimTRIM_-0.50_to_-0.10s,PO5,-0.3202971422372838,-0.4408511957539812,0.5449220459139874,0.21392857142857144,0.1494047619047619,0.146853712225812,nan,nan,nan
csd,prestimTRIM_-0.50_to_-0.10s,PO3,-0.19572631237744492,-0.46110229606836256,0.500923264379275,0.21369047619047618,0.1457142857142857,0.13824239650049128,nan,nan,nan
csd,prestimTRIM_-0.50_to_-0.10s,POz,5.720010448548868e-17,-0.4670742986901498,0.4670742986901498,0.23797619047619048,0.12714285714285714,0.13352579959401326,nan,nan,nan
csd,prestimTRIM_-0.50_to_-0.10s,PO4,0.19572631237744492,-0.46110229606836256,0.500923264379275,0.21119047619047618,0.14273809523809525,0.06090788555433723,nan,nan,nan
csd,prestimTRIM_-0.50_to_-0.10s,PO6,0.3202971422372838,-0.4408511957539812,0.5449220459139874,0.21071428571428572,0.14166666666666666,0.0411916578335158,nan,nan,nan
csd,prestimTRIM_-0.50_to_-0.10s,PO8,0.3660548999796478,-0.5038313462318709,0.622769793137825,0.22297619047619047,0.14642857142857144,0.06515866941207615,nan,nan,nan
csd,prestimTRIM_-0.50_to_-0.10s,CB1,-0.6222539674441618,-0.6222539674441617,0.88,0.20607142857142857,0.12047619047619047,0.034195432566691455,nan,nan,nan
csd,prestimTRIM_-0.50_to_-0.10s,O1,-0.19244644966295849,-0.5922892699155132,0.622769793137825,0.21976190476190477,0.13297619047619047,0.21855438623792292,nan,nan,nan
csd,prestimTRIM_-0.50_to_-0.10s,Oz,7.626730337718967e-17,-0.622769793137825,0.622769793137825,0.24297619047619048,0.1294047619047619,0.22533168314105417,nan,nan,nan
csd,prestimTRIM_-0.50_to_-0.10s,O2,0.19244644966295849,-0.5922892699155132,0.622769793137825,0.22464285714285714,0.13773809523809524,0.12231243904651494,nan,nan,nan
csd,prestimTRIM_-0.50_to_-0.10s,CB2,0.6222539674441618,-0.6222539674441617,0.88,0.20607142857142857,0.14607142857142857,0.10765577222362932,nan,nan,nan
csd,stim_0.14_to_0.64s,FP1,-0.1924464496629584,0.5922892699155132,0.6227697931378249,0.26880952380952383,nan,0.6583699041652289,nan,nan,nan
csd,stim_0.14_to_0.64s,FPZ,0.0,0.622769793137825,0.622769793137825,0.2910714285714286,nan,0.7292297205335874,nan,nan,nan
csd,stim_0.14_to_0.64s,FP2,0.1924464496629584,0.5922892699155132,0.6227697931378249,0.28785714285714287,nan,0.6521022875162304,nan,nan,nan
csd,stim_0.14_to_0.64s,AF3,-0.19572631237744492,0.46110229606836256,0.500923264379275,0.2319047619047619,nan,0.3399698378979384,nan,nan,nan
csd,stim_0.14_to_0.64s,AF4,0.19572631237744492,0.46110229606836256,0.500923264379275,0.22833333333333333,nan,0.2601376413004403,nan,nan,nan
csd,stim_0.14_to_0.64s,F7,-0.5038313462318709,0.36605489997964774,0.6227697931378249,0.2386904761904762,nan,0.3219105587583725,nan,nan,nan
csd,stim_0.14_to_0.64s,F5,-0.38316449267044905,0.3330798118805041,0.5076979313782504,0.24404761904761904,nan,0.25638064837503577,nan,nan,nan
csd,stim_0.14_to_0.64s,F3,-0.2555991277378157,0.31563863605626796,0.4061510343108748,0.22452380952380951,nan,0.18249832513300193,nan,nan,nan
csd,stim_0.14_to_0.64s,F1,-0.12679132837194124,0.31381954998058037,0.3384652875855003,0.21416666666666667,nan,0.11832373847945278,nan,nan,nan
csd,stim_0.14_to_0.64s,FZ,0.0,0.31139098889535044,0.31139098889535044,0.2086904761904762,nan,0.10101334559440732,nan,nan,nan
csd,stim_0.14_to_0.64s,F2,0.12679132837194124,0.31381954998058037,0.3384652875855003,0.20166666666666666,nan,0.2007024348296153,nan,nan,nan
csd,stim_0.14_to_0.64s,F4,0.2555991277378157,0.31563863605626796,0.4061510343108748,0.20916666666666667,nan,0.21476569848275034,nan,nan,nan
csd,stim_0.14_to_0.64s,F6,0.38316449267044905,0.3330798118805041,0.5076979313782504,0.22940476190476192,nan,0.12412923365005356,nan,nan,nan
csd,stim_0.14_to_0.64s,F8,0.5038313462318709,0.36605489997964774,0.6227697931378249,0.23892857142857143,nan,0.12807990783495513,nan,nan,nan
csd,stim_0.14_to_0.64s,FT7,-0.5922892699155132,0.19244644966295846,0.622769793137825,0.2430952380952381,nan,0.29656465464513077,nan,nan,nan
csd,stim_0.14_to_0.64s,FC5,-0.4486894406361628,0.17223573916038115,0.4806114480352247,0.23904761904761904,nan,0.24351234108129174,nan,nan,nan
csd,stim_0.14_to_0.64s,FC3,-0.2988471109399219,0.15889982751154078,0.33846528758550026,0.21095238095238095,nan,0.2039474904309013,nan,nan,nan
csd,stim_0.14_to_0.64s,FC1,-0.15317259329874983,0.15317259329874983,0.21661875882695025,0.2057142857142857,nan,0.2630307955823408,nan,nan,nan
csd,stim_0.14_to_0.64s,FCz,0.0,0.15569549444767522,0.15569549444767522,0.1988095238095238,nan,0.25320157740274457,nan,nan,nan
csd,stim_0.14_to_0.64s,FC2,0.15317259329874983,0.15317259329874983,0.21661875882695025,0.2025,nan,0.204868660462965,nan,nan,nan
csd,stim_0.14_to_0.64s,FC4,0.2988471109399219,0.15889982751154078,0.33846528758550026,0.20714285714285716,nan,0.4110423251635676,nan,nan,nan
csd,stim_0.14_to_0.64s,FC6,0.4486894406361628,0.17223573916038115,0.4806114480352247,0.22892857142857143,nan,0.23768986265969577,nan,nan,nan
csd,stim_0.14_to_0.64s,FT8,0.5922892699155132,0.19244644966295846,0.622769793137825,0.24642857142857144,nan,0.23350252515012587,nan,nan,nan
csd,stim_0.14_to_0.64s,T7,-0.622769793137825,3.8133651688594835e-17,0.622769793137825,0.20976190476190476,nan,0.290995151570412,nan,nan,nan
csd,stim_0.14_to_0.64s,C5,-0.4670742986901498,2.860005224274434e-17,0.4670742986901498,0.22238095238095237,nan,0.3818866424494135,nan,nan,nan
csd,stim_0.14_to_0.64s,C3,-0.31139098889535044,1.9067198891700998e-17,0.31139098889535044,0.2288095238095238,nan,0.19587369763457604,nan,nan,nan
csd,stim_0.14_to_0.64s,C1,-0.15569549444767522,9.533599445850499e-18,0.15569549444767522,0.21333333333333335,nan,0.337151339956855,nan,nan,nan
csd,stim_0.14_to_0.64s,Cz,0.0,0.0,0.0,0.20857142857142857,nan,0.4081333964511827,nan,nan,nan
csd,stim_0.14_to_0.64s,C2,0.15569549444767522,9.533599445850499e-18,0.15569549444767522,0.21571428571428572,nan,0.363702959589011,nan,nan,nan
csd,stim_0.14_to_0.64s,C4,0.31139098889535044,1.9067198891700998e-17,0.31139098889535044,0.2292857142857143,nan,0.4827446745745288,nan,nan,nan
csd,stim_0.14_to_0.64s,C6,0.4670742986901498,2.860005224274434e-17,0.4670742986901498,0.2155952380952381,nan,0.4979151722244683,nan,nan,nan
csd,stim_0.14_to_0.64s,T8,0.622769793137825,3.8133651688594835e-17,0.622769793137825,0.2175,nan,0.2935681300880138,nan,nan,nan
csd,stim_0.14_to_0.64s,M1,0.8664628506549251,5.305554783173226e-17,0.8664628506549251,0.2586904761904762,nan,0.5111518816772682,nan,nan,nan
csd,stim_0.14_to_0.64s,TP7,-0.5922892699155132,-0.19244644966295837,0.6227697931378249,0.21035714285714285,nan,0.1472426203015279,nan,nan,nan
csd,stim_0.14_to_0.64s,CP5,-0.4486894406361628,-0.17223573916038112,0.4806114480352247,0.22916666666666666,nan,0.3538811402926479,nan,nan,nan
csd,stim_0.14_to_0.64s,CP3,-0.2988471109399219,-0.15889982751154083,0.33846528758550026,0.2301190476190476,nan,0.29795243603217475,nan,nan,nan
csd,stim_0.14_to_0.64s,CP1,-0.15317259329874983,-0.1531725932987498,0.21661875882695023,0.2195238095238095,nan,0.35505906871687387,nan,nan,nan
csd,stim_0.14_to_0.64s,CPZ,1.9067198891700998e-17,-0.15569549444767522,0.15569549444767522,0.21904761904761905,nan,0.4269022478547025,nan,nan,nan
csd,stim_0.14_to_0.64s,CP2,0.15317259329874983,-0.1531725932987498,0.21661875882695023,0.21761904761904763,nan,0.42326106981523715,nan,nan,nan
csd,stim_0.14_to_0.64s,CP4,0.2988471109399219,-0.15889982751154083,0.33846528758550026,0.2225,nan,0.43557111016523165,nan,nan,nan
csd,stim_0.14_to_0.64s,CP6,0.4486894406361628,-0.17223573916038112,0.4806114480352247,0.22595238095238096,nan,0.4549573584414024,nan,nan,nan
csd,stim_0.14_to_0.64s,TP8,0.5922892699155132,-0.19244644966295837,0.6227697931378249,0.21273809523809523,nan,0.2515659587855833,nan,nan,nan
csd,stim_0.14_to_0.64s,M2,-0.8664628506549251,5.305554783173226e-17,0.8664628506549251,0.25666666666666665,nan,0.4206868877557726,nan,nan,nan
csd,stim_0.14_to_0.64s,P7,-0.5038313462318709,-0.3660548999796477,0.6227697931378249,0.21285714285714286,nan,0.056406819119021095,nan,nan,nan
csd,stim_0.14_to_0.64s,P5,-0.3831644926704491,-0.33307981188050406,0.5076979313782504,0.22214285714285714,nan,0.305128666327659,nan,nan,nan
csd,stim_0.14_to_0.64s,P3,-0.2555991277378157,-0.31563863605626796,0.4061510343108748,0.22083333333333333,nan,0.39277279069088034,nan,nan,nan
csd,stim_0.14_to_0.64s,P1,-0.12679132837194132,-0.3138195499805803,0.33846528758550026,0.22321428571428573,nan,0.3368592526024989,nan,nan,nan
csd,stim_0.14_to_0.64s,PZ,3.8134397783401996e-17,-0.31139098889535044,0.31139098889535044,0.22178571428571428,nan,0.3050841906457379,nan,nan,nan
csd,stim_0.14_to_0.64s,P2,0.12679132837194132,-0.3138195499805803,0.33846528758550026,0.22488095238095238,nan,0.26040890589405724,nan,nan,nan
csd,stim_0.14_to_0.64s,P4,0.2555991277378157,-0.31563863605626796,0.4061510343108748,0.21892857142857142,nan,0.20169497963649782,nan,nan,nan
csd,stim_0.14_to_0.64s,P6,0.3831644926704491,-0.33307981188050406,0.5076979313782504,0.22142857142857142,nan,0.1407497922997152,nan,nan,nan
csd,stim_0.14_to_0.64s,P8,0.5038313462318709,-0.3660548999796477,0.6227697931378249,0.21857142857142858,nan,0.12910445643838744,nan,nan,nan
csd,stim_0.14_to_0.64s,PO7,-0.3660548999796478,-0.5038313462318709,0.622769793137825,0.21821428571428572,nan,0.26936400518119813,nan,nan,nan
csd,stim_0.14_to_0.64s,PO5,-0.3202971422372838,-0.4408511957539812,0.5449220459139874,0.22047619047619046,nan,0.3856449394112418,nan,nan,nan
csd,stim_0.14_to_0.64s,PO3,-0.19572631237744492,-0.46110229606836256,0.500923264379275,0.22321428571428573,nan,0.3642817018465148,nan,nan,nan
csd,stim_0.14_to_0.64s,POz,5.720010448548868e-17,-0.4670742986901498,0.4670742986901498,0.24511904761904763,nan,0.44422989955149955,nan,nan,nan
csd,stim_0.14_to_0.64s,PO4,0.19572631237744492,-0.46110229606836256,0.500923264379275,0.23583333333333334,nan,0.79417019241141,nan,nan,nan
csd,stim_0.14_to_0.64s,PO6,0.3202971422372838,-0.4408511957539812,0.5449220459139874,0.22714285714285715,nan,0.5097040072453591,nan,nan,nan
csd,stim_0.14_to_0.64s,PO8,0.3660548999796478,-0.5038313462318709,0.622769793137825,0.22488095238095238,nan,0.2797355040599141,nan,nan,nan
csd,stim_0.14_to_0.64s,CB1,-0.6222539674441618,-0.6222539674441617,0.88,0.20107142857142857,nan,0.2808603398569884,nan,nan,nan
csd,stim_0.14_to_0.64s,O1,-0.19244644966295849,-0.5922892699155132,0.622769793137825,0.22178571428571428,nan,0.633000838320822,nan,nan,nan
csd,stim_0.14_to_0.64s,Oz,7.626730337718967e-17,-0.622769793137825,0.622769793137825,0.23297619047619048,nan,1.0,nan,nan,nan
csd,stim_0.14_to_0.64s,O2,0.19244644966295849,-0.5922892699155132,0.622769793137825,0.22726190476190475,nan,0.8518156663723392,nan,nan,nan
csd,stim_0.14_to_0.64s,CB2,0.6222539674441618,-0.6222539674441617,0.88,0.20511904761904762,nan,0.1676438887516843,nan,nan,nan
csd,late_1.14_to_2.64s,FP1,-0.1924464496629584,0.5922892699155132,0.6227697931378249,0.25821428571428573,nan,0.7290933428517871,nan,nan,nan
csd,late_1.14_to_2.64s,FPZ,0.0,0.622769793137825,0.622769793137825,0.2816666666666667,nan,1.0,nan,nan,nan
csd,late_1.14_to_2.64s,FP2,0.1924464496629584,0.5922892699155132,0.6227697931378249,0.2586904761904762,nan,0.7956341637529977,nan,nan,nan
csd,late_1.14_to_2.64s,AF3,-0.19572631237744492,0.46110229606836256,0.500923264379275,0.21142857142857144,nan,0.3487463387401227,nan,nan,nan
csd,late_1.14_to_2.64s,AF4,0.19572631237744492,0.46110229606836256,0.500923264379275,0.2082142857142857,nan,0.3240884455258638,nan,nan,nan
csd,late_1.14_to_2.64s,F7,-0.5038313462318709,0.36605489997964774,0.6227697931378249,0.20511904761904762,nan,0.38372633047896837,nan,nan,nan
csd,late_1.14_to_2.64s,F5,-0.38316449267044905,0.3330798118805041,0.5076979313782504,0.2030952380952381,nan,0.3148680722698421,nan,nan,nan
csd,late_1.14_to_2.64s,F3,-0.2555991277378157,0.31563863605626796,0.4061510343108748,0.19904761904761906,nan,0.2823708315961506,nan,nan,nan
csd,late_1.14_to_2.64s,F1,-0.12679132837194124,0.31381954998058037,0.3384652875855003,0.19607142857142856,nan,0.25109408012112044,nan,nan,nan
csd,late_1.14_to_2.64s,FZ,0.0,0.31139098889535044,0.31139098889535044,0.19476190476190477,nan,0.1907517038749271,nan,nan,nan
csd,late_1.14_to_2.64s,F2,0.12679132837194124,0.31381954998058037,0.3384652875855003,0.19726190476190475,nan,0.24323280170119022,nan,nan,nan
csd,late_1.14_to_2.64s,F4,0.2555991277378157,0.31563863605626796,0.4061510343108748,0.1920238095238095,nan,0.3105250808256845,nan,nan,nan
csd,late_1.14_to_2.64s,F6,0.38316449267044905,0.3330798118805041,0.5076979313782504,0.21166666666666667,nan,0.37662760509195864,nan,nan,nan
csd,late_1.14_to_2.64s,F8,0.5038313462318709,0.36605489997964774,0.6227697931378249,0.22178571428571428,nan,0.46140682527805094,nan,nan,nan
csd,late_1.14_to_2.64s,FT7,-0.5922892699155132,0.19244644966295846,0.622769793137825,0.21476190476190476,nan,0.3585334952751136,nan,nan,nan
csd,late_1.14_to_2.64s,FC5,-0.4486894406361628,0.17223573916038115,0.4806114480352247,0.2030952380952381,nan,0.2870583757534201,nan,nan,nan
csd,late_1.14_to_2.64s,FC3,-0.2988471109399219,0.15889982751154078,0.33846528758550026,0.19285714285714287,nan,0.12931687310497159,nan,nan,nan
csd,late_1.14_to_2.64s,FC1,-0.15317259329874983,0.15317259329874983,0.21661875882695025,0.19785714285714287,nan,0.20761522194137927,nan,nan,nan
csd,late_1.14_to_2.64s,FCz,0.0,0.15569549444767522,0.15569549444767522,0.19702380952380952,nan,0.23932875671181644,nan,nan,nan
csd,late_1.14_to_2.64s,FC2,0.15317259329874983,0.15317259329874983,0.21661875882695025,0.19154761904761905,nan,0.25899608857459805,nan,nan,nan
csd,late_1.14_to_2.64s,FC4,0.2988471109399219,0.15889982751154078,0.33846528758550026,0.2013095238095238,nan,0.2500739913285775,nan,nan,nan
csd,late_1.14_to_2.64s,FC6,0.4486894406361628,0.17223573916038115,0.4806114480352247,0.2061904761904762,nan,0.34324333460713896,nan,nan,nan
csd,late_1.14_to_2.64s,FT8,0.5922892699155132,0.19244644966295846,0.622769793137825,0.22452380952380951,nan,0.4590346445009031,nan,nan,nan
csd,late_1.14_to_2.64s,T7,-0.622769793137825,3.8133651688594835e-17,0.622769793137825,0.19964285714285715,nan,0.263189177673399,nan,nan,nan
csd,late_1.14_to_2.64s,C5,-0.4670742986901498,2.860005224274434e-17,0.4670742986901498,0.2007142857142857,nan,0.24268032524130795,nan,nan,nan
csd,late_1.14_to_2.64s,C3,-0.31139098889535044,1.9067198891700998e-17,0.31139098889535044,0.2,nan,0.2534365271087661,nan,nan,nan
csd,late_1.14_to_2.64s,C1,-0.15569549444767522,9.533599445850499e-18,0.15569549444767522,0.19666666666666666,nan,0.25804690187675744,nan,nan,nan
csd,late_1.14_to_2.64s,Cz,0.0,0.0,0.0,0.2005952380952381,nan,0.24287869917091212,nan,nan,nan
csd,late_1.14_to_2.64s,C2,0.15569549444767522,9.533599445850499e-18,0.15569549444767522,0.1976190476190476,nan,0.2706764009035159,nan,nan,nan
csd,late_1.14_to_2.64s,C4,0.31139098889535044,1.9067198891700998e-17,0.31139098889535044,0.20416666666666666,nan,0.19885513478098446,nan,nan,nan
csd,late_1.14_to_2.64s,C6,0.4670742986901498,2.860005224274434e-17,0.4670742986901498,0.19785714285714287,nan,0.16433878223814263,nan,nan,nan
csd,late_1.14_to_2.64s,T8,0.622769793137825,3.8133651688594835e-17,0.622769793137825,0.20261904761904762,nan,0.250313982307418,nan,nan,nan
csd,late_1.14_to_2.64s,M1,0.8664628506549251,5.305554783173226e-17,0.8664628506549251,0.22595238095238096,nan,0.353388445452537,nan,nan,nan
csd,late_1.14_to_2.64s,TP7,-0.5922892699155132,-0.19244644966295837,0.6227697931378249,0.19583333333333333,nan,0.24373622502549316,nan,nan,nan
csd,late_1.14_to_2.64s,CP5,-0.4486894406361628,-0.17223573916038112,0.4806114480352247,0.20785714285714285,nan,0.2595920670382272,nan,nan,nan
csd,late_1.14_to_2.64s,CP3,-0.2988471109399219,-0.15889982751154083,0.33846528758550026,0.20702380952380953,nan,0.24725910950752594,nan,nan,nan
csd,late_1.14_to_2.64s,CP1,-0.15317259329874983,-0.1531725932987498,0.21661875882695023,0.21785714285714286,nan,0.2754137537368234,nan,nan,nan
csd,late_1.14_to_2.64s,CPZ,1.9067198891700998e-17,-0.15569549444767522,0.15569549444767522,0.21011904761904762,nan,0.26970258829463567,nan,nan,nan
csd,late_1.14_to_2.64s,CP2,0.15317259329874983,-0.1531725932987498,0.21661875882695023,0.21083333333333334,nan,0.2685250533952419,nan,nan,nan
csd,late_1.14_to_2.64s,CP4,0.2988471109399219,-0.15889982751154083,0.33846528758550026,0.2025,nan,0.23647282004579528,nan,nan,nan
csd,late_1.14_to_2.64s,CP6,0.4486894406361628,-0.17223573916038112,0.4806114480352247,0.20892857142857144,nan,0.2375066989153756,nan,nan,nan
csd,late_1.14_to_2.64s,TP8,0.5922892699155132,-0.19244644966295837,0.6227697931378249,0.20464285714285715,nan,0.2761646833114962,nan,nan,nan
csd,late_1.14_to_2.64s,M2,-0.8664628506549251,5.305554783173226e-17,0.8664628506549251,0.2292857142857143,nan,0.28774799519685845,nan,nan,nan
csd,late_1.14_to_2.64s,P7,-0.5038313462318709,-0.3660548999796477,0.6227697931378249,0.2017857142857143,nan,0.26761833436355875,nan,nan,nan
csd,late_1.14_to_2.64s,P5,-0.3831644926704491,-0.33307981188050406,0.5076979313782504,0.2038095238095238,nan,0.29744686086901007,nan,nan,nan
csd,late_1.14_to_2.64s,P3,-0.2555991277378157,-0.31563863605626796,0.4061510343108748,0.20345238095238094,nan,0.269693006850822,nan,nan,nan
csd,late_1.14_to_2.64s,P1,-0.12679132837194132,-0.3138195499805803,0.33846528758550026,0.21595238095238095,nan,0.3060056108955985,nan,nan,nan
csd,late_1.14_to_2.64s,PZ,3.8134397783401996e-17,-0.31139098889535044,0.31139098889535044,0.21273809523809523,nan,0.3043736285740952,nan,nan,nan
csd,late_1.14_to_2.64s,P2,0.12679132837194132,-0.3138195499805803,0.33846528758550026,0.21011904761904762,nan,0.29195946625000374,nan,nan,nan
csd,late_1.14_to_2.64s,P4,0.2555991277378157,-0.31563863605626796,0.4061510343108748,0.1980952380952381,nan,0.2604691505563618,nan,nan,nan
csd,late_1.14_to_2.64s,P6,0.3831644926704491,-0.33307981188050406,0.5076979313782504,0.20023809523809524,nan,0.25300994610491345,nan,nan,nan
csd,late_1.14_to_2.64s,P8,0.5038313462318709,-0.3660548999796477,0.6227697931378249,0.19952380952380952,nan,0.25236365485764156,nan,nan,nan
csd,late_1.14_to_2.64s,PO7,-0.3660548999796478,-0.5038313462318709,0.622769793137825,0.19892857142857143,nan,0.1909956571983199,nan,nan,nan
csd,late_1.14_to_2.64s,PO5,-0.3202971422372838,-0.4408511957539812,0.5449220459139874,0.20583333333333334,nan,0.1487480432141111,nan,nan,nan
csd,late_1.14_to_2.64s,PO3,-0.19572631237744492,-0.46110229606836256,0.500923264379275,0.20952380952380953,nan,0.18276780844402327,nan,nan,nan
csd,late_1.14_to_2.64s,POz,5.720010448548868e-17,-0.4670742986901498,0.4670742986901498,0.20047619047619047,nan,0.22689827415841163,nan,nan,nan
csd,late_1.14_to_2.64s,PO4,0.19572631237744492,-0.46110229606836256,0.500923264379275,0.2030952380952381,nan,0.11367532641864823,nan,nan,nan
csd,late_1.14_to_2.64s,PO6,0.3202971422372838,-0.4408511957539812,0.5449220459139874,0.19345238095238096,nan,0.15173712383485968,nan,nan,nan
csd,late_1.14_to_2.64s,PO8,0.3660548999796478,-0.5038313462318709,0.622769793137825,0.195,nan,0.1911188145408346,nan,nan,nan
csd,late_1.14_to_2.64s,CB1,-0.6222539674441618,-0.6222539674441617,0.88,0.20023809523809524,nan,0.12772900417272962,nan,nan,nan
csd,late_1.14_to_2.64s,O1,-0.19244644966295849,-0.5922892699155132,0.622769793137825,0.21761904761904763,nan,0.377267877704375,nan,nan,nan
csd,late_1.14_to_2.64s,Oz,7.626730337718967e-17,-0.622769793137825,0.622769793137825,0.2092857142857143,nan,0.4547397661088164,nan,nan,nan
csd,late_1.14_to_2.64s,O2,0.19244644966295849,-0.5922892699155132,0.622769793137825,0.2032142857142857,nan,0.30357148114968036,nan,nan,nan
csd,late_1.14_to_2.64s,CB2,0.6222539674441618,-0.6222539674441617,0.88,0.1936904761904762,nan,0.24086369172871452,nan,nan,nan
